ISO-10303-21;
HEADER;
FILE_DESCRIPTION (( 'STEP AP214' ),
    '1' );
FILE_NAME ('ICM-40609-D.STEP',
    '2026-06-04T16:54:19',
    ( '' ),
    ( '' ),
    'SwSTEP 2.0',
    'SolidWorks 2021',
    '' );
FILE_SCHEMA (( 'AUTOMOTIVE_DESIGN' ));
ENDSEC;

DATA;
#1 = DIRECTION ( 'NONE',  ( 0.000000000000000000, 1.000000000000000000, 0.000000000000000000 ) ) ;
#2 = VECTOR ( 'NONE', #1166, 1000.000000000000000 ) ;
#3 = VERTEX_POINT ( 'NONE', #7538 ) ;
#4 = LINE ( 'NONE', #4210, #5551 ) ;
#5 = VECTOR ( 'NONE', #7522, 1000.000000000000000 ) ;
#6 = DIRECTION ( 'NONE',  ( 0.000000000000000000, 0.000000000000000000, 1.000000000000000000 ) ) ;
#7 = ORIENTED_EDGE ( 'NONE', *, *, #4095, .T. ) ;
#8 = LINE ( 'NONE', #8026, #3960 ) ;
#9 = UNCERTAINTY_MEASURE_WITH_UNIT (LENGTH_MEASURE( 1.000000000000000082E-05 ), #4036, 'distance_accuracy_value', 'NONE');
#10 = CARTESIAN_POINT ( 'NONE',  ( -0.09999999999999484301, 0.000000000000000000, 1.130000000000013216 ) ) ;
#11 = VECTOR ( 'NONE', #4972, 1000.000000000000000 ) ;
#12 = ORIENTED_EDGE ( 'NONE', *, *, #7678, .T. ) ;
#13 =( NAMED_UNIT ( * ) PLANE_ANGLE_UNIT ( ) SI_UNIT ( $, .RADIAN. ) );
#14 = FACE_OUTER_BOUND ( 'NONE', #6841, .T. ) ;
#15 = DIRECTION ( 'NONE',  ( 0.000000000000000000, 0.000000000000000000, 1.000000000000000000 ) ) ;
#16 = CARTESIAN_POINT ( 'NONE',  ( 1.130000000000005000, 0.07999999999999998779, 0.7000000000000100586 ) ) ;
#17 = PLANE ( 'NONE',  #4005 ) ;
#18 = DIRECTION ( 'NONE',  ( 0.000000000000000000, 0.000000000000000000, 1.000000000000000000 ) ) ;
#19 = FACE_OUTER_BOUND ( 'NONE', #4054, .T. ) ;
#20 = CARTESIAN_POINT ( 'NONE',  ( 1.100000000000004752, 0.000000000000000000, 1.230000000000022631 ) ) ;
#21 = EDGE_LOOP ( 'NONE', ( #4386, #3318, #1099, #7509 ) ) ;
#22 = EDGE_LOOP ( 'NONE', ( #8550, #6660, #7959, #4908 ) ) ;
#23 = EDGE_CURVE ( 'NONE', #9180, #214, #4709, .T. ) ;
#24 = EDGE_CURVE ( 'NONE', #5384, #1944, #4756, .T. ) ;
#25 = CARTESIAN_POINT ( 'NONE',  ( 1.500000000000010214, 0.5005948168962619516, -1.099999999999989875 ) ) ;
#26 = LINE ( 'NONE', #2866, #6706 ) ;
#27 = SURFACE_STYLE_USAGE ( .BOTH. , #6392 ) ;
#28 = DIRECTION ( 'NONE',  ( -1.000000000000000000, 0.000000000000000000, 0.000000000000000000 ) ) ;
#29 = FILL_AREA_STYLE ('',( #2869 ) ) ;
#30 = ORIENTED_EDGE ( 'NONE', *, *, #4572, .T. ) ;
#31 = VERTEX_POINT ( 'NONE', #1123 ) ;
#32 = ADVANCED_FACE ( 'NONE', ( #1265 ), #8881, .F. ) ;
#33 = FACE_OUTER_BOUND ( 'NONE', #2710, .T. ) ;
#34 = PLANE ( 'NONE',  #4749 ) ;
#35 = ORIENTED_EDGE ( 'NONE', *, *, #8926, .T. ) ;
#36 = EDGE_CURVE ( 'NONE', #3379, #1371, #8378, .T. ) ;
#37 = PRESENTATION_STYLE_ASSIGNMENT (( #86 ) ) ;
#38 = SURFACE_SIDE_STYLE ('',( #4158 ) ) ;
#39 = VERTEX_POINT ( 'NONE', #417 ) ;
#40 = EDGE_LOOP ( 'NONE', ( #654, #3975, #5506, #1081 ) ) ;
#41 = CARTESIAN_POINT ( 'NONE',  ( -1.130000000000005445, 0.5005948168962619516, 0.7000000000000100586 ) ) ;
#42 = ORIENTED_EDGE ( 'NONE', *, *, #1408, .T. ) ;
#43 = EDGE_LOOP ( 'NONE', ( #1729, #3985, #3215, #4879 ) ) ;
#44 = LINE ( 'NONE', #2409, #5808 ) ;
#45 = EDGE_CURVE ( 'NONE', #7470, #4689, #4055, .T. ) ;
#46 = EDGE_CURVE ( 'NONE', #583, #4807, #3169, .T. ) ;
#47 = EDGE_CURVE ( 'NONE', #2739, #9184, #6937, .T. ) ;
#48 = FACE_OUTER_BOUND ( 'NONE', #22, .T. ) ;
#49 = ORIENTED_EDGE ( 'NONE', *, *, #4331, .F. ) ;
#50 = CARTESIAN_POINT ( 'NONE',  ( -0.6999999999999946265, 0.07999999999999998779, -1.500000000000011768 ) ) ;
#51 = CARTESIAN_POINT ( 'NONE',  ( 1.500000000000000222, 0.9699999999999999734, 1.499999999999999778 ) ) ;
#52 = CARTESIAN_POINT ( 'NONE',  ( -1.130000000000005445, 0.5005948168962619516, 0.5000000000000099920 ) ) ;
#53 = ORIENTED_EDGE ( 'NONE', *, *, #4424, .T. ) ;
#54 = CARTESIAN_POINT ( 'NONE',  ( 1.230000000000011973, 0.000000000000000000, -1.099999999999989875 ) ) ;
#55 = CARTESIAN_POINT ( 'NONE',  ( -0.2999999999999950484, 0.000000000000000000, 1.130000000000013216 ) ) ;
#56 = VERTEX_POINT ( 'NONE', #7339 ) ;
#57 = CARTESIAN_POINT ( 'NONE',  ( -1.130000000000008997, -0.3605551275463988459, 0.6999999999999899636 ) ) ;
#58 = CARTESIAN_POINT ( 'NONE',  ( 0.9000000000000052403, 0.000000000000000000, -1.500000000000000444 ) ) ;
#59 = PRESENTATION_LAYER_ASSIGNMENT (  '', '', ( #7993 ) ) ;
#60 = CARTESIAN_POINT ( 'NONE',  ( -1.130000000000001226, 0.000000000000000000, -0.6999999999999899636 ) ) ;
#61 = UNCERTAINTY_MEASURE_WITH_UNIT (LENGTH_MEASURE( 1.000000000000000082E-05 ), #9033, 'distance_accuracy_value', 'NONE');
#62 =( NAMED_UNIT ( * ) SI_UNIT ( $, .STERADIAN. ) SOLID_ANGLE_UNIT ( ) );
#63 = LINE ( 'NONE', #4974, #893 ) ;
#64 = LINE ( 'NONE', #3097, #6873 ) ;
#65 = AXIS2_PLACEMENT_3D ( 'NONE', #7003, #3909, #6286 ) ;
#66 = ORIENTED_EDGE ( 'NONE', *, *, #7510, .T. ) ;
#67 = COLOUR_RGB ( '',1.000000000000000000, 0.8117647058823529438, 0.5019607843137254832 ) ;
#68 = DIRECTION ( 'NONE',  ( 0.000000000000000000, -1.000000000000000000, 0.000000000000000000 ) ) ;
#69 = ORIENTED_EDGE ( 'NONE', *, *, #7205, .F. ) ;
#70 = ORIENTED_EDGE ( 'NONE', *, *, #8692, .T. ) ;
#71 = LINE ( 'NONE', #6220, #8248 ) ;
#72 =( GEOMETRIC_REPRESENTATION_CONTEXT ( 3 ) GLOBAL_UNCERTAINTY_ASSIGNED_CONTEXT ( ( #8593 ) ) GLOBAL_UNIT_ASSIGNED_CONTEXT ( ( #7389, #4604, #3943 ) ) REPRESENTATION_CONTEXT ( 'NONE', 'WORKASPACE' ) );
#73 = FILL_AREA_STYLE_COLOUR ( '', #3389 ) ;
#74 = LINE ( 'NONE', #3674, #4936 ) ;
#75 = CARTESIAN_POINT ( 'NONE',  ( 1.430000000000000160, -0.3605551275463988459, 0.8999999999999896971 ) ) ;
#76 = PRESENTATION_STYLE_ASSIGNMENT (( #7906 ) ) ;
#77 = VERTEX_POINT ( 'NONE', #6636 ) ;
#78 = UNCERTAINTY_MEASURE_WITH_UNIT (LENGTH_MEASURE( 1.000000000000000082E-05 ), #7166, 'distance_accuracy_value', 'NONE');
#79 = EDGE_LOOP ( 'NONE', ( #4088, #8038, #6184, #2593 ) ) ;
#80 = FACE_OUTER_BOUND ( 'NONE', #7947, .T. ) ;
#81 = COLOUR_RGB ( '',1.000000000000000000, 0.8117647058823529438, 0.5019607843137254832 ) ;
#82 =( GEOMETRIC_REPRESENTATION_CONTEXT ( 3 ) GLOBAL_UNCERTAINTY_ASSIGNED_CONTEXT ( ( #6149 ) ) GLOBAL_UNIT_ASSIGNED_CONTEXT ( ( #4811, #3414, #1353 ) ) REPRESENTATION_CONTEXT ( 'NONE', 'WORKASPACE' ) );
#83 = EDGE_CURVE ( 'NONE', #761, #3507, #262, .T. ) ;
#84 = CARTESIAN_POINT ( 'NONE',  ( -0.09999999999999473199, 0.000000000000000000, 1.430000000000000382 ) ) ;
#85 = EDGE_LOOP ( 'NONE', ( #1832, #3211, #1825, #721 ) ) ;
#86 = SURFACE_STYLE_USAGE ( .BOTH. , #4245 ) ;
#87 = PLANE ( 'NONE',  #8027 ) ;
#88 = VERTEX_POINT ( 'NONE', #3616 ) ;
#89 = ORIENTED_EDGE ( 'NONE', *, *, #6332, .F. ) ;
#90 = VECTOR ( 'NONE', #4960, 1000.000000000000000 ) ;
#91 = CARTESIAN_POINT ( 'NONE',  ( 0.3000000000000049294, 0.5005948168962619516, 1.500000000000015765 ) ) ;
#92 = ORIENTED_EDGE ( 'NONE', *, *, #926, .T. ) ;
#93 = ORIENTED_EDGE ( 'NONE', *, *, #3806, .T. ) ;
#94 = DIRECTION ( 'NONE',  ( 1.000000000000000000, 0.000000000000000000, 0.000000000000000000 ) ) ;
#95 = EDGE_CURVE ( 'NONE', #3066, #2745, #6530, .T. ) ;
#96 = CARTESIAN_POINT ( 'NONE',  ( -1.100000000000004974, 0.000000000000000000, 1.430000000000000382 ) ) ;
#97 = EDGE_LOOP ( 'NONE', ( #8304, #6208, #372, #5563 ) ) ;
#98 = FACE_OUTER_BOUND ( 'NONE', #6669, .T. ) ;
#99 = EDGE_CURVE ( 'NONE', #5478, #6140, #868, .T. ) ;
#100 = EDGE_CURVE ( 'NONE', #5342, #9076, #7981, .T. ) ;
#101 = LINE ( 'NONE', #7973, #4299 ) ;
#102 = EDGE_CURVE ( 'NONE', #5384, #6426, #5156, .T. ) ;
#103 = LINE ( 'NONE', #8854, #3287 ) ;
#104 = EDGE_CURVE ( 'NONE', #2050, #8297, #7940, .T. ) ;
#105 = DIRECTION ( 'NONE',  ( -1.000000000000000000, 0.000000000000000000, 0.000000000000000000 ) ) ;
#106 = VERTEX_POINT ( 'NONE', #7201 ) ;
#107 = ADVANCED_FACE ( 'NONE', ( #2291 ), #8721, .T. ) ;
#108 = PLANE ( 'NONE',  #7582 ) ;
#109 = DIRECTION ( 'NONE',  ( 0.000000000000000000, 1.000000000000000000, 0.000000000000000000 ) ) ;
#110 = FILL_AREA_STYLE_COLOUR ( '', #4736 ) ;
#111 = SURFACE_SIDE_STYLE ('',( #9206 ) ) ;
#112 = COLOUR_RGB ( '',1.000000000000000000, 0.8117647058823529438, 0.5019607843137254832 ) ;
#113 = FACE_OUTER_BOUND ( 'NONE', #5282, .T. ) ;
#114 = LINE ( 'NONE', #5020, #1044 ) ;
#115 = CARTESIAN_POINT ( 'NONE',  ( -0.6999999999999946265, 0.07999999999999998779, -1.130000000000012106 ) ) ;
#116 = VECTOR ( 'NONE', #3170, 1000.000000000000000 ) ;
#117 = FACE_OUTER_BOUND ( 'NONE', #6749, .T. ) ;
#118 = APPLICATION_CONTEXT ( 'automotive_design' ) ;
#119 = VERTEX_POINT ( 'NONE', #1616 ) ;
#120 = AXIS2_PLACEMENT_3D ( 'NONE', #802, #2274, #2985 ) ;
#121 = DIRECTION ( 'NONE',  ( -0.000000000000000000, -1.000000000000000000, -0.000000000000000000 ) ) ;
#122 = ORIENTED_EDGE ( 'NONE', *, *, #2259, .T. ) ;
#123 = VERTEX_POINT ( 'NONE', #8033 ) ;
#124 = ADVANCED_FACE ( 'NONE', ( #113 ), #2198, .F. ) ;
#125 = FACE_OUTER_BOUND ( 'NONE', #7553, .T. ) ;
#126 = DIRECTION ( 'NONE',  ( 0.000000000000000000, 1.000000000000000000, 0.000000000000000000 ) ) ;
#127 = DIRECTION ( 'NONE',  ( 0.000000000000000000, 0.000000000000000000, 1.000000000000000000 ) ) ;
#128 = PRESENTATION_LAYER_ASSIGNMENT (  '', '', ( #6856 ) ) ;
#129 = DIRECTION ( 'NONE',  ( -0.000000000000000000, 1.000000000000000000, -0.000000000000000000 ) ) ;
#130 = COLOUR_RGB ( '',1.000000000000000000, 0.8117647058823529438, 0.5019607843137254832 ) ;
#131 = CARTESIAN_POINT ( 'NONE',  ( -1.129999999999999893, 0.5005948168962619516, -0.8999999999999896971 ) ) ;
#132 = LINE ( 'NONE', #3628, #4622 ) ;
#133 =( NAMED_UNIT ( * ) PLANE_ANGLE_UNIT ( ) SI_UNIT ( $, .RADIAN. ) );
#134 = UNCERTAINTY_MEASURE_WITH_UNIT (LENGTH_MEASURE( 1.000000000000000082E-05 ), #8627, 'distance_accuracy_value', 'NONE');
#135 = VERTEX_POINT ( 'NONE', #7242 ) ;
#136 = VERTEX_POINT ( 'NONE', #821 ) ;
#137 = MECHANICAL_DESIGN_GEOMETRIC_PRESENTATION_REPRESENTATION (  '', ( #8955 ), #741 ) ;
#138 = DIRECTION ( 'NONE',  ( 1.000000000000000000, 0.000000000000000000, 0.000000000000000000 ) ) ;
#139 = LINE ( 'NONE', #7307, #4140 ) ;
#140 = VERTEX_POINT ( 'NONE', #5205 ) ;
#141 = VECTOR ( 'NONE', #6834, 1000.000000000000000 ) ;
#142 = MECHANICAL_DESIGN_GEOMETRIC_PRESENTATION_REPRESENTATION (  '', ( #5368 ), #5212 ) ;
#143 = FACE_OUTER_BOUND ( 'NONE', #587, .T. ) ;
#144 = CARTESIAN_POINT ( 'NONE',  ( 1.130000000000008997, 0.000000000000000000, -0.09999999999998980538 ) ) ;
#145 = ORIENTED_EDGE ( 'NONE', *, *, #24, .F. ) ;
#146 = FACE_OUTER_BOUND ( 'NONE', #5311, .T. ) ;
#147 = ORIENTED_EDGE ( 'NONE', *, *, #4051, .T. ) ;
#148 = ORIENTED_EDGE ( 'NONE', *, *, #1525, .T. ) ;
#149 = VECTOR ( 'NONE', #8776, 1000.000000000000000 ) ;
#150 = MECHANICAL_DESIGN_GEOMETRIC_PRESENTATION_REPRESENTATION (  '', ( #3283 ), #3439 ) ;
#151 = LINE ( 'NONE', #8798, #5533 ) ;
#152 = EDGE_LOOP ( 'NONE', ( #4548, #3366, #3281, #7518 ) ) ;
#153 = ADVANCED_FACE ( 'NONE', ( #2337 ), #2958, .F. ) ;
#154 = FILL_AREA_STYLE_COLOUR ( '', #8264 ) ;
#155 = CLOSED_SHELL ( 'NONE', ( #7766, #7450, #5186, #5312, #5864, #7222, #8898 ) ) ;
#156 = AXIS2_PLACEMENT_3D ( 'NONE', #4964, #5578, #3649 ) ;
#157 = CARTESIAN_POINT ( 'NONE',  ( 0.1000000000000052514, 0.000000000000000000, -1.130000000000006333 ) ) ;
#158 = EDGE_CURVE ( 'NONE', #6176, #4774, #1011, .T. ) ;
#159 = CARTESIAN_POINT ( 'NONE',  ( -0.2999999999999948264, 0.08000000000000000167, -1.130000000000003668 ) ) ;
#160 = VERTEX_POINT ( 'NONE', #3939 ) ;
#161 = DIRECTION ( 'NONE',  ( -1.000000000000000000, 0.000000000000000000, 0.000000000000000000 ) ) ;
#162 = DIRECTION ( 'NONE',  ( -0.7071067811865430208, 0.000000000000000000, -0.7071067811865520136 ) ) ;
#163 = CLOSED_SHELL ( 'NONE', ( #5860, #4504, #2191, #5467, #2265, #8857, #3069 ) ) ;
#164 = EDGE_CURVE ( 'NONE', #4996, #6123, #3848, .T. ) ;
#165 =( NAMED_UNIT ( * ) SI_UNIT ( $, .STERADIAN. ) SOLID_ANGLE_UNIT ( ) );
#166 =( GEOMETRIC_REPRESENTATION_CONTEXT ( 3 ) GLOBAL_UNCERTAINTY_ASSIGNED_CONTEXT ( ( #3541 ) ) GLOBAL_UNIT_ASSIGNED_CONTEXT ( ( #6987, #4856, #8995 ) ) REPRESENTATION_CONTEXT ( 'NONE', 'WORKASPACE' ) );
#167 = EDGE_CURVE ( 'NONE', #729, #6508, #6012, .T. ) ;
#168 = FILL_AREA_STYLE ('',( #4971 ) ) ;
#169 = DIRECTION ( 'NONE',  ( 0.000000000000000000, 1.000000000000000000, 0.000000000000000000 ) ) ;
#170 = AXIS2_PLACEMENT_3D ( 'NONE', #4563, #5216, #8095 ) ;
#171 = FILL_AREA_STYLE ('',( #1565 ) ) ;
#172 = FILL_AREA_STYLE ('',( #6585 ) ) ;
#173 = PRESENTATION_STYLE_ASSIGNMENT (( #5261 ) ) ;
#174 = EDGE_CURVE ( 'NONE', #2177, #6171, #5343, .T. ) ;
#175 = COLOUR_RGB ( '',1.000000000000000000, 0.8117647058823529438, 0.5019607843137254832 ) ;
#176 = DIRECTION ( 'NONE',  ( 0.000000000000000000, 1.000000000000000000, 0.000000000000000000 ) ) ;
#177 = CARTESIAN_POINT ( 'NONE',  ( -1.130000000000002780, 0.07999999999999998779, -0.2999999999999899414 ) ) ;
#178 = ORIENTED_EDGE ( 'NONE', *, *, #5814, .T. ) ;
#179 = VECTOR ( 'NONE', #1048, 1000.000000000000000 ) ;
#180 = LINE ( 'NONE', #3014, #5755 ) ;
#181 = DIRECTION ( 'NONE',  ( 1.000000000000000000, 0.000000000000000000, -0.000000000000000000 ) ) ;
#182 = CYLINDRICAL_SURFACE ( 'NONE', #1219, 0.1250000000000003331 ) ;
#183 = CARTESIAN_POINT ( 'NONE',  ( 1.130000000000006111, 0.5005948168962619516, 0.3000000000000100919 ) ) ;
#184 =( NAMED_UNIT ( * ) PLANE_ANGLE_UNIT ( ) SI_UNIT ( $, .RADIAN. ) );
#185 = LINE ( 'NONE', #5125, #2816 ) ;
#186 = ORIENTED_EDGE ( 'NONE', *, *, #5750, .T. ) ;
#187 = ORIENTED_EDGE ( 'NONE', *, *, #3982, .T. ) ;
#188 = ADVANCED_FACE ( 'NONE', ( #8227 ), #6729, .F. ) ;
#189 = CARTESIAN_POINT ( 'NONE',  ( 0.7000000000000052847, 0.08000000000000000167, 1.430000000000000382 ) ) ;
#190 = PLANE ( 'NONE',  #6249 ) ;
#191 = SURFACE_SIDE_STYLE ('',( #1595 ) ) ;
#192 = VERTEX_POINT ( 'NONE', #8867 ) ;
#193 = VERTEX_POINT ( 'NONE', #2437 ) ;
#194 = CARTESIAN_POINT ( 'NONE',  ( 0.000000000000000000, 0.000000000000000000, 0.000000000000000000 ) ) ;
#195 = FILL_AREA_STYLE ('',( #8888 ) ) ;
#196 = ORIENTED_EDGE ( 'NONE', *, *, #6005, .F. ) ;
#197 = ORIENTED_EDGE ( 'NONE', *, *, #2478, .T. ) ;
#198 = PLANE ( 'NONE',  #7793 ) ;
#199 = ORIENTED_EDGE ( 'NONE', *, *, #8411, .T. ) ;
#200 = LINE ( 'NONE', #3225, #179 ) ;
#201 = DIRECTION ( 'NONE',  ( 0.000000000000000000, 1.000000000000000000, 0.000000000000000000 ) ) ;
#202 = DIRECTION ( 'NONE',  ( -0.000000000000000000, -1.000000000000000000, -0.000000000000000000 ) ) ;
#203 = DIRECTION ( 'NONE',  ( 1.084202172485504040E-15, 0.000000000000000000, -1.000000000000000000 ) ) ;
#204 = DIRECTION ( 'NONE',  ( -0.000000000000000000, -1.000000000000000000, -0.000000000000000000 ) ) ;
#205 = CARTESIAN_POINT ( 'NONE',  ( 0.3000000000000053180, 0.07999999999999998779, -1.130000000000006333 ) ) ;
#206 = CARTESIAN_POINT ( 'NONE',  ( 1.130000000000008997, 0.000000000000000000, -0.4999999999999898415 ) ) ;
#207 = CARTESIAN_POINT ( 'NONE',  ( 1.130000000000010330, 0.08000000000000000167, 0.8999999999999896971 ) ) ;
#208 = CARTESIAN_POINT ( 'NONE',  ( -1.499999999999999778, 0.000000000000000000, 1.499999999999999778 ) ) ;
#209 = EDGE_CURVE ( 'NONE', #5936, #6840, #5303, .T. ) ;
#210 = CARTESIAN_POINT ( 'NONE',  ( -0.09999999999999473199, 0.08000000000000000167, -1.430000000000000382 ) ) ;
#211 =( NAMED_UNIT ( * ) SI_UNIT ( $, .STERADIAN. ) SOLID_ANGLE_UNIT ( ) );
#212 = DIRECTION ( 'NONE',  ( -0.000000000000000000, -1.000000000000000000, -0.000000000000000000 ) ) ;
#213 = ADVANCED_FACE ( 'NONE', ( #7458 ), #9023, .F. ) ;
#214 = VERTEX_POINT ( 'NONE', #3174 ) ;
#215 = SURFACE_STYLE_USAGE ( .BOTH. , #6641 ) ;
#216 = ORIENTED_EDGE ( 'NONE', *, *, #7374, .T. ) ;
#217 = ORIENTED_EDGE ( 'NONE', *, *, #2487, .T. ) ;
#218 = DIRECTION ( 'NONE',  ( 1.000000000000000000, 0.000000000000000000, 0.000000000000000000 ) ) ;
#219 = FACE_OUTER_BOUND ( 'NONE', #6239, .T. ) ;
#220 = CARTESIAN_POINT ( 'NONE',  ( -1.130000000000008997, 0.08000000000000000167, 0.1000000000000101225 ) ) ;
#221 = ADVANCED_FACE ( 'NONE', ( #3875 ), #5938, .T. ) ;
#222 = EDGE_CURVE ( 'NONE', #968, #1172, #5232, .T. ) ;
#223 = EDGE_CURVE ( 'NONE', #1381, #3871, #3829, .T. ) ;
#224 = CARTESIAN_POINT ( 'NONE',  ( -1.149999999999999689, 0.8699999999999998845, -1.275000000000000577 ) ) ;
#225 =( LENGTH_UNIT ( ) NAMED_UNIT ( * ) SI_UNIT ( .MILLI., .METRE. ) );
#226 = MECHANICAL_DESIGN_GEOMETRIC_PRESENTATION_REPRESENTATION (  '', ( #1274 ), #7701 ) ;
#227 = LINE ( 'NONE', #3062, #149 ) ;
#228 = FILL_AREA_STYLE_COLOUR ( '', #3115 ) ;
#229 = UNCERTAINTY_MEASURE_WITH_UNIT (LENGTH_MEASURE( 1.000000000000000082E-05 ), #8138, 'distance_accuracy_value', 'NONE');
#230 = EDGE_CURVE ( 'NONE', #8894, #5568, #8157, .T. ) ;
#231 = CYLINDRICAL_SURFACE ( 'NONE', #6728, 0.1250000000000003331 ) ;
#232 = ORIENTED_EDGE ( 'NONE', *, *, #2537, .T. ) ;
#233 = ORIENTED_EDGE ( 'NONE', *, *, #5009, .T. ) ;
#234 = AXIS2_PLACEMENT_3D ( 'NONE', #2599, #8927, #7493 ) ;
#235 = VECTOR ( 'NONE', #823, 1000.000000000000000 ) ;
#236 = CARTESIAN_POINT ( 'NONE',  ( -1.500000000000005329, 0.07999999999999998779, 0.5000000000000099920 ) ) ;
#237 = FACE_OUTER_BOUND ( 'NONE', #4136, .T. ) ;
#238 =( LENGTH_UNIT ( ) NAMED_UNIT ( * ) SI_UNIT ( .MILLI., .METRE. ) );
#239 = ORIENTED_EDGE ( 'NONE', *, *, #1020, .F. ) ;
#240 = EDGE_LOOP ( 'NONE', ( #3054, #533, #4743, #498 ) ) ;
#241 = VERTEX_POINT ( 'NONE', #2111 ) ;
#242 = VECTOR ( 'NONE', #8965, 1000.000000000000000 ) ;
#243 = CARTESIAN_POINT ( 'NONE',  ( 1.130000000000008997, -0.3605551275463988459, 0.6999999999999899636 ) ) ;
#244 = SURFACE_SIDE_STYLE ('',( #2326 ) ) ;
#245 = ORIENTED_EDGE ( 'NONE', *, *, #3431, .T. ) ;
#246 = LINE ( 'NONE', #3790, #6615 ) ;
#247 = STYLED_ITEM ( 'NONE', ( #6631 ), #4891 ) ;
#248 = CARTESIAN_POINT ( 'NONE',  ( 1.500000000000000222, 0.1049999999999999545, 1.499999999999999778 ) ) ;
#249 = EDGE_LOOP ( 'NONE', ( #5575, #2933, #6182, #2317 ) ) ;
#250 = ORIENTED_EDGE ( 'NONE', *, *, #416, .T. ) ;
#251 = STYLED_ITEM ( 'NONE', ( #743 ), #1032 ) ;
#252 = CARTESIAN_POINT ( 'NONE',  ( -1.149999999999999689, 0.9699999999999999734, -1.150000000000000133 ) ) ;
#253 =( GEOMETRIC_REPRESENTATION_CONTEXT ( 3 ) GLOBAL_UNCERTAINTY_ASSIGNED_CONTEXT ( ( #7659 ) ) GLOBAL_UNIT_ASSIGNED_CONTEXT ( ( #5278, #8886, #5325 ) ) REPRESENTATION_CONTEXT ( 'NONE', 'WORKASPACE' ) );
#254 = LINE ( 'NONE', #3189, #8216 ) ;
#255 = MANIFOLD_SOLID_BREP ( 'Boss-Extrude2', #3285 ) ;
#256 = CARTESIAN_POINT ( 'NONE',  ( 1.100000000000005196, 0.000000000000000000, -1.500000000000000222 ) ) ;
#257 = PRODUCT_DEFINITION_FORMATION_WITH_SPECIFIED_SOURCE ( 'ANY', '', #2522, .NOT_KNOWN. ) ;
#258 = CARTESIAN_POINT ( 'NONE',  ( 1.130000000000008997, 0.000000000000000000, -0.6999999999999899636 ) ) ;
#259 = LINE ( 'NONE', #1709, #2308 ) ;
#260 = FACE_OUTER_BOUND ( 'NONE', #9162, .T. ) ;
#261 = EDGE_CURVE ( 'NONE', #4244, #2662, #4132, .T. ) ;
#262 = LINE ( 'NONE', #210, #2533 ) ;
#263 = LINE ( 'NONE', #5821, #6961 ) ;
#264 = LINE ( 'NONE', #931, #6883 ) ;
#265 = PRESENTATION_LAYER_ASSIGNMENT (  '', '', ( #4279 ) ) ;
#266 = EDGE_LOOP ( 'NONE', ( #6101, #7135, #5633, #3494 ) ) ;
#267 = LINE ( 'NONE', #6782, #9208 ) ;
#268 = VERTEX_POINT ( 'NONE', #7806 ) ;
#269 = VERTEX_POINT ( 'NONE', #4884 ) ;
#270 = VECTOR ( 'NONE', #8416, 1000.000000000000000 ) ;
#271 = EDGE_CURVE ( 'NONE', #123, #729, #7756, .T. ) ;
#272 = PLANE ( 'NONE',  #2909 ) ;
#273 = CARTESIAN_POINT ( 'NONE',  ( 1.130000000000010330, -0.3605551275463988459, -0.9999999999999900080 ) ) ;
#274 = CARTESIAN_POINT ( 'NONE',  ( -0.06499999999999936384, 0.08000000000000000167, 0.06499999999999822586 ) ) ;
#275 = EDGE_CURVE ( 'NONE', #1930, #8825, #259, .T. ) ;
#276 = DIRECTION ( 'NONE',  ( -1.000000000000000000, 0.000000000000000000, 0.000000000000000000 ) ) ;
#277 = CARTESIAN_POINT ( 'NONE',  ( -1.500000000000002442, 0.07999999999999998779, -0.09999999999998984701 ) ) ;
#278 = LINE ( 'NONE', #4516, #7183 ) ;
#279 = VECTOR ( 'NONE', #5390, 1000.000000000000000 ) ;
#280 = LINE ( 'NONE', #4252, #4453 ) ;
#281 = ORIENTED_EDGE ( 'NONE', *, *, #2883, .F. ) ;
#282 = ORIENTED_EDGE ( 'NONE', *, *, #3867, .F. ) ;
#283 = EDGE_CURVE ( 'NONE', #8513, #4863, #8763, .T. ) ;
#284 = VECTOR ( 'NONE', #3333, 1000.000000000000000 ) ;
#285 = FACE_OUTER_BOUND ( 'NONE', #537, .T. ) ;
#287 = EDGE_CURVE ( 'NONE', #9284, #1326, #6633, .T. ) ;
#286 = AXIS2_PLACEMENT_3D ( 'NONE', #6270, #4906, #7780 ) ;
#288 = ORIENTED_EDGE ( 'NONE', *, *, #7890, .F. ) ;
#289 = DIRECTION ( 'NONE',  ( 0.000000000000000000, 0.000000000000000000, -1.000000000000000000 ) ) ;
#290 = CARTESIAN_POINT ( 'NONE',  ( -0.09999999999999473199, -0.3605551275463988459, 1.130000000000003668 ) ) ;
#291 = VERTEX_POINT ( 'NONE', #5257 ) ;
#292 = CARTESIAN_POINT ( 'NONE',  ( -1.100000000000004974, 0.000000000000000000, -1.430000000000000382 ) ) ;
#293 = VERTEX_POINT ( 'NONE', #7335 ) ;
#294 = ORIENTED_EDGE ( 'NONE', *, *, #6682, .F. ) ;
#295 = EDGE_CURVE ( 'NONE', #9263, #1936, #5203, .T. ) ;
#296 = DIRECTION ( 'NONE',  ( -1.000000000000000000, 0.000000000000000000, 1.084202172485504040E-15 ) ) ;
#297 = VECTOR ( 'NONE', #2158, 1000.000000000000000 ) ;
#298 = VERTEX_POINT ( 'NONE', #8814 ) ;
#299 = LINE ( 'NONE', #2423, #2851 ) ;
#300 = LINE ( 'NONE', #2424, #1329 ) ;
#301 = DIRECTION ( 'NONE',  ( 0.000000000000000000, 0.000000000000000000, -1.000000000000000000 ) ) ;
#302 = VERTEX_POINT ( 'NONE', #3092 ) ;
#303 = ORIENTED_EDGE ( 'NONE', *, *, #1483, .F. ) ;
#304 = PRESENTATION_LAYER_ASSIGNMENT (  '', '', ( #5366 ) ) ;
#305 = DIRECTION ( 'NONE',  ( 0.000000000000000000, -1.000000000000000000, 0.000000000000000000 ) ) ;
#306 = CARTESIAN_POINT ( 'NONE',  ( -0.7000000000000052847, 0.08000000000000000167, -1.130000000000003668 ) ) ;
#307 = SURFACE_STYLE_FILL_AREA ( #2392 ) ;
#308 = DIRECTION ( 'NONE',  ( -0.7071067811865521247, -0.000000000000000000, 0.7071067811865430208 ) ) ;
#309 = VERTEX_POINT ( 'NONE', #207 ) ;
#310 =( NAMED_UNIT ( * ) SI_UNIT ( $, .STERADIAN. ) SOLID_ANGLE_UNIT ( ) );
#311 = COLOUR_RGB ( '',1.000000000000000000, 0.8117647058823529438, 0.5019607843137254832 ) ;
#312 = SURFACE_STYLE_USAGE ( .BOTH. , #3619 ) ;
#313 = ORIENTED_EDGE ( 'NONE', *, *, #2651, .T. ) ;
#314 = MECHANICAL_DESIGN_GEOMETRIC_PRESENTATION_REPRESENTATION (  '', ( #8537 ), #3888 ) ;
#315 = FILL_AREA_STYLE ('',( #3853 ) ) ;
#316 = VERTEX_POINT ( 'NONE', #3044 ) ;
#317 = EDGE_LOOP ( 'NONE', ( #7516, #9125, #5944, #1995 ) ) ;
#318 = LINE ( 'NONE', #1070, #2707 ) ;
#319 = VECTOR ( 'NONE', #7755, 1000.000000000000000 ) ;
#320 = DIRECTION ( 'NONE',  ( -1.000000000000000000, 0.000000000000000000, 0.000000000000000000 ) ) ;
#321 = PLANE ( 'NONE',  #6385 ) ;
#322 = MANIFOLD_SOLID_BREP ( 'Mirror1[4]', #6583 ) ;
#323 = VECTOR ( 'NONE', #3992, 1000.000000000000000 ) ;
#324 = DIRECTION ( 'NONE',  ( 1.000000000000000000, 0.000000000000000000, -0.000000000000000000 ) ) ;
#325 = CARTESIAN_POINT ( 'NONE',  ( -0.09999999999999484301, 0.07999999999999998779, 1.130000000000013216 ) ) ;
#326 =( NAMED_UNIT ( * ) PLANE_ANGLE_UNIT ( ) SI_UNIT ( $, .RADIAN. ) );
#327 = CARTESIAN_POINT ( 'NONE',  ( 0.3000000000000053180, 0.07999999999999998779, -1.130000000000006333 ) ) ;
#328 = ORIENTED_EDGE ( 'NONE', *, *, #1311, .T. ) ;
#329 = EDGE_CURVE ( 'NONE', #1113, #6362, #865, .T. ) ;
#330 = ORIENTED_EDGE ( 'NONE', *, *, #3136, .T. ) ;
#331 = AXIS2_PLACEMENT_3D ( 'NONE', #8433, #1138, #2573 ) ;
#332 = ADVANCED_FACE ( 'NONE', ( #4399 ), #7936, .F. ) ;
#333 = CARTESIAN_POINT ( 'NONE',  ( 1.430000000000000160, 0.000000000000000000, -0.6999999999999899636 ) ) ;
#334 = FACE_OUTER_BOUND ( 'NONE', #7515, .T. ) ;
#335 = ORIENTED_EDGE ( 'NONE', *, *, #8738, .T. ) ;
#336 = LINE ( 'NONE', #4577, #5913 ) ;
#337 = VERTEX_POINT ( 'NONE', #8498 ) ;
#338 = EDGE_CURVE ( 'NONE', #9184, #4164, #7979, .T. ) ;
#339 = MANIFOLD_SOLID_BREP ( 'LPattern1[3]', #8240 ) ;
#340 = EDGE_LOOP ( 'NONE', ( #7047, #2577, #5643, #3358 ) ) ;
#341 = VERTEX_POINT ( 'NONE', #6429 ) ;
#342 = CARTESIAN_POINT ( 'NONE',  ( 0.9000000000000051292, -0.3605551275463988459, 1.430000000000000382 ) ) ;
#343 = LINE ( 'NONE', #8065, #2229 ) ;
#344 = SURFACE_SIDE_STYLE ('',( #4533 ) ) ;
#345 = FILL_AREA_STYLE ('',( #6805 ) ) ;
#346 = FILL_AREA_STYLE ('',( #6903 ) ) ;
#347 = ORIENTED_EDGE ( 'NONE', *, *, #2489, .F. ) ;
#348 = LINE ( 'NONE', #8171, #7409 ) ;
#349 = EDGE_CURVE ( 'NONE', #5265, #4001, #2902, .T. ) ;
#350 = EDGE_CURVE ( 'NONE', #1139, #2791, #3571, .T. ) ;
#351 = VERTEX_POINT ( 'NONE', #5891 ) ;
#352 = SURFACE_STYLE_FILL_AREA ( #1056 ) ;
#353 = EDGE_CURVE ( 'NONE', #415, #309, #5141, .T. ) ;
#354 = DIRECTION ( 'NONE',  ( -0.000000000000000000, -1.000000000000000000, -0.000000000000000000 ) ) ;
#355 = DIRECTION ( 'NONE',  ( -1.000000000000000000, 0.000000000000000000, -0.000000000000000000 ) ) ;
#356 = LINE ( 'NONE', #5204, #4789 ) ;
#357 = ORIENTED_EDGE ( 'NONE', *, *, #3306, .F. ) ;
#358 = CARTESIAN_POINT ( 'NONE',  ( -0.7249999999999998668, 0.000000000000000000, -0.8250000000000117240 ) ) ;
#359 = DIRECTION ( 'NONE',  ( -0.7071067811865536790, 0.000000000000000000, -0.7071067811865414665 ) ) ;
#360 = CARTESIAN_POINT ( 'NONE',  ( -0.7000000000000052847, -0.3605551275463988459, 1.430000000000000382 ) ) ;
#361 = ORIENTED_EDGE ( 'NONE', *, *, #8229, .T. ) ;
#362 = CARTESIAN_POINT ( 'NONE',  ( -0.5000000000000052180, -1.084202172485504434E-16, -1.430000000000000382 ) ) ;
#363 = VERTEX_POINT ( 'NONE', #8795 ) ;
#364 = VERTEX_POINT ( 'NONE', #8017 ) ;
#365 = LINE ( 'NONE', #3200, #9161 ) ;
#366 = DIRECTION ( 'NONE',  ( 1.000000000000000000, -0.000000000000000000, -0.000000000000000000 ) ) ;
#367 = DIRECTION ( 'NONE',  ( -1.000000000000000000, 0.000000000000000000, -0.000000000000000000 ) ) ;
#368 =( NAMED_UNIT ( * ) SI_UNIT ( $, .STERADIAN. ) SOLID_ANGLE_UNIT ( ) );
#369 = SURFACE_STYLE_USAGE ( .BOTH. , #470 ) ;
#370 = DIRECTION ( 'NONE',  ( 0.000000000000000000, -1.000000000000000000, 0.000000000000000000 ) ) ;
#371 = DIRECTION ( 'NONE',  ( 1.000000000000000000, 0.000000000000000000, 0.000000000000000000 ) ) ;
#372 = ORIENTED_EDGE ( 'NONE', *, *, #8405, .F. ) ;
#373 = EDGE_LOOP ( 'NONE', ( #7554, #5326, #1162, #1459 ) ) ;
#374 = DIRECTION ( 'NONE',  ( -0.000000000000000000, 1.000000000000000000, -0.000000000000000000 ) ) ;
#375 = CARTESIAN_POINT ( 'NONE',  ( 0.7000000000000050626, 0.000000000000000000, -1.500000000000000222 ) ) ;
#376 = EDGE_LOOP ( 'NONE', ( #5352, #8737, #1293, #8156 ) ) ;
#377 = LINE ( 'NONE', #1736, #3385 ) ;
#378 = EDGE_LOOP ( 'NONE', ( #70, #2967, #6695, #5899 ) ) ;
#379 = ORIENTED_EDGE ( 'NONE', *, *, #6456, .T. ) ;
#380 = ORIENTED_EDGE ( 'NONE', *, *, #3425, .F. ) ;
#381 =( NAMED_UNIT ( * ) PLANE_ANGLE_UNIT ( ) SI_UNIT ( $, .RADIAN. ) );
#382 = STYLED_ITEM ( 'NONE', ( #173 ), #3915 ) ;
#383 = EDGE_LOOP ( 'NONE', ( #6922, #6707, #1794, #1190, #1103 ) ) ;
#384 = FILL_AREA_STYLE_COLOUR ( '', #6298 ) ;
#385 = SURFACE_SIDE_STYLE ('',( #3925 ) ) ;
#386 = DIRECTION ( 'NONE',  ( -1.000000000000000000, 0.000000000000000000, -0.000000000000000000 ) ) ;
#387 = ORIENTED_EDGE ( 'NONE', *, *, #8411, .F. ) ;
#388 = AXIS2_PLACEMENT_3D ( 'NONE', #7065, #2682, #6241 ) ;
#389 = SURFACE_STYLE_FILL_AREA ( #6809 ) ;
#390 = EDGE_LOOP ( 'NONE', ( #2858, #9048, #1306, #8181 ) ) ;
#391 = CARTESIAN_POINT ( 'NONE',  ( 1.130000000000006111, 0.000000000000000000, 0.1000000000000100253 ) ) ;
#392 = MANIFOLD_SOLID_BREP ( 'Cut-Extrude3', #446 ) ;
#393 = EDGE_CURVE ( 'NONE', #8446, #8167, #995, .T. ) ;
#395 = VECTOR ( 'NONE', #7146, 1000.000000000000000 ) ;
#394 = PLANE ( 'NONE',  #4865 ) ;
#396 = EDGE_CURVE ( 'NONE', #2748, #291, #5096, .T. ) ;
#397 = LINE ( 'NONE', #6098, #5238 ) ;
#398 = VECTOR ( 'NONE', #1626, 1000.000000000000000 ) ;
#399 = AXIS2_PLACEMENT_3D ( 'NONE', #7363, #8788, #4479 ) ;
#400 = ADVANCED_FACE ( 'NONE', ( #2325 ), #8160, .F. ) ;
#401 = LINE ( 'NONE', #1851, #7209 ) ;
#402 = ORIENTED_EDGE ( 'NONE', *, *, #5745, .T. ) ;
#403 =( LENGTH_UNIT ( ) NAMED_UNIT ( * ) SI_UNIT ( .MILLI., .METRE. ) );
#404 = PLANE ( 'NONE',  #7257 ) ;
#405 = EDGE_CURVE ( 'NONE', #2309, #88, #7969, .T. ) ;
#406 = FACE_OUTER_BOUND ( 'NONE', #2418, .T. ) ;
#407 = ORIENTED_EDGE ( 'NONE', *, *, #6005, .T. ) ;
#408 = ORIENTED_EDGE ( 'NONE', *, *, #8361, .F. ) ;
#409 = LINE ( 'NONE', #3246, #2689 ) ;
#410 = CARTESIAN_POINT ( 'NONE',  ( -0.4999999999999947820, 0.5005948168962619516, 1.130000000000010330 ) ) ;
#411 = DIRECTION ( 'NONE',  ( 0.000000000000000000, 1.000000000000000000, 0.000000000000000000 ) ) ;
#412 = LINE ( 'NONE', #1479, #8510 ) ;
#413 = FILL_AREA_STYLE_COLOUR ( '', #442 ) ;
#414 = ORIENTED_EDGE ( 'NONE', *, *, #2873, .F. ) ;
#415 = VERTEX_POINT ( 'NONE', #3743 ) ;
#416 = EDGE_CURVE ( 'NONE', #291, #5374, #2934, .T. ) ;
#417 = CARTESIAN_POINT ( 'NONE',  ( -0.4999999999999947820, 0.07999999999999998779, 1.130000000000010330 ) ) ;
#418 = LINE ( 'NONE', #1829, #6363 ) ;
#419 =( NAMED_UNIT ( * ) SI_UNIT ( $, .STERADIAN. ) SOLID_ANGLE_UNIT ( ) );
#420 = ORIENTED_EDGE ( 'NONE', *, *, #3812, .T. ) ;
#421 = AXIS2_PLACEMENT_3D ( 'NONE', #4083, #3248, #2596 ) ;
#422 = ORIENTED_EDGE ( 'NONE', *, *, #2185, .T. ) ;
#423 = MANIFOLD_SOLID_BREP ( 'LPattern2[2]', #908 ) ;
#424 = ORIENTED_EDGE ( 'NONE', *, *, #8337, .F. ) ;
#425 = ORIENTED_EDGE ( 'NONE', *, *, #5184, .T. ) ;
#426 =( NAMED_UNIT ( * ) SI_UNIT ( $, .STERADIAN. ) SOLID_ANGLE_UNIT ( ) );
#427 = VECTOR ( 'NONE', #8620, 1000.000000000000000 ) ;
#428 = VECTOR ( 'NONE', #201, 1000.000000000000000 ) ;
#429 = ORIENTED_EDGE ( 'NONE', *, *, #2430, .T. ) ;
#430 = PLANE ( 'NONE',  #7032 ) ;
#431 = EDGE_LOOP ( 'NONE', ( #5715, #4518, #8468, #5947 ) ) ;
#432 = DIRECTION ( 'NONE',  ( 0.000000000000000000, 0.000000000000000000, -1.000000000000000000 ) ) ;
#433 = CARTESIAN_POINT ( 'NONE',  ( -1.130000000000010330, 0.08000000000000000167, 0.8999999999999896971 ) ) ;
#434 = ORIENTED_EDGE ( 'NONE', *, *, #2072, .T. ) ;
#435 = ORIENTED_EDGE ( 'NONE', *, *, #8336, .T. ) ;
#436 = AXIS2_PLACEMENT_3D ( 'NONE', #6013, #1900, #2438 ) ;
#437 = DIRECTION ( 'NONE',  ( -1.000000000000000000, 0.000000000000000000, 0.000000000000000000 ) ) ;
#438 = EDGE_LOOP ( 'NONE', ( #9195, #4423, #5163, #3926 ) ) ;
#439 = AXIS2_PLACEMENT_3D ( 'NONE', #3549, #8521, #2169 ) ;
#440 = VERTEX_POINT ( 'NONE', #854 ) ;
#441 = DIRECTION ( 'NONE',  ( -1.000000000000000000, 0.000000000000000000, 0.000000000000000000 ) ) ;
#442 = COLOUR_RGB ( '',1.000000000000000000, 0.8117647058823529438, 0.5019607843137254832 ) ;
#443 = EDGE_CURVE ( 'NONE', #631, #6362, #4673, .T. ) ;
#444 = MANIFOLD_SOLID_BREP ( 'Mirror2[2]', #2073 ) ;
#445 = CARTESIAN_POINT ( 'NONE',  ( 1.130000000000008997, 0.000000000000000000, 0.6999999999999899636 ) ) ;
#446 = CLOSED_SHELL ( 'NONE', ( #3643, #7833, #3294, #3861, #7200, #6269, #8029, #8565, #2937, #213, #6867, #791, #842, #1267, #2033, #3585, #6374, #2440, #8609, #5591, #7487, #1322, #6853, #4206, #1211, #1655, #9173, #188, #2099, #7321, #6168, #1214, #6688, #4670, #5017, #2094, #651, #905, #6230, #4557, #8000, #6810, #7491, #1421, #574, #2431, #1298, #1604, #6698, #1712, #3747, #6167, #1791, #5530, #3988, #4910, #4149, #648, #742, #2181, #8450, #4439, #8780, #2672, #2301, #2548, #746, #7446, #6058, #1370, #2880, #5635, #3624, #2217, #4718, #9163, #2673, #3642, #5917, #1768, #4372, #3072, #3046, #7956, #735, #5429, #5388, #7271, #1828, #4310, #7154, #5804, #3180, #8852, #2833, #4733, #7653, #2038, #8569, #1752, #8251, #4255, #7276, #6877, #2723, #4308, #6054, #1925, #4195, #2243, #5479, #7383, #3125, #8517, #5978 ) ) ;
#447 = VERTEX_POINT ( 'NONE', #2568 ) ;
#448 = EDGE_CURVE ( 'NONE', #4159, #6056, #2610, .T. ) ;
#449 = CARTESIAN_POINT ( 'NONE',  ( 1.130000000000007443, 0.5005948168962619516, -0.09999999999998984701 ) ) ;
#450 = DIRECTION ( 'NONE',  ( -1.000000000000000000, 0.000000000000000000, 0.000000000000000000 ) ) ;
#451 = ORIENTED_EDGE ( 'NONE', *, *, #3693, .F. ) ;
#452 = VECTOR ( 'NONE', #5553, 1000.000000000000000 ) ;
#453 = PRESENTATION_LAYER_ASSIGNMENT (  '', '', ( #5368 ) ) ;
#454 = FILL_AREA_STYLE ('',( #4652 ) ) ;
#455 = EDGE_CURVE ( 'NONE', #8330, #1985, #3629, .T. ) ;
#456 = ORIENTED_EDGE ( 'NONE', *, *, #8526, .F. ) ;
#457 = VECTOR ( 'NONE', #7488, 1000.000000000000000 ) ;
#459 = MECHANICAL_DESIGN_GEOMETRIC_PRESENTATION_REPRESENTATION (  '', ( #1135 ), #1651 ) ;
#458 = CARTESIAN_POINT ( 'NONE',  ( 1.430000000000000160, 0.000000000000000000, 1.099999999999989875 ) ) ;
#460 = ORIENTED_EDGE ( 'NONE', *, *, #8895, .F. ) ;
#461 = PLANE ( 'NONE',  #7360 ) ;
#462 = FACE_OUTER_BOUND ( 'NONE', #6959, .T. ) ;
#463 = CARTESIAN_POINT ( 'NONE',  ( -0.9000000000000051292, 0.08000000000000000167, -1.130000000000000338 ) ) ;
#464 = VECTOR ( 'NONE', #3223, 1000.000000000000000 ) ;
#465 = DIRECTION ( 'NONE',  ( 0.000000000000000000, 0.000000000000000000, -1.000000000000000000 ) ) ;
#466 = MANIFOLD_SOLID_BREP ( 'Mirror2[1]', #7338 ) ;
#467 = CLOSED_SHELL ( 'NONE', ( #5295, #9083, #6769, #4313, #1367, #5480 ) ) ;
#468 = EDGE_CURVE ( 'NONE', #1985, #1977, #5079, .T. ) ;
#469 = VECTOR ( 'NONE', #2425, 1000.000000000000000 ) ;
#470 = SURFACE_SIDE_STYLE ('',( #1220 ) ) ;
#471 = CARTESIAN_POINT ( 'NONE',  ( 0.5000000000000052180, 0.07999999999999998779, -1.130000000000003668 ) ) ;
#472 = EDGE_CURVE ( 'NONE', #2266, #8113, #837, .T. ) ;
#473 = CARTESIAN_POINT ( 'NONE',  ( 0.5000000000000052180, 0.08000000000000000167, 1.430000000000000382 ) ) ;
#474 = ORIENTED_EDGE ( 'NONE', *, *, #222, .F. ) ;
#475 = VERTEX_POINT ( 'NONE', #2976 ) ;
#476 = ORIENTED_EDGE ( 'NONE', *, *, #9213, .T. ) ;
#477 = AXIS2_PLACEMENT_3D ( 'NONE', #5830, #9269, #6443 ) ;
#478 = VECTOR ( 'NONE', #8647, 1000.000000000000000 ) ;
#479 = CARTESIAN_POINT ( 'NONE',  ( -1.499999999999999778, 0.000000000000000000, -1.500000000000000222 ) ) ;
#480 = SURFACE_STYLE_USAGE ( .BOTH. , #1867 ) ;
#481 = ORIENTED_EDGE ( 'NONE', *, *, #7498, .T. ) ;
#482 = DIRECTION ( 'NONE',  ( 0.000000000000000000, 0.000000000000000000, -1.000000000000000000 ) ) ;
#483 = CARTESIAN_POINT ( 'NONE',  ( -0.4999999999999946154, 0.000000000000000000, -1.130000000000012106 ) ) ;
#484 = VECTOR ( 'NONE', #3303, 1000.000000000000000 ) ;
#485 = EDGE_LOOP ( 'NONE', ( #4089, #434, #7078, #1999 ) ) ;
#486 = EDGE_LOOP ( 'NONE', ( #8697, #6993, #6018, #3622 ) ) ;
#487 = VECTOR ( 'NONE', #5627, 1000.000000000000000 ) ;
#488 =( NAMED_UNIT ( * ) PLANE_ANGLE_UNIT ( ) SI_UNIT ( $, .RADIAN. ) );
#489 = DIRECTION ( 'NONE',  ( 0.000000000000000000, 0.000000000000000000, -1.000000000000000000 ) ) ;
#490 = ORIENTED_EDGE ( 'NONE', *, *, #4488, .T. ) ;
#491 = CARTESIAN_POINT ( 'NONE',  ( 1.430000000000000160, -1.084202172485504434E-16, -0.2999999999999898859 ) ) ;
#492 = AXIS2_PLACEMENT_3D ( 'NONE', #5747, #6417, #680 ) ;
#493 = DIRECTION ( 'NONE',  ( 0.000000000000000000, 1.000000000000000000, 0.000000000000000000 ) ) ;
#494 = CARTESIAN_POINT ( 'NONE',  ( 1.130000000000006111, 0.07999999999999998779, 0.1000000000000100253 ) ) ;
#495 = ORIENTED_EDGE ( 'NONE', *, *, #1767, .F. ) ;
#496 = VERTEX_POINT ( 'NONE', #5027 ) ;
#497 = CARTESIAN_POINT ( 'NONE',  ( -1.130000000000010330, -0.3605551275463988459, -0.9999999999999900080 ) ) ;
#498 = ORIENTED_EDGE ( 'NONE', *, *, #7055, .F. ) ;
#499 = LINE ( 'NONE', #6318, #4296 ) ;
#500 = DIRECTION ( 'NONE',  ( -0.000000000000000000, 0.000000000000000000, -1.000000000000000000 ) ) ;
#501 = ORIENTED_EDGE ( 'NONE', *, *, #6049, .F. ) ;
#502 = LINE ( 'NONE', #6320, #2389 ) ;
#503 = DIRECTION ( 'NONE',  ( 1.000000000000000000, 0.000000000000000000, 0.000000000000000000 ) ) ;
#504 = ORIENTED_EDGE ( 'NONE', *, *, #4375, .T. ) ;
#505 = DIRECTION ( 'NONE',  ( 1.000000000000000000, 0.000000000000000000, 0.000000000000000000 ) ) ;
#506 = DIRECTION ( 'NONE',  ( 5.860552283705431852E-16, 0.000000000000000000, -1.000000000000000000 ) ) ;
#507 = PRESENTATION_STYLE_ASSIGNMENT (( #4788 ) ) ;
#508 = EDGE_LOOP ( 'NONE', ( #2771, #8293, #5527, #7800 ) ) ;
#509 = ADVANCED_BREP_SHAPE_REPRESENTATION ( 'ICM-40609-D', ( #255, #6481, #6566, #6581, #3468, #3377, #3423, #3506, #3457, #322, #466, #444, #3359, #6623, #6653, #6635, #6455, #3395, #6499, #516, #339, #3314, #3328, #423, #3409, #6416, #392, #3485, #5921 ), #82 ) ;
#510 = DIRECTION ( 'NONE',  ( 0.000000000000000000, 0.000000000000000000, 1.000000000000000000 ) ) ;
#511 = EDGE_LOOP ( 'NONE', ( #1111, #3405, #3546, #572 ) ) ;
#512 = DIRECTION ( 'NONE',  ( 0.000000000000000000, 0.000000000000000000, 1.000000000000000000 ) ) ;
#513 = LINE ( 'NONE', #6199, #1366 ) ;
#514 = FACE_OUTER_BOUND ( 'NONE', #1192, .T. ) ;
#515 = CARTESIAN_POINT ( 'NONE',  ( -1.100000000000004974, 0.08000000000000000167, -1.430000000000000382 ) ) ;
#516 = MANIFOLD_SOLID_BREP ( 'LPattern1[2]', #4473 ) ;
#517 = CARTESIAN_POINT ( 'NONE',  ( -1.499999999999999778, 0.000000000000000000, -1.500000000000000222 ) ) ;
#518 = LINE ( 'NONE', #2502, #6563 ) ;
#519 = VERTEX_POINT ( 'NONE', #4943 ) ;
#520 = EDGE_CURVE ( 'NONE', #4382, #4148, #4985, .T. ) ;
#521 = ADVANCED_FACE ( 'NONE', ( #4147 ), #5513, .F. ) ;
#522 = CARTESIAN_POINT ( 'NONE',  ( -1.430000000000000160, 0.08000000000000000167, -1.099999999999989875 ) ) ;
#523 = ORIENTED_EDGE ( 'NONE', *, *, #8621, .T. ) ;
#524 = EDGE_CURVE ( 'NONE', #5531, #7021, #4193, .T. ) ;
#525 = EDGE_CURVE ( 'NONE', #4808, #56, #3499, .T. ) ;
#526 = EDGE_CURVE ( 'NONE', #2761, #193, #7634, .T. ) ;
#527 = DIRECTION ( 'NONE',  ( -1.000000000000000000, 0.000000000000000000, 0.000000000000000000 ) ) ;
#528 = DIRECTION ( 'NONE',  ( 0.000000000000000000, 0.000000000000000000, -1.000000000000000000 ) ) ;
#529 = EDGE_CURVE ( 'NONE', #5307, #192, #685, .T. ) ;
#530 = FACE_OUTER_BOUND ( 'NONE', #7495, .T. ) ;
#531 =( NAMED_UNIT ( * ) PLANE_ANGLE_UNIT ( ) SI_UNIT ( $, .RADIAN. ) );
#532 = SURFACE_STYLE_USAGE ( .BOTH. , #6307 ) ;
#533 = ORIENTED_EDGE ( 'NONE', *, *, #4947, .T. ) ;
#534 = FILL_AREA_STYLE ('',( #6128 ) ) ;
#535 = CARTESIAN_POINT ( 'NONE',  ( 1.130000000000008997, 0.07999999999999998779, -0.6999999999999899636 ) ) ;
#536 = DIRECTION ( 'NONE',  ( -0.000000000000000000, -1.000000000000000000, -0.000000000000000000 ) ) ;
#537 = EDGE_LOOP ( 'NONE', ( #5683, #5043, #7431, #6272 ) ) ;
#538 = CARTESIAN_POINT ( 'NONE',  ( -0.7000000000000052847, -1.084202172485504434E-16, -1.430000000000000382 ) ) ;
#539 = FACE_OUTER_BOUND ( 'NONE', #8996, .T. ) ;
#540 = ORIENTED_EDGE ( 'NONE', *, *, #448, .F. ) ;
#541 = LINE ( 'NONE', #5523, #6337 ) ;
#542 = ORIENTED_EDGE ( 'NONE', *, *, #4106, .T. ) ;
#543 = VERTEX_POINT ( 'NONE', #602 ) ;
#544 = MECHANICAL_DESIGN_GEOMETRIC_PRESENTATION_REPRESENTATION (  '', ( #977 ), #4241 ) ;
#545 = DIRECTION ( 'NONE',  ( 1.000000000000000000, 0.000000000000000000, 8.673617379884027583E-16 ) ) ;
#546 = LINE ( 'NONE', #3981, #3386 ) ;
#547 = ORIENTED_EDGE ( 'NONE', *, *, #4565, .T. ) ;
#548 = DIRECTION ( 'NONE',  ( 0.7071067811865536790, -0.000000000000000000, -0.7071067811865414665 ) ) ;
#549 = AXIS2_PLACEMENT_3D ( 'NONE', #7844, #7015, #611 ) ;
#550 = VECTOR ( 'NONE', #2286, 1000.000000000000000 ) ;
#551 = CARTESIAN_POINT ( 'NONE',  ( -0.8999999999999950262, 0.000000000000000000, -1.130000000000014326 ) ) ;
#552 = ORIENTED_EDGE ( 'NONE', *, *, #8358, .T. ) ;
#553 = DIRECTION ( 'NONE',  ( 0.000000000000000000, 0.000000000000000000, -1.000000000000000000 ) ) ;
#554 = FILL_AREA_STYLE ('',( #1204 ) ) ;
#555 = DIRECTION ( 'NONE',  ( 1.000000000000000000, 0.000000000000000000, 0.000000000000000000 ) ) ;
#556 = VECTOR ( 'NONE', #4385, 1000.000000000000000 ) ;
#557 = VECTOR ( 'NONE', #6887, 1000.000000000000000 ) ;
#558 = DIRECTION ( 'NONE',  ( 0.000000000000000000, 0.000000000000000000, 1.000000000000000000 ) ) ;
#559 = VECTOR ( 'NONE', #3683, 1000.000000000000000 ) ;
#560 = CARTESIAN_POINT ( 'NONE',  ( 0.7000000000000052847, 0.000000000000000000, -1.430000000000000382 ) ) ;
#561 = EDGE_CURVE ( 'NONE', #1045, #309, #8448, .T. ) ;
#562 = DIRECTION ( 'NONE',  ( 0.000000000000000000, 0.000000000000000000, -1.000000000000000000 ) ) ;
#563 = DIRECTION ( 'NONE',  ( 1.000000000000000000, 0.000000000000000000, 0.000000000000000000 ) ) ;
#564 = DIRECTION ( 'NONE',  ( 0.000000000000000000, 1.000000000000000000, 0.000000000000000000 ) ) ;
#565 = VECTOR ( 'NONE', #1, 1000.000000000000000 ) ;
#566 =( LENGTH_UNIT ( ) NAMED_UNIT ( * ) SI_UNIT ( .MILLI., .METRE. ) );
#567 = FACE_OUTER_BOUND ( 'NONE', #7915, .T. ) ;
#568 = PLANE ( 'NONE',  #8225 ) ;
#569 = DIRECTION ( 'NONE',  ( -1.000000000000000000, 0.000000000000000000, 0.000000000000000000 ) ) ;
#570 = EDGE_LOOP ( 'NONE', ( #987, #2285, #7957, #9288 ) ) ;
#571 = EDGE_LOOP ( 'NONE', ( #3331, #5661, #9133, #2473 ) ) ;
#572 = ORIENTED_EDGE ( 'NONE', *, *, #6760, .F. ) ;
#573 = ADVANCED_FACE ( 'NONE', ( #3441 ), #3634, .F. ) ;
#574 = ADVANCED_FACE ( 'NONE', ( #2220 ), #4989, .T. ) ;
#575 = LINE ( 'NONE', #4758, #7751 ) ;
#576 = PLANE ( 'NONE',  #748 ) ;
#577 = CARTESIAN_POINT ( 'NONE',  ( 1.430000000000000160, -0.3605551275463988459, -0.8999999999999896971 ) ) ;
#578 = EDGE_CURVE ( 'NONE', #8482, #2913, #799, .T. ) ;
#579 = EDGE_CURVE ( 'NONE', #1318, #2381, #9282, .T. ) ;
#580 = SURFACE_STYLE_FILL_AREA ( #534 ) ;
#581 = CARTESIAN_POINT ( 'NONE',  ( 0.7000000000000052847, 0.5005948168962619516, -1.130000000000003668 ) ) ;
#582 =( NAMED_UNIT ( * ) PLANE_ANGLE_UNIT ( ) SI_UNIT ( $, .RADIAN. ) );
#583 = VERTEX_POINT ( 'NONE', #2168 ) ;
#584 = PLANE ( 'NONE',  #286 ) ;
#585 =( LENGTH_UNIT ( ) NAMED_UNIT ( * ) SI_UNIT ( .MILLI., .METRE. ) );
#586 = EDGE_LOOP ( 'NONE', ( #5386, #2492, #1912, #826 ) ) ;
#587 = EDGE_LOOP ( 'NONE', ( #8622, #7597, #5671, #2190 ) ) ;
#588 = EDGE_CURVE ( 'NONE', #31, #4371, #7172, .T. ) ;
#589 =( GEOMETRIC_REPRESENTATION_CONTEXT ( 3 ) GLOBAL_UNCERTAINTY_ASSIGNED_CONTEXT ( ( #7996 ) ) GLOBAL_UNIT_ASSIGNED_CONTEXT ( ( #5288, #2361, #3593 ) ) REPRESENTATION_CONTEXT ( 'NONE', 'WORKASPACE' ) );
#590 = ORIENTED_EDGE ( 'NONE', *, *, #1837, .T. ) ;
#591 = ORIENTED_EDGE ( 'NONE', *, *, #1195, .T. ) ;
#592 = CARTESIAN_POINT ( 'NONE',  ( 1.130000000000003446, 0.000000000000000000, 1.000000000000008660 ) ) ;
#593 = MECHANICAL_DESIGN_GEOMETRIC_PRESENTATION_REPRESENTATION (  '', ( #7753 ), #3999 ) ;
#594 = DIRECTION ( 'NONE',  ( -0.000000000000000000, 0.000000000000000000, -1.000000000000000000 ) ) ;
#595 = ORIENTED_EDGE ( 'NONE', *, *, #7558, .T. ) ;
#596 = DIRECTION ( 'NONE',  ( 0.7071067811865414665, -0.000000000000000000, 0.7071067811865536790 ) ) ;
#597 = VECTOR ( 'NONE', #2946, 1000.000000000000000 ) ;
#598 = DIRECTION ( 'NONE',  ( -1.000000000000000000, 0.000000000000000000, 0.000000000000000000 ) ) ;
#599 = ORIENTED_EDGE ( 'NONE', *, *, #8515, .F. ) ;
#600 = VECTOR ( 'NONE', #8136, 1000.000000000000000 ) ;
#601 = DIRECTION ( 'NONE',  ( -1.000000000000000000, 0.000000000000000000, 0.000000000000000000 ) ) ;
#602 = CARTESIAN_POINT ( 'NONE',  ( 0.5000000000000052180, 0.000000000000000000, -1.130000000000003668 ) ) ;
#603 = ORIENTED_EDGE ( 'NONE', *, *, #7434, .F. ) ;
#604 = EDGE_CURVE ( 'NONE', #8396, #31, #4903, .T. ) ;
#605 = PLANE ( 'NONE',  #388 ) ;
#606 = DIRECTION ( 'NONE',  ( -0.7071067811865414665, 0.000000000000000000, -0.7071067811865536790 ) ) ;
#607 =( GEOMETRIC_REPRESENTATION_CONTEXT ( 3 ) GLOBAL_UNCERTAINTY_ASSIGNED_CONTEXT ( ( #7219 ) ) GLOBAL_UNIT_ASSIGNED_CONTEXT ( ( #8777, #6603, #8146 ) ) REPRESENTATION_CONTEXT ( 'NONE', 'WORKASPACE' ) );
#608 = VECTOR ( 'NONE', #5619, 1000.000000000000000 ) ;
#609 = CARTESIAN_POINT ( 'NONE',  ( -0.8999999999999950262, 0.07999999999999998779, -1.130000000000014326 ) ) ;
#610 = CARTESIAN_POINT ( 'NONE',  ( 0.7000000000000052847, 0.000000000000000000, -1.130000000000003668 ) ) ;
#611 = DIRECTION ( 'NONE',  ( -1.000000000000000000, 0.000000000000000000, -0.000000000000000000 ) ) ;
#612 = DIRECTION ( 'NONE',  ( -1.000000000000000000, 0.000000000000000000, 0.000000000000000000 ) ) ;
#613 = AXIS2_PLACEMENT_3D ( 'NONE', #7579, #3301, #6157 ) ;
#614 = DIRECTION ( 'NONE',  ( 0.7071067811865521247, -0.000000000000000000, -0.7071067811865430208 ) ) ;
#615 = PRESENTATION_LAYER_ASSIGNMENT (  '', '', ( #1135 ) ) ;
#616 = EDGE_LOOP ( 'NONE', ( #4348, #971, #3536, #3877 ) ) ;
#617 = EDGE_LOOP ( 'NONE', ( #5081, #197, #8618, #6439 ) ) ;
#618 = VERTEX_POINT ( 'NONE', #5608 ) ;
#619 = CLOSED_SHELL ( 'NONE', ( #8236, #8353, #1892, #6799, #1822, #4101, #4843 ) ) ;
#620 = AXIS2_PLACEMENT_3D ( 'NONE', #8899, #7600, #2617 ) ;
#621 = SURFACE_SIDE_STYLE ('',( #4980 ) ) ;
#622 = CARTESIAN_POINT ( 'NONE',  ( -1.430000000000000160, 0.08000000000000000167, 0.3000000000000102029 ) ) ;
#623 = PRESENTATION_STYLE_ASSIGNMENT (( #3543 ) ) ;
#624 = FILL_AREA_STYLE ('',( #5603 ) ) ;
#625 = EDGE_LOOP ( 'NONE', ( #2062, #4678, #4642, #1435 ) ) ;
#626 = VECTOR ( 'NONE', #4003, 1000.000000000000000 ) ;
#627 = EDGE_CURVE ( 'NONE', #3228, #2488, #7080, .T. ) ;
#628 = COLOUR_RGB ( '',1.000000000000000000, 0.8117647058823529438, 0.5019607843137254832 ) ;
#629 = DIRECTION ( 'NONE',  ( -1.000000000000000000, 0.000000000000000000, 0.000000000000000000 ) ) ;
#630 = CARTESIAN_POINT ( 'NONE',  ( 1.500000000000008882, 0.07999999999999998779, -0.6999999999999899636 ) ) ;
#631 = VERTEX_POINT ( 'NONE', #7258 ) ;
#632 = EDGE_CURVE ( 'NONE', #3783, #475, #2785, .T. ) ;
#633 = VECTOR ( 'NONE', #1200, 1000.000000000000000 ) ;
#634 = CARTESIAN_POINT ( 'NONE',  ( 1.500000000000000222, 0.9699999999999999734, -1.500000000000000222 ) ) ;
#635 = CARTESIAN_POINT ( 'NONE',  ( -1.130000000000008997, 0.000000000000000000, 0.4999999999999898415 ) ) ;
#636 = ORIENTED_EDGE ( 'NONE', *, *, #6574, .F. ) ;
#637 = VERTEX_POINT ( 'NONE', #3502 ) ;
#638 = VECTOR ( 'NONE', #7147, 1000.000000000000000 ) ;
#639 = CARTESIAN_POINT ( 'NONE',  ( 1.130000000000005000, 0.000000000000000000, 0.7000000000000100586 ) ) ;
#640 = VERTEX_POINT ( 'NONE', #5085 ) ;
#641 = ORIENTED_EDGE ( 'NONE', *, *, #1696, .T. ) ;
#642 = DIRECTION ( 'NONE',  ( 0.7071067811865414665, -0.000000000000000000, 0.7071067811865536790 ) ) ;
#643 = CARTESIAN_POINT ( 'NONE',  ( 0.7000000000000052847, 0.07999999999999998779, -1.130000000000003668 ) ) ;
#644 = AXIS2_PLACEMENT_3D ( 'NONE', #4072, #548, #6147 ) ;
#645 = ORIENTED_EDGE ( 'NONE', *, *, #1554, .F. ) ;
#646 = DIRECTION ( 'NONE',  ( 0.000000000000000000, 0.000000000000000000, 1.000000000000000000 ) ) ;
#647 = ADVANCED_FACE ( 'NONE', ( #5648 ), #34, .T. ) ;
#648 = ADVANCED_FACE ( 'NONE', ( #7819 ), #2127, .F. ) ;
#649 = DIRECTION ( 'NONE',  ( 8.673617379884027583E-16, 0.000000000000000000, -1.000000000000000000 ) ) ;
#650 = CARTESIAN_POINT ( 'NONE',  ( -0.9999999999999943379, 0.5005948168962619516, 1.130000000000007221 ) ) ;
#651 = ADVANCED_FACE ( 'NONE', ( #4337 ), #756, .T. ) ;
#652 = LINE ( 'NONE', #1250, #1920 ) ;
#653 = EDGE_CURVE ( 'NONE', #5189, #3733, #2085, .T. ) ;
#654 = ORIENTED_EDGE ( 'NONE', *, *, #1721, .T. ) ;
#655 = ADVANCED_FACE ( 'NONE', ( #4949 ), #1501, .F. ) ;
#656 = PLANE ( 'NONE',  #6823 ) ;
#657 = DIRECTION ( 'NONE',  ( -0.000000000000000000, -1.000000000000000000, -0.000000000000000000 ) ) ;
#658 = CARTESIAN_POINT ( 'NONE',  ( 1.500000000000004885, 0.07999999999999998779, 0.5000000000000099920 ) ) ;
#659 = CARTESIAN_POINT ( 'NONE',  ( -0.4999999999999946154, 0.000000000000000000, -1.130000000000012106 ) ) ;
#660 = CARTESIAN_POINT ( 'NONE',  ( -1.130000000000008997, -0.3605551275463988459, -0.6999999999999899636 ) ) ;
#661 = VERTEX_POINT ( 'NONE', #8648 ) ;
#662 = LINE ( 'NONE', #25, #5318 ) ;
#663 = SURFACE_SIDE_STYLE ('',( #7077 ) ) ;
#664 = DIRECTION ( 'NONE',  ( 0.7071067811865430208, -0.000000000000000000, 0.7071067811865521247 ) ) ;
#665 = ORIENTED_EDGE ( 'NONE', *, *, #4674, .T. ) ;
#666 = CARTESIAN_POINT ( 'NONE',  ( 1.430000000000000160, 0.000000000000000000, -1.099999999999989875 ) ) ;
#667 = DIRECTION ( 'NONE',  ( 0.000000000000000000, -1.000000000000000000, 0.000000000000000000 ) ) ;
#668 = DIRECTION ( 'NONE',  ( -0.000000000000000000, 1.000000000000000000, -0.000000000000000000 ) ) ;
#669 = EDGE_CURVE ( 'NONE', #214, #1318, #712, .T. ) ;
#670 = ORIENTED_EDGE ( 'NONE', *, *, #1199, .T. ) ;
#671 = DIRECTION ( 'NONE',  ( 0.000000000000000000, -1.000000000000000000, -0.000000000000000000 ) ) ;
#672 = VERTEX_POINT ( 'NONE', #8477 ) ;
#673 = VERTEX_POINT ( 'NONE', #3731 ) ;
#674 = SURFACE_SIDE_STYLE ('',( #3685 ) ) ;
#675 = EDGE_LOOP ( 'NONE', ( #6063, #9044, #9275, #7274 ) ) ;
#676 = VERTEX_POINT ( 'NONE', #2412 ) ;
#677 = DIRECTION ( 'NONE',  ( -1.000000000000000000, 0.000000000000000000, -0.000000000000000000 ) ) ;
#678 = LINE ( 'NONE', #1411, #90 ) ;
#679 = EDGE_CURVE ( 'NONE', #3220, #3621, #139, .T. ) ;
#680 = DIRECTION ( 'NONE',  ( 1.000000000000000000, 0.000000000000000000, -0.000000000000000000 ) ) ;
#681 = DIRECTION ( 'NONE',  ( 0.000000000000000000, -0.000000000000000000, 1.000000000000000000 ) ) ;
#682 = ORIENTED_EDGE ( 'NONE', *, *, #1481, .T. ) ;
#683 = PRESENTATION_LAYER_ASSIGNMENT (  '', '', ( #2145 ) ) ;
#684 = PLANE ( 'NONE',  #7711 ) ;
#685 = LINE ( 'NONE', #4175, #3696 ) ;
#686 = CARTESIAN_POINT ( 'NONE',  ( -1.130000000000008997, 0.08000000000000000167, 0.6999999999999899636 ) ) ;
#687 = ORIENTED_EDGE ( 'NONE', *, *, #6985, .F. ) ;
#688 = EDGE_CURVE ( 'NONE', #6165, #2881, #8052, .T. ) ;
#689 = AXIS2_PLACEMENT_3D ( 'NONE', #7807, #1386, #9209 ) ;
#691 = VECTOR ( 'NONE', #4467, 1000.000000000000000 ) ;
#690 =( LENGTH_UNIT ( ) NAMED_UNIT ( * ) SI_UNIT ( .MILLI., .METRE. ) );
#692 = DIRECTION ( 'NONE',  ( -0.000000000000000000, -1.000000000000000000, -0.000000000000000000 ) ) ;
#693 = LINE ( 'NONE', #3527, #5234 ) ;
#694 = EDGE_CURVE ( 'NONE', #1548, #7595, #2271, .T. ) ;
#695 = VECTOR ( 'NONE', #4075, 1000.000000000000000 ) ;
#696 = DIRECTION ( 'NONE',  ( 0.000000000000000000, -1.000000000000000000, 0.000000000000000000 ) ) ;
#697 = DIRECTION ( 'NONE',  ( -1.000000000000000000, 0.000000000000000000, 0.000000000000000000 ) ) ;
#698 = LINE ( 'NONE', #6250, #2060 ) ;
#699 = VERTEX_POINT ( 'NONE', #1732 ) ;
#700 = MECHANICAL_DESIGN_GEOMETRIC_PRESENTATION_REPRESENTATION (  '', ( #247 ), #8595 ) ;
#701 = CARTESIAN_POINT ( 'NONE',  ( -1.130000000000008997, 0.08000000000000000167, 0.3000000000000102029 ) ) ;
#702 = SURFACE_STYLE_FILL_AREA ( #6442 ) ;
#703 = DIRECTION ( 'NONE',  ( -1.000000000000000000, 0.000000000000000000, 0.000000000000000000 ) ) ;
#704 = AXIS2_PLACEMENT_3D ( 'NONE', #4006, #2645, #6212 ) ;
#705 = AXIS2_PLACEMENT_3D ( 'NONE', #9035, #3319, #2607 ) ;
#706 = CARTESIAN_POINT ( 'NONE',  ( -1.430000000000000160, -0.3605551275463988459, 0.3000000000000102029 ) ) ;
#707 = CARTESIAN_POINT ( 'NONE',  ( 1.500000000000003331, 0.000000000000000000, 0.9000000000000101252 ) ) ;
#708 = LINE ( 'NONE', #6544, #2973 ) ;
#709 = CARTESIAN_POINT ( 'NONE',  ( -1.430000000000000160, 0.000000000000000000, -0.4999999999999898415 ) ) ;
#710 = ORIENTED_EDGE ( 'NONE', *, *, #2957, .F. ) ;
#711 = CARTESIAN_POINT ( 'NONE',  ( 0.7000000000000052847, -0.3605551275463988459, 1.430000000000000382 ) ) ;
#712 = LINE ( 'NONE', #3548, #1024 ) ;
#713 = ORIENTED_EDGE ( 'NONE', *, *, #1208, .F. ) ;
#714 = CARTESIAN_POINT ( 'NONE',  ( -1.130000000000008997, -0.3605551275463988459, 0.1000000000000101225 ) ) ;
#715 = ORIENTED_EDGE ( 'NONE', *, *, #8357, .T. ) ;
#716 = VERTEX_POINT ( 'NONE', #8839 ) ;
#717 = VECTOR ( 'NONE', #5765, 1000.000000000000000 ) ;
#718 = DIRECTION ( 'NONE',  ( -1.000000000000000000, 0.000000000000000000, 0.000000000000000000 ) ) ;
#719 =( GEOMETRIC_REPRESENTATION_CONTEXT ( 3 ) GLOBAL_UNCERTAINTY_ASSIGNED_CONTEXT ( ( #7114 ) ) GLOBAL_UNIT_ASSIGNED_CONTEXT ( ( #847, #5609, #8840 ) ) REPRESENTATION_CONTEXT ( 'NONE', 'WORKASPACE' ) );
#720 = LINE ( 'NONE', #9190, #8183 ) ;
#721 = ORIENTED_EDGE ( 'NONE', *, *, #7649, .T. ) ;
#722 = FACE_OUTER_BOUND ( 'NONE', #9139, .T. ) ;
#723 = LINE ( 'NONE', #8445, #2218 ) ;
#724 = ORIENTED_EDGE ( 'NONE', *, *, #9142, .T. ) ;
#725 = CARTESIAN_POINT ( 'NONE',  ( -1.130000000000008997, 0.08000000000000000167, -0.6999999999999899636 ) ) ;
#726 = PRESENTATION_LAYER_ASSIGNMENT (  '', '', ( #8952 ) ) ;
#727 = DIRECTION ( 'NONE',  ( -1.000000000000000000, 0.000000000000000000, 0.000000000000000000 ) ) ;
#728 = ADVANCED_FACE ( 'NONE', ( #8784 ), #8882, .F. ) ;
#729 = VERTEX_POINT ( 'NONE', #985 ) ;
#730 = EDGE_CURVE ( 'NONE', #5650, #364, #8104, .T. ) ;
#731 = AXIS2_PLACEMENT_3D ( 'NONE', #8269, #441, #5337 ) ;
#732 = DIRECTION ( 'NONE',  ( 0.000000000000000000, 0.000000000000000000, -1.000000000000000000 ) ) ;
#733 = MECHANICAL_DESIGN_GEOMETRIC_PRESENTATION_REPRESENTATION (  '', ( #9255 ), #2501 ) ;
#734 = CARTESIAN_POINT ( 'NONE',  ( 1.000000000000004441, -1.084202172485504434E-16, 1.130000000000000338 ) ) ;
#735 = ADVANCED_FACE ( 'NONE', ( #285 ), #6654, .T. ) ;
#736 = UNCERTAINTY_MEASURE_WITH_UNIT (LENGTH_MEASURE( 1.000000000000000082E-05 ), #2223, 'distance_accuracy_value', 'NONE');
#737 = CARTESIAN_POINT ( 'NONE',  ( -1.149999999999999689, 0.8699999999999998845, -1.024999999999999911 ) ) ;
#738 = LINE ( 'NONE', #4359, #5211 ) ;
#739 =( NAMED_UNIT ( * ) PLANE_ANGLE_UNIT ( ) SI_UNIT ( $, .RADIAN. ) );
#740 = STYLED_ITEM ( 'NONE', ( #1543 ), #6481 ) ;
#741 =( GEOMETRIC_REPRESENTATION_CONTEXT ( 3 ) GLOBAL_UNCERTAINTY_ASSIGNED_CONTEXT ( ( #5713 ) ) GLOBAL_UNIT_ASSIGNED_CONTEXT ( ( #9026, #5418, #7675 ) ) REPRESENTATION_CONTEXT ( 'NONE', 'WORKASPACE' ) );
#742 = ADVANCED_FACE ( 'NONE', ( #2459 ), #943, .F. ) ;
#743 = PRESENTATION_STYLE_ASSIGNMENT (( #4275 ) ) ;
#744 = LINE ( 'NONE', #2209, #3581 ) ;
#745 = UNCERTAINTY_MEASURE_WITH_UNIT (LENGTH_MEASURE( 1.000000000000000082E-05 ), #6945, 'distance_accuracy_value', 'NONE');
#746 = ADVANCED_FACE ( 'NONE', ( #6031 ), #3779, .F. ) ;
#747 = AXIS2_PLACEMENT_3D ( 'NONE', #6014, #3763, #5909 ) ;
#748 = AXIS2_PLACEMENT_3D ( 'NONE', #5691, #4983, #8555 ) ;
#749 = LINE ( 'NONE', #2737, #4167 ) ;
#750 = EDGE_CURVE ( 'NONE', #1485, #8787, #5275, .T. ) ;
#751 = EDGE_LOOP ( 'NONE', ( #7524, #6914, #2426, #3078 ) ) ;
#752 = UNCERTAINTY_MEASURE_WITH_UNIT (LENGTH_MEASURE( 1.000000000000000082E-05 ), #6115, 'distance_accuracy_value', 'NONE');
#753 = VERTEX_POINT ( 'NONE', #1034 ) ;
#754 =( GEOMETRIC_REPRESENTATION_CONTEXT ( 3 ) GLOBAL_UNCERTAINTY_ASSIGNED_CONTEXT ( ( #4076 ) ) GLOBAL_UNIT_ASSIGNED_CONTEXT ( ( #585, #7039, #3422 ) ) REPRESENTATION_CONTEXT ( 'NONE', 'WORKASPACE' ) );
#755 = CARTESIAN_POINT ( 'NONE',  ( -0.9750000000000000888, 0.1000000000000000056, -0.8250000000000119460 ) ) ;
#756 = PLANE ( 'NONE',  #3842 ) ;
#757 = SURFACE_STYLE_USAGE ( .BOTH. , #7778 ) ;
#758 = EDGE_LOOP ( 'NONE', ( #7786, #682, #724, #4339 ) ) ;
#759 = DIRECTION ( 'NONE',  ( -8.673617379884027583E-16, 0.000000000000000000, 1.000000000000000000 ) ) ;
#760 = CARTESIAN_POINT ( 'NONE',  ( -0.9750000000000000888, 0.09999999999999999167, -0.8250000000000119460 ) ) ;
#761 = VERTEX_POINT ( 'NONE', #1685 ) ;
#762 = PLANE ( 'NONE',  #4698 ) ;
#763 = VECTOR ( 'NONE', #4234, 1000.000000000000000 ) ;
#764 = VERTEX_POINT ( 'NONE', #4520 ) ;
#765 = VERTEX_POINT ( 'NONE', #189 ) ;
#766 = DIRECTION ( 'NONE',  ( -1.000000000000000000, 0.000000000000000000, -8.673617379884028570E-16 ) ) ;
#767 = AXIS2_PLACEMENT_3D ( 'NONE', #8476, #5785, #629 ) ;
#768 = DIRECTION ( 'NONE',  ( 0.000000000000000000, 0.000000000000000000, -1.000000000000000000 ) ) ;
#769 = VECTOR ( 'NONE', #503, 1000.000000000000000 ) ;
#770 = ORIENTED_EDGE ( 'NONE', *, *, #3369, .F. ) ;
#771 = FACE_OUTER_BOUND ( 'NONE', #508, .T. ) ;
#772 = STYLED_ITEM ( 'NONE', ( #2952 ), #5864 ) ;
#773 = LINE ( 'NONE', #7012, #428 ) ;
#774 = FACE_OUTER_BOUND ( 'NONE', #758, .T. ) ;
#775 = VECTOR ( 'NONE', #6858, 1000.000000000000000 ) ;
#776 = EDGE_LOOP ( 'NONE', ( #5436, #1636, #7007, #2227 ) ) ;
#777 = CARTESIAN_POINT ( 'NONE',  ( 1.130000000000003446, 0.07999999999999998779, 0.9000000000000101252 ) ) ;
#778 = LINE ( 'NONE', #6479, #6759 ) ;
#779 =( NAMED_UNIT ( * ) PLANE_ANGLE_UNIT ( ) SI_UNIT ( $, .RADIAN. ) );
#780 = SURFACE_SIDE_STYLE ('',( #4402 ) ) ;
#781 = PLANE ( 'NONE',  #2197 ) ;
#782 = FILL_AREA_STYLE_COLOUR ( '', #5658 ) ;
#783 = FILL_AREA_STYLE_COLOUR ( '', #5659 ) ;
#784 = CARTESIAN_POINT ( 'NONE',  ( -0.6999999999999949596, 0.000000000000000000, 1.130000000000010330 ) ) ;
#785 = ORIENTED_EDGE ( 'NONE', *, *, #8418, .F. ) ;
#786 = DIRECTION ( 'NONE',  ( 0.000000000000000000, 0.000000000000000000, -1.000000000000000000 ) ) ;
#787 = DIRECTION ( 'NONE',  ( 0.000000000000000000, -1.000000000000000000, 0.000000000000000000 ) ) ;
#788 = LINE ( 'NONE', #5689, #5675 ) ;
#789 = CARTESIAN_POINT ( 'NONE',  ( 0.1000000000000051958, 0.08000000000000000167, -1.430000000000000382 ) ) ;
#790 = DIRECTION ( 'NONE',  ( -0.000000000000000000, -0.000000000000000000, 1.000000000000000000 ) ) ;
#791 = ADVANCED_FACE ( 'NONE', ( #7400 ), #4427, .F. ) ;
#792 = FILL_AREA_STYLE ('',( #6496 ) ) ;
#793 = VERTEX_POINT ( 'NONE', #3868 ) ;
#794 = EDGE_CURVE ( 'NONE', #8835, #1452, #3023, .T. ) ;
#795 = EDGE_CURVE ( 'NONE', #7697, #2009, #6612, .T. ) ;
#796 = EDGE_CURVE ( 'NONE', #8913, #8587, #6747, .T. ) ;
#797 = FACE_OUTER_BOUND ( 'NONE', #6117, .T. ) ;
#798 = EDGE_CURVE ( 'NONE', #7611, #3066, #846, .T. ) ;
#799 = LINE ( 'NONE', #8599, #7891 ) ;
#800 = LINE ( 'NONE', #5086, #7616 ) ;
#801 = VERTEX_POINT ( 'NONE', #6549 ) ;
#802 = CARTESIAN_POINT ( 'NONE',  ( -0.09999999999999462097, 0.5005948168962619516, -1.130000000000009219 ) ) ;
#803 = ORIENTED_EDGE ( 'NONE', *, *, #4502, .T. ) ;
#804 = ORIENTED_EDGE ( 'NONE', *, *, #7873, .F. ) ;
#805 = EDGE_CURVE ( 'NONE', #4771, #9126, #2982, .T. ) ;
#806 = EDGE_LOOP ( 'NONE', ( #877, #6735, #7228, #950 ) ) ;
#807 = VERTEX_POINT ( 'NONE', #4711 ) ;
#808 = CARTESIAN_POINT ( 'NONE',  ( 0.3000000000000052625, -0.3605551275463988459, 1.130000000000003668 ) ) ;
#809 = CARTESIAN_POINT ( 'NONE',  ( 0.7000000000000052847, 0.5005948168962619516, -1.130000000000003668 ) ) ;
#810 = DIRECTION ( 'NONE',  ( 0.000000000000000000, 0.000000000000000000, 1.000000000000000000 ) ) ;
#811 = DIRECTION ( 'NONE',  ( -0.7071067811865430208, -0.000000000000000000, -0.7071067811865521247 ) ) ;
#812 = VERTEX_POINT ( 'NONE', #2505 ) ;
#813 = LINE ( 'NONE', #7927, #7860 ) ;
#814 = DIRECTION ( 'NONE',  ( 1.000000000000000000, -0.000000000000000000, -0.000000000000000000 ) ) ;
#815 = ORIENTED_EDGE ( 'NONE', *, *, #3576, .F. ) ;
#816 = EDGE_CURVE ( 'NONE', #543, #6821, #1268, .T. ) ;
#817 = CARTESIAN_POINT ( 'NONE',  ( 0.5000000000000052180, -1.084202172485504434E-16, 1.430000000000000382 ) ) ;
#818 = SURFACE_STYLE_FILL_AREA ( #168 ) ;
#819 = AXIS2_PLACEMENT_3D ( 'NONE', #1596, #2990, #8656 ) ;
#820 = PLANE ( 'NONE',  #8542 ) ;
#821 = CARTESIAN_POINT ( 'NONE',  ( 1.430000000000000160, -1.084202172485504434E-16, 0.1000000000000101225 ) ) ;
#822 =( NAMED_UNIT ( * ) PLANE_ANGLE_UNIT ( ) SI_UNIT ( $, .RADIAN. ) );
#823 = DIRECTION ( 'NONE',  ( -1.000000000000000000, -0.000000000000000000, -0.000000000000000000 ) ) ;
#824 = CARTESIAN_POINT ( 'NONE',  ( 1.130000000000008997, 0.000000000000000000, 0.3000000000000102029 ) ) ;
#825 = VECTOR ( 'NONE', #1725, 1000.000000000000000 ) ;
#826 = ORIENTED_EDGE ( 'NONE', *, *, #3250, .F. ) ;
#827 =( GEOMETRIC_REPRESENTATION_CONTEXT ( 3 ) GLOBAL_UNCERTAINTY_ASSIGNED_CONTEXT ( ( #5835 ) ) GLOBAL_UNIT_ASSIGNED_CONTEXT ( ( #2462, #8846, #6659 ) ) REPRESENTATION_CONTEXT ( 'NONE', 'WORKASPACE' ) );
#828 = EDGE_CURVE ( 'NONE', #4696, #9076, #575, .T. ) ;
#829 = DIRECTION ( 'NONE',  ( -1.000000000000000000, 0.000000000000000000, 0.000000000000000000 ) ) ;
#830 = ORIENTED_EDGE ( 'NONE', *, *, #7245, .T. ) ;
#831 = LINE ( 'NONE', #4701, #8178 ) ;
#832 = CARTESIAN_POINT ( 'NONE',  ( 0.5000000000000052180, 0.000000000000000000, -1.500000000000003331 ) ) ;
#833 = CARTESIAN_POINT ( 'NONE',  ( 1.230000000000011973, -1.084202172485504434E-16, -1.099999999999989875 ) ) ;
#834 = AXIS2_PLACEMENT_3D ( 'NONE', #2629, #5488, #3392 ) ;
#835 = CARTESIAN_POINT ( 'NONE',  ( 1.230000000000011973, 0.5005948168962619516, -1.099999999999989875 ) ) ;
#836 = DIRECTION ( 'NONE',  ( 1.000000000000000000, -0.000000000000000000, -0.000000000000000000 ) ) ;
#837 = LINE ( 'NONE', #2920, #4340 ) ;
#838 = PRESENTATION_LAYER_ASSIGNMENT (  '', '', ( #5154 ) ) ;
#839 = ORIENTED_EDGE ( 'NONE', *, *, #7743, .T. ) ;
#840 = EDGE_CURVE ( 'NONE', #2745, #9228, #7590, .T. ) ;
#841 = VECTOR ( 'NONE', #6478, 1000.000000000000000 ) ;
#842 = ADVANCED_FACE ( 'NONE', ( #3316 ), #8932, .T. ) ;
#843 = DIRECTION ( 'NONE',  ( 1.000000000000000000, 0.000000000000000000, 0.000000000000000000 ) ) ;
#844 = VECTOR ( 'NONE', #4665, 1000.000000000000000 ) ;
#845 = VECTOR ( 'NONE', #6797, 1000.000000000000000 ) ;
#846 = LINE ( 'NONE', #5886, #1324 ) ;
#847 =( LENGTH_UNIT ( ) NAMED_UNIT ( * ) SI_UNIT ( .MILLI., .METRE. ) );
#848 = FILL_AREA_STYLE ('',( #7864 ) ) ;
#849 =( NAMED_UNIT ( * ) PLANE_ANGLE_UNIT ( ) SI_UNIT ( $, .RADIAN. ) );
#850 = VERTEX_POINT ( 'NONE', #3360 ) ;
#851 = EDGE_CURVE ( 'NONE', #269, #2563, #7631, .T. ) ;
#852 = ORIENTED_EDGE ( 'NONE', *, *, #174, .T. ) ;
#853 = ORIENTED_EDGE ( 'NONE', *, *, #8410, .F. ) ;
#854 = CARTESIAN_POINT ( 'NONE',  ( -0.5000000000000052180, -1.084202172485504434E-16, 1.130000000000003668 ) ) ;
#855 = EDGE_CURVE ( 'NONE', #8825, #6764, #3916, .T. ) ;
#856 = LINE ( 'NONE', #4347, #5322 ) ;
#857 = VERTEX_POINT ( 'NONE', #1173 ) ;
#858 = EDGE_CURVE ( 'NONE', #8365, #3278, #9128, .T. ) ;
#859 = DIRECTION ( 'NONE',  ( 0.000000000000000000, 1.000000000000000000, 0.000000000000000000 ) ) ;
#860 = CARTESIAN_POINT ( 'NONE',  ( -1.500000000000005107, 0.07999999999999998779, 0.7000000000000100586 ) ) ;
#861 = ORIENTED_EDGE ( 'NONE', *, *, #3894, .T. ) ;
#862 = DIRECTION ( 'NONE',  ( 0.000000000000000000, 0.000000000000000000, -1.000000000000000000 ) ) ;
#863 = LINE ( 'NONE', #7330, #8949 ) ;
#864 = FACE_OUTER_BOUND ( 'NONE', #616, .T. ) ;
#865 = LINE ( 'NONE', #3146, #3216 ) ;
#866 = CARTESIAN_POINT ( 'NONE',  ( 1.430000000000000160, 0.08000000000000000167, -0.2999999999999898859 ) ) ;
#867 = AXIS2_PLACEMENT_3D ( 'NONE', #273, #2303, #5165 ) ;
#868 = LINE ( 'NONE', #1477, #7789 ) ;
#869 = EDGE_CURVE ( 'NONE', #6821, #8855, #8985, .T. ) ;
#870 = PLANE ( 'NONE',  #436 ) ;
#871 = LINE ( 'NONE', #7983, #235 ) ;
#872 = AXIS2_PLACEMENT_3D ( 'NONE', #7030, #8475, #1354 ) ;
#873 = FACE_OUTER_BOUND ( 'NONE', #6415, .T. ) ;
#874 = ORIENTED_EDGE ( 'NONE', *, *, #588, .F. ) ;
#875 = VECTOR ( 'NONE', #3597, 1000.000000000000000 ) ;
#876 = DIRECTION ( 'NONE',  ( 0.000000000000000000, 0.000000000000000000, -1.000000000000000000 ) ) ;
#877 = ORIENTED_EDGE ( 'NONE', *, *, #2649, .T. ) ;
#878 = CARTESIAN_POINT ( 'NONE',  ( -1.000000000000004441, 0.08000000000000000167, -1.130000000000000338 ) ) ;
#879 = LINE ( 'NONE', #8731, #3841 ) ;
#880 = VECTOR ( 'NONE', #6092, 1000.000000000000000 ) ;
#881 = CARTESIAN_POINT ( 'NONE',  ( 0.000000000000000000, 0.08000000000000000167, 0.000000000000000000 ) ) ;
#882 = STYLED_ITEM ( 'NONE', ( #3780 ), #6499 ) ;
#883 =( LENGTH_UNIT ( ) NAMED_UNIT ( * ) SI_UNIT ( .MILLI., .METRE. ) );
#884 = SURFACE_STYLE_USAGE ( .BOTH. , #1078 ) ;
#885 = UNCERTAINTY_MEASURE_WITH_UNIT (LENGTH_MEASURE( 1.000000000000000082E-05 ), #7667, 'distance_accuracy_value', 'NONE');
#886 = UNCERTAINTY_MEASURE_WITH_UNIT (LENGTH_MEASURE( 1.000000000000000082E-05 ), #5738, 'distance_accuracy_value', 'NONE');
#887 = ORIENTED_EDGE ( 'NONE', *, *, #2312, .F. ) ;
#888 = ORIENTED_EDGE ( 'NONE', *, *, #5686, .F. ) ;
#889 = PLANE ( 'NONE',  #4646 ) ;
#890 = CARTESIAN_POINT ( 'NONE',  ( 0.000000000000000000, 0.08000000000000000167, 0.000000000000000000 ) ) ;
#891 = CARTESIAN_POINT ( 'NONE',  ( 1.500000000000000222, 0.1049999999999999545, 1.499999999999999778 ) ) ;
#892 = VERTEX_POINT ( 'NONE', #6977 ) ;
#893 = VECTOR ( 'NONE', #697, 1000.000000000000000 ) ;
#894 = AXIS2_PLACEMENT_3D ( 'NONE', #6588, #176, #4457 ) ;
#895 = FACE_OUTER_BOUND ( 'NONE', #3878, .T. ) ;
#896 = CARTESIAN_POINT ( 'NONE',  ( -0.09999999999999462097, 0.000000000000000000, -1.130000000000009219 ) ) ;
#897 = LINE ( 'NONE', #4060, #2011 ) ;
#898 = EDGE_CURVE ( 'NONE', #8585, #900, #5560, .T. ) ;
#899 = ORIENTED_EDGE ( 'NONE', *, *, #5758, .F. ) ;
#900 = VERTEX_POINT ( 'NONE', #7540 ) ;
#901 = SURFACE_STYLE_FILL_AREA ( #7268 ) ;
#902 = VECTOR ( 'NONE', #8389, 1000.000000000000000 ) ;
#903 = MECHANICAL_DESIGN_GEOMETRIC_PRESENTATION_REPRESENTATION (  '', ( #8966 ), #8075 ) ;
#904 = DIRECTION ( 'NONE',  ( -0.000000000000000000, 1.000000000000000000, -0.000000000000000000 ) ) ;
#905 = ADVANCED_FACE ( 'NONE', ( #5372 ), #6120, .F. ) ;
#906 =( GEOMETRIC_REPRESENTATION_CONTEXT ( 3 ) GLOBAL_UNCERTAINTY_ASSIGNED_CONTEXT ( ( #2263 ) ) GLOBAL_UNIT_ASSIGNED_CONTEXT ( ( #8751, #8063, #7407 ) ) REPRESENTATION_CONTEXT ( 'NONE', 'WORKASPACE' ) );
#907 = CARTESIAN_POINT ( 'NONE',  ( 1.100000000000004974, 0.000000000000000000, -1.430000000000000382 ) ) ;
#908 = CLOSED_SHELL ( 'NONE', ( #2556, #6172, #3818, #1888, #5596, #8603 ) ) ;
#909 = VECTOR ( 'NONE', #7974, 1000.000000000000000 ) ;
#910 = LINE ( 'NONE', #3648, #4753 ) ;
#911 = LINE ( 'NONE', #1701, #5672 ) ;
#912 = ORIENTED_EDGE ( 'NONE', *, *, #4499, .T. ) ;
#913 = EDGE_CURVE ( 'NONE', #4829, #8061, #8252, .T. ) ;
#914 = LINE ( 'NONE', #1418, #5904 ) ;
#915 = DIRECTION ( 'NONE',  ( -0.000000000000000000, -1.000000000000000000, -0.000000000000000000 ) ) ;
#916 = VECTOR ( 'NONE', #1820, 1000.000000000000000 ) ;
#917 = DIRECTION ( 'NONE',  ( 0.000000000000000000, -1.000000000000000000, 0.000000000000000000 ) ) ;
#918 = AXIS2_PLACEMENT_3D ( 'NONE', #7548, #5432, #8339 ) ;
#919 = ADVANCED_FACE ( 'NONE', ( #2558 ), #5464, .F. ) ;
#920 = EDGE_CURVE ( 'NONE', #6948, #268, #418, .T. ) ;
#921 = EDGE_CURVE ( 'NONE', #793, #8482, #1227, .T. ) ;
#922 = ADVANCED_FACE ( 'NONE', ( #1125 ), #3961, .T. ) ;
#923 = LINE ( 'NONE', #4401, #4045 ) ;
#924 = VECTOR ( 'NONE', #4048, 1000.000000000000000 ) ;
#925 = MECHANICAL_DESIGN_GEOMETRIC_PRESENTATION_REPRESENTATION (  '', ( #5218 ), #4171 ) ;
#926 = EDGE_CURVE ( 'NONE', #8350, #2987, #3261, .T. ) ;
#927 = CARTESIAN_POINT ( 'NONE',  ( 0.7000000000000052847, 0.08000000000000000167, 1.130000000000003668 ) ) ;
#928 = DIRECTION ( 'NONE',  ( 0.000000000000000000, 0.000000000000000000, 1.000000000000000000 ) ) ;
#929 = FILL_AREA_STYLE_COLOUR ( '', #5600 ) ;
#930 = MECHANICAL_DESIGN_GEOMETRIC_PRESENTATION_REPRESENTATION (  '', ( #5840 ), #7511 ) ;
#931 = CARTESIAN_POINT ( 'NONE',  ( -1.129999999999999893, 0.07999999999999998779, -1.099999999999989875 ) ) ;
#932 = EDGE_CURVE ( 'NONE', #5181, #4954, #5776, .T. ) ;
#933 = DIRECTION ( 'NONE',  ( -0.000000000000000000, -1.000000000000000000, -0.000000000000000000 ) ) ;
#934 = STYLED_ITEM ( 'NONE', ( #3324 ), #6380 ) ;
#935 = DIRECTION ( 'NONE',  ( 0.000000000000000000, 0.000000000000000000, 1.000000000000000000 ) ) ;
#936 = PLANE ( 'NONE',  #867 ) ;
#937 = CARTESIAN_POINT ( 'NONE',  ( -1.130000000000010330, 0.000000000000000000, 0.9999999999999900080 ) ) ;
#938 = CARTESIAN_POINT ( 'NONE',  ( 0.5000000000000052180, 0.08000000000000000167, -1.430000000000000382 ) ) ;
#939 = PRESENTATION_STYLE_ASSIGNMENT (( #6493 ) ) ;
#940 = DIRECTION ( 'NONE',  ( 0.000000000000000000, 1.000000000000000000, 0.000000000000000000 ) ) ;
#941 = CARTESIAN_POINT ( 'NONE',  ( -1.430000000000000160, 0.000000000000000000, 0.3000000000000102029 ) ) ;
#942 = ORIENTED_EDGE ( 'NONE', *, *, #1100, .F. ) ;
#943 = PLANE ( 'NONE',  #5032 ) ;
#944 = LINE ( 'NONE', #5843, #7317 ) ;
#945 = ORIENTED_EDGE ( 'NONE', *, *, #6756, .F. ) ;
#946 = DIRECTION ( 'NONE',  ( 1.000000000000000000, 0.000000000000000000, 0.000000000000000000 ) ) ;
#947 = ORIENTED_EDGE ( 'NONE', *, *, #7498, .F. ) ;
#948 = EDGE_LOOP ( 'NONE', ( #8114, #6357, #2117, #5701 ) ) ;
#949 = ORIENTED_EDGE ( 'NONE', *, *, #7281, .F. ) ;
#950 = ORIENTED_EDGE ( 'NONE', *, *, #8261, .F. ) ;
#951 = DIRECTION ( 'NONE',  ( 1.000000000000000000, 0.000000000000000000, 0.000000000000000000 ) ) ;
#952 = VERTEX_POINT ( 'NONE', #5597 ) ;
#953 =( NAMED_UNIT ( * ) PLANE_ANGLE_UNIT ( ) SI_UNIT ( $, .RADIAN. ) );
#954 = DIRECTION ( 'NONE',  ( 0.000000000000000000, -1.000000000000000000, 0.000000000000000000 ) ) ;
#955 = DIRECTION ( 'NONE',  ( 1.000000000000000000, 0.000000000000000000, 0.000000000000000000 ) ) ;
#956 = VERTEX_POINT ( 'NONE', #1390 ) ;
#957 = ORIENTED_EDGE ( 'NONE', *, *, #6921, .T. ) ;
#958 = DIRECTION ( 'NONE',  ( 0.000000000000000000, 0.000000000000000000, -1.000000000000000000 ) ) ;
#959 = ADVANCED_FACE ( 'NONE', ( #6340 ), #4190, .F. ) ;
#960 =( NAMED_UNIT ( * ) SI_UNIT ( $, .STERADIAN. ) SOLID_ANGLE_UNIT ( ) );
#961 = DIRECTION ( 'NONE',  ( -0.000000000000000000, 1.000000000000000000, -0.000000000000000000 ) ) ;
#962 = LINE ( 'NONE', #6777, #8102 ) ;
#963 = SURFACE_STYLE_USAGE ( .BOTH. , #780 ) ;
#964 = LINE ( 'NONE', #3008, #1730 ) ;
#965 = DIRECTION ( 'NONE',  ( 0.000000000000000000, 0.000000000000000000, -1.000000000000000000 ) ) ;
#966 = EDGE_CURVE ( 'NONE', #4382, #2987, #1437, .T. ) ;
#967 = LINE ( 'NONE', #6683, #3717 ) ;
#968 = VERTEX_POINT ( 'NONE', #7074 ) ;
#969 = EDGE_CURVE ( 'NONE', #5396, #7836, #1488, .T. ) ;
#970 = EDGE_LOOP ( 'NONE', ( #4422, #5331, #7460, #3681 ) ) ;
#971 = ORIENTED_EDGE ( 'NONE', *, *, #2557, .F. ) ;
#972 = DIRECTION ( 'NONE',  ( 0.000000000000000000, 0.000000000000000000, -1.000000000000000000 ) ) ;
#973 = LINE ( 'NONE', #1678, #4889 ) ;
#974 = CARTESIAN_POINT ( 'NONE',  ( -1.130000000000008997, 0.000000000000000000, 0.3000000000000102029 ) ) ;
#975 = PLANE ( 'NONE',  #8455 ) ;
#976 = VECTOR ( 'NONE', #3164, 1000.000000000000000 ) ;
#977 = STYLED_ITEM ( 'NONE', ( #6315 ), #3314 ) ;
#978 = CARTESIAN_POINT ( 'NONE',  ( 1.500000000000000222, 0.000000000000000000, -0.09999999999998984701 ) ) ;
#979 = FILL_AREA_STYLE ('',( #228 ) ) ;
#980 = LINE ( 'NONE', #6694, #5354 ) ;
#981 = ORIENTED_EDGE ( 'NONE', *, *, #8452, .T. ) ;
#982 = ORIENTED_EDGE ( 'NONE', *, *, #6696, .F. ) ;
#983 = AXIS2_PLACEMENT_3D ( 'NONE', #2814, #6333, #2768 ) ;
#984 = MECHANICAL_DESIGN_GEOMETRIC_PRESENTATION_REPRESENTATION (  '', ( #7408 ), #2611 ) ;
#985 = CARTESIAN_POINT ( 'NONE',  ( -0.7249999999999998668, 0.000000000000000000, -0.8250000000000117240 ) ) ;
#986 = FILL_AREA_STYLE ('',( #4521 ) ) ;
#987 = ORIENTED_EDGE ( 'NONE', *, *, #8797, .T. ) ;
#988 = DIRECTION ( 'NONE',  ( -1.000000000000000000, 0.000000000000000000, 0.000000000000000000 ) ) ;
#989 = CARTESIAN_POINT ( 'NONE',  ( 1.130000000000008997, 0.08000000000000000167, -0.2999999999999898859 ) ) ;
#990 = ORIENTED_EDGE ( 'NONE', *, *, #5183, .T. ) ;
#991 = VERTEX_POINT ( 'NONE', #9174 ) ;
#992 = ORIENTED_EDGE ( 'NONE', *, *, #472, .T. ) ;
#993 = ORIENTED_EDGE ( 'NONE', *, *, #5992, .F. ) ;
#994 = VECTOR ( 'NONE', #7752, 1000.000000000000000 ) ;
#995 = LINE ( 'NONE', #3832, #6124 ) ;
#996 = VECTOR ( 'NONE', #7542, 1000.000000000000000 ) ;
#997 = LINE ( 'NONE', #8163, #1744 ) ;
#998 = VERTEX_POINT ( 'NONE', #6490 ) ;
#999 = CARTESIAN_POINT ( 'NONE',  ( -0.5000000000000052180, 0.000000000000000000, -1.130000000000003668 ) ) ;
#1000 = CARTESIAN_POINT ( 'NONE',  ( 1.430000000000000160, 0.000000000000000000, -0.8999999999999896971 ) ) ;
#1001 = DIRECTION ( 'NONE',  ( -0.7071067811865536790, 0.000000000000000000, -0.7071067811865414665 ) ) ;
#1002 = EDGE_LOOP ( 'NONE', ( #3630, #9016 ) ) ;
#1003 = FACE_OUTER_BOUND ( 'NONE', #1894, .T. ) ;
#1004 = CARTESIAN_POINT ( 'NONE',  ( 0.000000000000000000, 0.08000000000000000167, 0.8000000000000000444 ) ) ;
#1005 = FACE_OUTER_BOUND ( 'NONE', #6223, .T. ) ;
#1006 = CARTESIAN_POINT ( 'NONE',  ( -0.09999999999999484301, 0.5005948168962619516, 1.130000000000013216 ) ) ;
#1007 = DIRECTION ( 'NONE',  ( 0.000000000000000000, 0.000000000000000000, 1.000000000000000000 ) ) ;
#1008 = CARTESIAN_POINT ( 'NONE',  ( 0.5000000000000052180, 0.08000000000000000167, 1.130000000000003668 ) ) ;
#1009 = ORIENTED_EDGE ( 'NONE', *, *, #1425, .T. ) ;
#1010 = EDGE_CURVE ( 'NONE', #8805, #341, #6441, .T. ) ;
#1011 = LINE ( 'NONE', #6057, #600 ) ;
#1012 = CARTESIAN_POINT ( 'NONE',  ( -0.8999999999999948042, 0.07999999999999998779, -1.500000000000014211 ) ) ;
#1013 = LINE ( 'NONE', #8869, #5964 ) ;
#1014 = EDGE_CURVE ( 'NONE', #1485, #3820, #9221, .T. ) ;
#1015 = PRESENTATION_STYLE_ASSIGNMENT (( #312 ) ) ;
#1016 = PLANE ( 'NONE',  #2458 ) ;
#1017 = ORIENTED_EDGE ( 'NONE', *, *, #6287, .F. ) ;
#1018 = ORIENTED_EDGE ( 'NONE', *, *, #6287, .T. ) ;
#1019 = VECTOR ( 'NONE', #9070, 1000.000000000000000 ) ;
#1020 = EDGE_CURVE ( 'NONE', #7130, #5889, #662, .T. ) ;
#1021 = LINE ( 'NONE', #878, #7583 ) ;
#1022 = CARTESIAN_POINT ( 'NONE',  ( -1.499999999999999778, 0.1049999999999999545, 1.499999999999999778 ) ) ;
#1023 = FILL_AREA_STYLE ('',( #7439 ) ) ;
#1024 = VECTOR ( 'NONE', #3463, 1000.000000000000000 ) ;
#1025 = CARTESIAN_POINT ( 'NONE',  ( -1.130000000000008997, 0.000000000000000000, -0.4999999999999898415 ) ) ;
#1026 = LINE ( 'NONE', #6931, #1133 ) ;
#1027 = VECTOR ( 'NONE', #1141, 1000.000000000000000 ) ;
#1028 = FACE_OUTER_BOUND ( 'NONE', #340, .T. ) ;
#1029 = ORIENTED_EDGE ( 'NONE', *, *, #4866, .T. ) ;
#1030 = EDGE_CURVE ( 'NONE', #7266, #5650, #4142, .T. ) ;
#1031 = VECTOR ( 'NONE', #7098, 1000.000000000000000 ) ;
#1032 = ADVANCED_FACE ( 'NONE', ( #7024 ), #5726, .F. ) ;
#1033 = EDGE_CURVE ( 'NONE', #4458, #2761, #7899, .T. ) ;
#1034 = CARTESIAN_POINT ( 'NONE',  ( -1.430000000000000160, 0.000000000000000000, 1.099999999999989875 ) ) ;
#1035 = CARTESIAN_POINT ( 'NONE',  ( 0.3000000000000052625, 0.08000000000000000167, -1.130000000000003668 ) ) ;
#1036 = EDGE_LOOP ( 'NONE', ( #1684, #2856, #1207, #2436 ) ) ;
#1037 = VECTOR ( 'NONE', #2419, 1000.000000000000000 ) ;
#1038 = CARTESIAN_POINT ( 'NONE',  ( -0.7000000000000052847, 0.08000000000000000167, 1.130000000000003668 ) ) ;
#1039 = EDGE_CURVE ( 'NONE', #8994, #4808, #4851, .T. ) ;
#1040 = FACE_OUTER_BOUND ( 'NONE', #1890, .T. ) ;
#1041 = VERTEX_POINT ( 'NONE', #3625 ) ;
#1042 = LINE ( 'NONE', #292, #7706 ) ;
#1043 = ORIENTED_EDGE ( 'NONE', *, *, #3127, .T. ) ;
#1044 = VECTOR ( 'NONE', #7385, 1000.000000000000000 ) ;
#1045 = VERTEX_POINT ( 'NONE', #1308 ) ;
#1046 = DIRECTION ( 'NONE',  ( 0.000000000000000000, 0.000000000000000000, 1.000000000000000000 ) ) ;
#1047 = AXIS2_PLACEMENT_3D ( 'NONE', #2252, #2202, #5065 ) ;
#1048 = DIRECTION ( 'NONE',  ( 0.7071067811865536790, -0.000000000000000000, -0.7071067811865414665 ) ) ;
#1049 = SURFACE_SIDE_STYLE ('',( #3791 ) ) ;
#1050 = FACE_OUTER_BOUND ( 'NONE', #7376, .T. ) ;
#1051 = ORIENTED_EDGE ( 'NONE', *, *, #2569, .F. ) ;
#1052 = ORIENTED_EDGE ( 'NONE', *, *, #8344, .F. ) ;
#1053 = CARTESIAN_POINT ( 'NONE',  ( -1.430000000000000160, 0.000000000000000000, -1.099999999999989875 ) ) ;
#1054 = ORIENTED_EDGE ( 'NONE', *, *, #4395, .F. ) ;
#1055 = VECTOR ( 'NONE', #1632, 1000.000000000000000 ) ;
#1056 = FILL_AREA_STYLE ('',( #4687 ) ) ;
#1057 = VECTOR ( 'NONE', #8604, 1000.000000000000000 ) ;
#1058 = PLANE ( 'NONE',  #5685 ) ;
#1059 = CARTESIAN_POINT ( 'NONE',  ( 1.500000000000008882, 0.000000000000000000, -0.6999999999999899636 ) ) ;
#1060 = ORIENTED_EDGE ( 'NONE', *, *, #8519, .T. ) ;
#1061 = DIRECTION ( 'NONE',  ( 1.000000000000000000, 0.000000000000000000, 0.000000000000000000 ) ) ;
#1062 = CLOSED_SHELL ( 'NONE', ( #153, #1929, #1032, #3933, #573, #6380 ) ) ;
#1063 = DIRECTION ( 'NONE',  ( -0.000000000000000000, -1.000000000000000000, -0.000000000000000000 ) ) ;
#1064 = VECTOR ( 'NONE', #3203, 1000.000000000000000 ) ;
#1065 = ORIENTED_EDGE ( 'NONE', *, *, #3012, .F. ) ;
#1066 = VECTOR ( 'NONE', #8752, 1000.000000000000000 ) ;
#1067 = DIRECTION ( 'NONE',  ( 0.000000000000000000, 0.000000000000000000, -1.000000000000000000 ) ) ;
#1068 = ORIENTED_EDGE ( 'NONE', *, *, #9095, .T. ) ;
#1069 = ORIENTED_EDGE ( 'NONE', *, *, #6097, .F. ) ;
#1070 = CARTESIAN_POINT ( 'NONE',  ( -1.130000000000002780, 0.07999999999999998779, -0.2999999999999899414 ) ) ;
#1071 = VECTOR ( 'NONE', #6829, 1000.000000000000000 ) ;
#1072 = PLANE ( 'NONE',  #3723 ) ;
#1073 = LINE ( 'NONE', #4747, #6852 ) ;
#1074 = CARTESIAN_POINT ( 'NONE',  ( 1.130000000000010330, 0.07999999999999998779, -0.9999999999999900080 ) ) ;
#1075 = AXIS2_PLACEMENT_3D ( 'NONE', #5201, #4690, #5905 ) ;
#1076 = CARTESIAN_POINT ( 'NONE',  ( -0.6999999999999949596, 0.5005948168962619516, 1.130000000000010330 ) ) ;
#1077 = FACE_OUTER_BOUND ( 'NONE', #40, .T. ) ;
#1078 = SURFACE_SIDE_STYLE ('',( #7301 ) ) ;
#1079 = EDGE_CURVE ( 'NONE', #4074, #2529, #4893, .T. ) ;
#1080 = DIRECTION ( 'NONE',  ( -0.000000000000000000, 1.000000000000000000, 0.000000000000000000 ) ) ;
#1081 = ORIENTED_EDGE ( 'NONE', *, *, #1130, .T. ) ;
#1082 = VERTEX_POINT ( 'NONE', #6689 ) ;
#1083 = PRESENTATION_LAYER_ASSIGNMENT (  '', '', ( #1517 ) ) ;
#1084 = VECTOR ( 'NONE', #4170, 1000.000000000000000 ) ;
#1085 = CARTESIAN_POINT ( 'NONE',  ( 0.5000000000000052180, 0.000000000000000000, -1.130000000000003668 ) ) ;
#1086 = SURFACE_SIDE_STYLE ('',( #6032 ) ) ;
#1087 = ORIENTED_EDGE ( 'NONE', *, *, #7743, .F. ) ;
#1088 = DIRECTION ( 'NONE',  ( 1.000000000000000000, -0.000000000000000000, -0.000000000000000000 ) ) ;
#1089 = ORIENTED_EDGE ( 'NONE', *, *, #4139, .T. ) ;
#1090 = AXIS2_PLACEMENT_3D ( 'NONE', #4814, #2570, #4720 ) ;
#1092 = ORIENTED_EDGE ( 'NONE', *, *, #8895, .T. ) ;
#1091 = EDGE_CURVE ( 'NONE', #341, #8894, #5120, .T. ) ;
#1093 = ORIENTED_EDGE ( 'NONE', *, *, #1535, .F. ) ;
#1094 = EDGE_CURVE ( 'NONE', #2798, #5425, #4561, .T. ) ;
#1095 = EDGE_CURVE ( 'NONE', #6727, #6466, #3720, .T. ) ;
#1096 = DIRECTION ( 'NONE',  ( 1.000000000000000000, 0.000000000000000000, 0.000000000000000000 ) ) ;
#1097 = FILL_AREA_STYLE ('',( #8802 ) ) ;
#1098 =( NAMED_UNIT ( * ) PLANE_ANGLE_UNIT ( ) SI_UNIT ( $, .RADIAN. ) );
#1099 = ORIENTED_EDGE ( 'NONE', *, *, #3870, .F. ) ;
#1100 = EDGE_CURVE ( 'NONE', #618, #8792, #1576, .T. ) ;
#1101 = VERTEX_POINT ( 'NONE', #2968 ) ;
#1102 = PLANE ( 'NONE',  #5892 ) ;
#1103 = ORIENTED_EDGE ( 'NONE', *, *, #6929, .T. ) ;
#1104 = CARTESIAN_POINT ( 'NONE',  ( 0.000000000000000000, 0.08000000000000000167, 0.000000000000000000 ) ) ;
#1105 = DIRECTION ( 'NONE',  ( 0.000000000000000000, 0.000000000000000000, 1.000000000000000000 ) ) ;
#1106 = LINE ( 'NONE', #4647, #7064 ) ;
#1107 = PLANE ( 'NONE',  #8679 ) ;
#1108 = EDGE_CURVE ( 'NONE', #5725, #1902, #5968, .T. ) ;
#1109 = FILL_AREA_STYLE_COLOUR ( '', #7169 ) ;
#1110 = LINE ( 'NONE', #2631, #8004 ) ;
#1111 = ORIENTED_EDGE ( 'NONE', *, *, #4790, .F. ) ;
#1112 = ORIENTED_EDGE ( 'NONE', *, *, #3122, .F. ) ;
#1113 = VERTEX_POINT ( 'NONE', #8689 ) ;
#1114 = PLANE ( 'NONE',  #7934 ) ;
#1115 = PRESENTATION_STYLE_ASSIGNMENT (( #1764 ) ) ;
#1116 = CARTESIAN_POINT ( 'NONE',  ( 1.130000000000003446, 0.5005948168962619516, 0.9000000000000101252 ) ) ;
#1117 = CARTESIAN_POINT ( 'NONE',  ( -0.8999999999999948042, 0.000000000000000000, -1.500000000000000222 ) ) ;
#1118 =( NAMED_UNIT ( * ) PLANE_ANGLE_UNIT ( ) SI_UNIT ( $, .RADIAN. ) );
#1119 = CARTESIAN_POINT ( 'NONE',  ( 1.500000000000000222, 0.9699999999999999734, 1.499999999999999778 ) ) ;
#1120 = FACE_OUTER_BOUND ( 'NONE', #2457, .T. ) ;
#1121 = ORIENTED_EDGE ( 'NONE', *, *, #5184, .F. ) ;
#1122 = ORIENTED_EDGE ( 'NONE', *, *, #1721, .F. ) ;
#1123 = CARTESIAN_POINT ( 'NONE',  ( -0.2999999999999948264, -1.084202172485504434E-16, 1.430000000000000382 ) ) ;
#1124 = PRODUCT_DEFINITION_SHAPE ( 'NONE', 'NONE',  #6620 ) ;
#1125 = FACE_OUTER_BOUND ( 'NONE', #4692, .T. ) ;
#1126 = CARTESIAN_POINT ( 'NONE',  ( 1.130000000000010330, -0.3605551275463988459, 0.8999999999999896971 ) ) ;
#1127 = AXIS2_PLACEMENT_3D ( 'NONE', #252, #3088, #7418 ) ;
#1128 = VERTEX_POINT ( 'NONE', #3161 ) ;
#1129 = LINE ( 'NONE', #3966, #7777 ) ;
#1130 = EDGE_CURVE ( 'NONE', #1248, #4848, #180, .T. ) ;
#1131 = ORIENTED_EDGE ( 'NONE', *, *, #7269, .T. ) ;
#1132 = ADVANCED_FACE ( 'NONE', ( #6643 ), #272, .F. ) ;
#1133 = VECTOR ( 'NONE', #3998, 1000.000000000000000 ) ;
#1134 = VECTOR ( 'NONE', #1757, 1000.000000000000000 ) ;
#1135 = STYLED_ITEM ( 'NONE', ( #3365 ), #3423 ) ;
#1136 =( NAMED_UNIT ( * ) SI_UNIT ( $, .STERADIAN. ) SOLID_ANGLE_UNIT ( ) );
#1137 = VERTEX_POINT ( 'NONE', #3770 ) ;
#1138 = DIRECTION ( 'NONE',  ( 0.000000000000000000, -1.000000000000000000, 0.000000000000000000 ) ) ;
#1139 = VERTEX_POINT ( 'NONE', #5164 ) ;
#1140 = EDGE_CURVE ( 'NONE', #6511, #4808, #8040, .T. ) ;
#1141 = DIRECTION ( 'NONE',  ( -1.000000000000000000, 0.000000000000000000, 0.000000000000000000 ) ) ;
#1142 = FACE_OUTER_BOUND ( 'NONE', #8768, .T. ) ;
#1143 = ORIENTED_EDGE ( 'NONE', *, *, #7774, .F. ) ;
#1144 = ORIENTED_EDGE ( 'NONE', *, *, #95, .T. ) ;
#1145 = VECTOR ( 'NONE', #6869, 1000.000000000000000 ) ;
#1146 = ORIENTED_EDGE ( 'NONE', *, *, #8458, .F. ) ;
#1147 = ORIENTED_EDGE ( 'NONE', *, *, #8919, .T. ) ;
#1148 = CARTESIAN_POINT ( 'NONE',  ( -0.5000000000000052180, 0.08000000000000000167, -1.430000000000000382 ) ) ;
#1149 = MECHANICAL_DESIGN_GEOMETRIC_PRESENTATION_REPRESENTATION (  '', ( #5154 ), #7272 ) ;
#1150 = CARTESIAN_POINT ( 'NONE',  ( 0.5000000000000049960, 0.000000000000000000, 1.499999999999999778 ) ) ;
#1151 = EDGE_CURVE ( 'NONE', #7971, #6426, #7296, .T. ) ;
#1152 = ORIENTED_EDGE ( 'NONE', *, *, #6002, .F. ) ;
#1153 = CARTESIAN_POINT ( 'NONE',  ( -1.500000000000006439, 0.07999999999999998779, 1.100000000000010303 ) ) ;
#1154 = VECTOR ( 'NONE', #6837, 1000.000000000000000 ) ;
#1155 = VECTOR ( 'NONE', #7311, 1000.000000000000000 ) ;
#1156 = EDGE_CURVE ( 'NONE', #2591, #6842, #1021, .T. ) ;
#1157 = CARTESIAN_POINT ( 'NONE',  ( 1.430000000000000160, -0.3605551275463988459, -0.8999999999999896971 ) ) ;
#1158 = EDGE_LOOP ( 'NONE', ( #422, #2345, #3025, #8202 ) ) ;
#1159 = CARTESIAN_POINT ( 'NONE',  ( -1.499999999999999778, 0.9699999999999999734, 1.499999999999999778 ) ) ;
#1160 =( GEOMETRIC_REPRESENTATION_CONTEXT ( 3 ) GLOBAL_UNCERTAINTY_ASSIGNED_CONTEXT ( ( #9061 ) ) GLOBAL_UNIT_ASSIGNED_CONTEXT ( ( #225, #184, #3774 ) ) REPRESENTATION_CONTEXT ( 'NONE', 'WORKASPACE' ) );
#1161 = CARTESIAN_POINT ( 'NONE',  ( -0.7000000000000052847, 0.08000000000000000167, 1.430000000000000382 ) ) ;
#1162 = ORIENTED_EDGE ( 'NONE', *, *, #9039, .T. ) ;
#1163 = CARTESIAN_POINT ( 'NONE',  ( -0.9750000000000000888, 0.000000000000000000, -0.8250000000000119460 ) ) ;
#1164 = LINE ( 'NONE', #2595, #457 ) ;
#1165 = DIRECTION ( 'NONE',  ( 0.000000000000000000, 0.000000000000000000, 1.000000000000000000 ) ) ;
#1166 = DIRECTION ( 'NONE',  ( 0.000000000000000000, 0.000000000000000000, 1.000000000000000000 ) ) ;
#1167 = MECHANICAL_DESIGN_GEOMETRIC_PRESENTATION_REPRESENTATION (  '', ( #1454 ), #9239 ) ;
#1168 = LINE ( 'NONE', #4049, #3951 ) ;
#1169 = ORIENTED_EDGE ( 'NONE', *, *, #443, .F. ) ;
#1170 = ORIENTED_EDGE ( 'NONE', *, *, #2888, .F. ) ;
#1171 = MECHANICAL_DESIGN_GEOMETRIC_PRESENTATION_REPRESENTATION (  '', ( #2058 ), #8064 ) ;
#1172 = VERTEX_POINT ( 'NONE', #4365 ) ;
#1173 = CARTESIAN_POINT ( 'NONE',  ( -0.09999999999999473199, 0.08000000000000000167, 1.130000000000003668 ) ) ;
#1174 = CARTESIAN_POINT ( 'NONE',  ( -1.100000000000004974, -1.084202172485504434E-16, -1.229999999999999760 ) ) ;
#1175 = ORIENTED_EDGE ( 'NONE', *, *, #7322, .F. ) ;
#1176 = SURFACE_STYLE_USAGE ( .BOTH. , #8935 ) ;
#1177 = VECTOR ( 'NONE', #563, 1000.000000000000000 ) ;
#1178 =( LENGTH_UNIT ( ) NAMED_UNIT ( * ) SI_UNIT ( .MILLI., .METRE. ) );
#1179 = ORIENTED_EDGE ( 'NONE', *, *, #1259, .T. ) ;
#1180 = ORIENTED_EDGE ( 'NONE', *, *, #2961, .T. ) ;
#1181 = VECTOR ( 'NONE', #6310, 1000.000000000000000 ) ;
#1182 = VECTOR ( 'NONE', #4292, 1000.000000000000000 ) ;
#1183 = ORIENTED_EDGE ( 'NONE', *, *, #7783, .F. ) ;
#1184 = CARTESIAN_POINT ( 'NONE',  ( 1.130000000000008997, 0.5005948168962619516, -0.4999999999999898415 ) ) ;
#1185 = LINE ( 'NONE', #2615, #3757 ) ;
#1186 = ORIENTED_EDGE ( 'NONE', *, *, #3233, .T. ) ;
#1187 = CARTESIAN_POINT ( 'NONE',  ( 1.130000000000006111, 0.000000000000000000, 0.3000000000000100919 ) ) ;
#1188 = CARTESIAN_POINT ( 'NONE',  ( 1.500000000000008660, 0.07999999999999998779, -0.4999999999999898415 ) ) ;
#1189 = ORIENTED_EDGE ( 'NONE', *, *, #8866, .F. ) ;
#1190 = ORIENTED_EDGE ( 'NONE', *, *, #8729, .T. ) ;
#1191 = SURFACE_STYLE_USAGE ( .BOTH. , #7602 ) ;
#1192 = EDGE_LOOP ( 'NONE', ( #7588, #8771, #9027, #4588 ) ) ;
#1193 = CARTESIAN_POINT ( 'NONE',  ( 0.7000000000000048406, 0.5005948168962619516, 1.500000000000018652 ) ) ;
#1194 = AXIS2_PLACEMENT_3D ( 'NONE', #8328, #3209, #7494 ) ;
#1195 = EDGE_CURVE ( 'NONE', #807, #3220, #5214, .T. ) ;
#1196 = DIRECTION ( 'NONE',  ( 0.000000000000000000, 0.000000000000000000, -1.000000000000000000 ) ) ;
#1197 = ORIENTED_EDGE ( 'NONE', *, *, #7440, .T. ) ;
#1198 = CARTESIAN_POINT ( 'NONE',  ( -1.149999999999999689, 0.5164466094067252655, -1.024999999999999911 ) ) ;
#1199 = EDGE_CURVE ( 'NONE', #4510, #7093, #7246, .T. ) ;
#1200 = DIRECTION ( 'NONE',  ( 1.000000000000000000, 0.000000000000000000, 1.084202172485504631E-15 ) ) ;
#1201 = EDGE_LOOP ( 'NONE', ( #1239, #4686, #7740, #1183 ) ) ;
#1202 = MECHANICAL_DESIGN_GEOMETRIC_PRESENTATION_REPRESENTATION (  '', ( #2809 ), #2675 ) ;
#1203 = UNCERTAINTY_MEASURE_WITH_UNIT (LENGTH_MEASURE( 1.000000000000000082E-05 ), #5391, 'distance_accuracy_value', 'NONE');
#1204 = FILL_AREA_STYLE_COLOUR ( '', #2192 ) ;
#1205 = PLANE ( 'NONE',  #4852 ) ;
#1206 = EDGE_CURVE ( 'NONE', #6652, #2297, #8773, .T. ) ;
#1207 = ORIENTED_EDGE ( 'NONE', *, *, #7231, .T. ) ;
#1208 = EDGE_CURVE ( 'NONE', #6165, #2513, #2346, .T. ) ;
#1209 = PRESENTATION_LAYER_ASSIGNMENT (  '', '', ( #2528 ) ) ;
#1210 = AXIS2_PLACEMENT_3D ( 'NONE', #9117, #5548, #8415 ) ;
#1211 = ADVANCED_FACE ( 'NONE', ( #125 ), #3807, .T. ) ;
#1212 = DIRECTION ( 'NONE',  ( 0.000000000000000000, 0.000000000000000000, -1.000000000000000000 ) ) ;
#1213 = ORIENTED_EDGE ( 'NONE', *, *, #8344, .T. ) ;
#1214 = ADVANCED_FACE ( 'NONE', ( #3103 ), #2403, .F. ) ;
#1215 = LINE ( 'NONE', #7802, #2696 ) ;
#1216 = DIRECTION ( 'NONE',  ( 1.000000000000000000, 0.000000000000000000, 0.000000000000000000 ) ) ;
#1217 = CARTESIAN_POINT ( 'NONE',  ( -0.09999999999999462097, 0.07999999999999998779, -1.130000000000009219 ) ) ;
#1218 = PLANE ( 'NONE',  #3456 ) ;
#1219 = AXIS2_PLACEMENT_3D ( 'NONE', #5358, #8239, #2304 ) ;
#1220 = SURFACE_STYLE_FILL_AREA ( #9024 ) ;
#1221 = SURFACE_STYLE_FILL_AREA ( #1911 ) ;
#1222 = DIRECTION ( 'NONE',  ( -0.000000000000000000, -0.000000000000000000, -1.000000000000000000 ) ) ;
#1223 = ORIENTED_EDGE ( 'NONE', *, *, #7331, .F. ) ;
#1224 = DIRECTION ( 'NONE',  ( 5.860552283705431852E-16, 0.000000000000000000, -1.000000000000000000 ) ) ;
#1225 = VECTOR ( 'NONE', #598, 1000.000000000000000 ) ;
#1226 = VECTOR ( 'NONE', #2530, 1000.000000000000000 ) ;
#1227 = LINE ( 'NONE', #1915, #844 ) ;
#1228 = FILL_AREA_STYLE_COLOUR ( '', #6401 ) ;
#1229 = LINE ( 'NONE', #4761, #1740 ) ;
#1230 = LINE ( 'NONE', #2564, #3726 ) ;
#1231 = VECTOR ( 'NONE', #6420, 1000.000000000000000 ) ;
#1232 = COLOUR_RGB ( '',1.000000000000000000, 0.8117647058823529438, 0.5019607843137254832 ) ;
#1233 = SURFACE_SIDE_STYLE ('',( #7685 ) ) ;
#1234 = LINE ( 'NONE', #1878, #6609 ) ;
#1235 = CARTESIAN_POINT ( 'NONE',  ( 1.130000000000003446, 0.000000000000000000, 1.100000000000010303 ) ) ;
#1236 = VECTOR ( 'NONE', #6131, 1000.000000000000000 ) ;
#1237 = LINE ( 'NONE', #634, #2188 ) ;
#1238 = CARTESIAN_POINT ( 'NONE',  ( -1.130000000000002780, 0.000000000000000000, -0.09999999999998984701 ) ) ;
#1239 = ORIENTED_EDGE ( 'NONE', *, *, #2555, .F. ) ;
#1240 = FACE_OUTER_BOUND ( 'NONE', #7572, .T. ) ;
#1241 = ORIENTED_EDGE ( 'NONE', *, *, #4598, .T. ) ;
#1242 = EDGE_LOOP ( 'NONE', ( #5461, #2422, #7591, #5708 ) ) ;
#1243 = CARTESIAN_POINT ( 'NONE',  ( 0.000000000000000000, 0.000000000000000000, 0.4000000000000000222 ) ) ;
#1244 = CARTESIAN_POINT ( 'NONE',  ( -1.130000000000008997, 0.000000000000000000, -0.6999999999999899636 ) ) ;
#1245 = ORIENTED_EDGE ( 'NONE', *, *, #2312, .T. ) ;
#1246 = FACE_OUTER_BOUND ( 'NONE', #970, .T. ) ;
#1247 = DIRECTION ( 'NONE',  ( -0.000000000000000000, -1.000000000000000000, -0.000000000000000000 ) ) ;
#1248 = VERTEX_POINT ( 'NONE', #7948 ) ;
#1249 = LINE ( 'NONE', #8196, #1281 ) ;
#1250 = CARTESIAN_POINT ( 'NONE',  ( 1.000000000000004441, 0.000000000000000000, -1.130000000000000338 ) ) ;
#1251 = LINE ( 'NONE', #8363, #5900 ) ;
#1252 = EDGE_CURVE ( 'NONE', #3783, #9265, #831, .T. ) ;
#1253 = EDGE_CURVE ( 'NONE', #5440, #2222, #5496, .T. ) ;
#1254 = LINE ( 'NONE', #3397, #5463 ) ;
#1255 = DIRECTION ( 'NONE',  ( 0.000000000000000000, 0.000000000000000000, -1.000000000000000000 ) ) ;
#1256 = FILL_AREA_STYLE_COLOUR ( '', #8964 ) ;
#1257 = LINE ( 'NONE', #3302, #1762 ) ;
#1258 = FACE_OUTER_BOUND ( 'NONE', #2476, .T. ) ;
#1259 = EDGE_CURVE ( 'NONE', #2662, #88, #1164, .T. ) ;
#1260 = DIRECTION ( 'NONE',  ( 0.7071067811865536790, 0.000000000000000000, -0.7071067811865414665 ) ) ;
#1261 = SURFACE_STYLE_USAGE ( .BOTH. , #7672 ) ;
#1262 = ADVANCED_FACE ( 'NONE', ( #4609 ), #1072, .T. ) ;
#1263 = ORIENTED_EDGE ( 'NONE', *, *, #1887, .T. ) ;
#1264 = ORIENTED_EDGE ( 'NONE', *, *, #1773, .T. ) ;
#1265 = FACE_OUTER_BOUND ( 'NONE', #9291, .T. ) ;
#1266 = ORIENTED_EDGE ( 'NONE', *, *, #8514, .F. ) ;
#1267 = ADVANCED_FACE ( 'NONE', ( #3993 ), #6964, .F. ) ;
#1268 = LINE ( 'NONE', #1085, #2498 ) ;
#1269 = PLANE ( 'NONE',  #6365 ) ;
#1270 = FACE_OUTER_BOUND ( 'NONE', #3855, .T. ) ;
#1271 = ADVANCED_FACE ( 'NONE', ( #6874 ), #5412, .T. ) ;
#1272 = DIRECTION ( 'NONE',  ( 1.000000000000000000, 0.000000000000000000, 0.000000000000000000 ) ) ;
#1273 =( NAMED_UNIT ( * ) PLANE_ANGLE_UNIT ( ) SI_UNIT ( $, .RADIAN. ) );
#1274 = STYLED_ITEM ( 'NONE', ( #2523 ), #3204 ) ;
#1275 = DIRECTION ( 'NONE',  ( -1.000000000000000000, 0.000000000000000000, 0.000000000000000000 ) ) ;
#1276 = VERTEX_POINT ( 'NONE', #3906 ) ;
#1277 = LINE ( 'NONE', #8434, #8786 ) ;
#1278 = CARTESIAN_POINT ( 'NONE',  ( 1.430000000000000160, -0.3605551275463988459, 0.1000000000000101225 ) ) ;
#1279 = LINE ( 'NONE', #6947, #4090 ) ;
#1280 = VERTEX_POINT ( 'NONE', #1859 ) ;
#1281 = VECTOR ( 'NONE', #7796, 1000.000000000000000 ) ;
#1282 = PRESENTATION_LAYER_ASSIGNMENT (  '', '', ( #4392 ) ) ;
#1283 = CARTESIAN_POINT ( 'NONE',  ( 1.100000000000004752, 0.07999999999999998779, 1.500000000000021094 ) ) ;
#1284 = DIRECTION ( 'NONE',  ( 1.000000000000000000, 0.000000000000000000, -0.000000000000000000 ) ) ;
#1285 = ORIENTED_EDGE ( 'NONE', *, *, #5363, .T. ) ;
#1286 = LINE ( 'NONE', #2055, #4792 ) ;
#1287 = AXIS2_PLACEMENT_3D ( 'NONE', #5349, #1812, #3156 ) ;
#1288 = LINE ( 'NONE', #4124, #2996 ) ;
#1289 = DIRECTION ( 'NONE',  ( 0.000000000000000000, 1.000000000000000000, 0.000000000000000000 ) ) ;
#1290 = PRESENTATION_STYLE_ASSIGNMENT (( #6918 ) ) ;
#1291 =( NAMED_UNIT ( * ) PLANE_ANGLE_UNIT ( ) SI_UNIT ( $, .RADIAN. ) );
#1292 = VECTOR ( 'NONE', #4168, 1000.000000000000000 ) ;
#1293 = ORIENTED_EDGE ( 'NONE', *, *, #7883, .T. ) ;
#1294 = AXIS2_PLACEMENT_3D ( 'NONE', #4058, #9079, #6938 ) ;
#1295 = DIRECTION ( 'NONE',  ( 1.000000000000000000, 0.000000000000000000, 0.000000000000000000 ) ) ;
#1296 = VECTOR ( 'NONE', #3584, 1000.000000000000000 ) ;
#1297 = PRESENTATION_STYLE_ASSIGNMENT (( #7754 ) ) ;
#1298 = ADVANCED_FACE ( 'NONE', ( #462 ), #7531, .F. ) ;
#1299 = CARTESIAN_POINT ( 'NONE',  ( 1.130000000000010330, 0.5005948168962619516, -0.8999999999999896971 ) ) ;
#1300 = CARTESIAN_POINT ( 'NONE',  ( -1.229999999999999316, 0.07999999999999998779, -1.099999999999989875 ) ) ;
#1301 = CIRCLE ( 'NONE', #6526, 0.1250000000000003331 ) ;
#1302 = EDGE_CURVE ( 'NONE', #4008, #8376, #9019, .T. ) ;
#1303 = DIRECTION ( 'NONE',  ( -1.000000000000000000, 0.000000000000000000, 0.000000000000000000 ) ) ;
#1304 = DIRECTION ( 'NONE',  ( 0.000000000000000000, -1.000000000000000000, 0.000000000000000000 ) ) ;
#1305 = ORIENTED_EDGE ( 'NONE', *, *, #8506, .F. ) ;
#1306 = ORIENTED_EDGE ( 'NONE', *, *, #4608, .T. ) ;
#1307 = EDGE_CURVE ( 'NONE', #4846, #952, #1906, .T. ) ;
#1308 = CARTESIAN_POINT ( 'NONE',  ( 1.430000000000000160, 0.08000000000000000167, 0.8999999999999896971 ) ) ;
#1309 = CARTESIAN_POINT ( 'NONE',  ( 1.500000000000003109, 0.5005948168962619516, 1.100000000000010303 ) ) ;
#1310 = DIRECTION ( 'NONE',  ( 0.000000000000000000, 0.000000000000000000, 1.000000000000000000 ) ) ;
#1311 = EDGE_CURVE ( 'NONE', #1371, #956, #6785, .T. ) ;
#1312 = EDGE_CURVE ( 'NONE', #793, #8376, #6066, .T. ) ;
#1313 = CARTESIAN_POINT ( 'NONE',  ( -1.100000000000004974, 0.000000000000000000, 1.229999999999999760 ) ) ;
#1314 = EDGE_CURVE ( 'NONE', #3435, #8167, #513, .T. ) ;
#1315 = DIRECTION ( 'NONE',  ( 0.000000000000000000, 0.000000000000000000, -1.000000000000000000 ) ) ;
#1316 = CARTESIAN_POINT ( 'NONE',  ( -0.5000000000000052180, 0.000000000000000000, 1.130000000000003668 ) ) ;
#1317 = PRESENTATION_LAYER_ASSIGNMENT (  '', '', ( #5632 ) ) ;
#1318 = VERTEX_POINT ( 'NONE', #2635 ) ;
#1319 = DIRECTION ( 'NONE',  ( 1.000000000000000000, 0.000000000000000000, 0.000000000000000000 ) ) ;
#1320 = DIRECTION ( 'NONE',  ( 0.000000000000000000, 0.000000000000000000, -1.000000000000000000 ) ) ;
#1321 = ORIENTED_EDGE ( 'NONE', *, *, #6980, .T. ) ;
#1322 = ADVANCED_FACE ( 'NONE', ( #1988 ), #2684, .F. ) ;
#1323 = DIRECTION ( 'NONE',  ( 0.000000000000000000, 0.000000000000000000, -1.000000000000000000 ) ) ;
#1324 = VECTOR ( 'NONE', #8742, 1000.000000000000000 ) ;
#1326 = VERTEX_POINT ( 'NONE', #2572 ) ;
#1325 = EDGE_CURVE ( 'NONE', #6652, #5374, #6244, .T. ) ;
#1327 = ORIENTED_EDGE ( 'NONE', *, *, #2603, .F. ) ;
#1328 = DIRECTION ( 'NONE',  ( -1.000000000000000000, 0.000000000000000000, -0.000000000000000000 ) ) ;
#1329 = VECTOR ( 'NONE', #5333, 1000.000000000000000 ) ;
#1330 = CARTESIAN_POINT ( 'NONE',  ( 0.9000000000000050182, 0.000000000000000000, 1.500000000000021316 ) ) ;
#1331 = ORIENTED_EDGE ( 'NONE', *, *, #396, .T. ) ;
#1332 = CARTESIAN_POINT ( 'NONE',  ( -0.8000000000000000444, 0.000000000000000000, 0.000000000000000000 ) ) ;
#1333 = VECTOR ( 'NONE', #5538, 1000.000000000000000 ) ;
#1334 = FACE_BOUND ( 'NONE', #8377, .T. ) ;
#1335 = EDGE_LOOP ( 'NONE', ( #1672, #7041, #2043, #2581 ) ) ;
#1336 = AXIS2_PLACEMENT_3D ( 'NONE', #2646, #7682, #8426 ) ;
#1337 = CARTESIAN_POINT ( 'NONE',  ( -0.2999999999999950484, 0.5005948168962619516, 1.500000000000012879 ) ) ;
#1338 = SURFACE_STYLE_FILL_AREA ( #4877 ) ;
#1339 = CARTESIAN_POINT ( 'NONE',  ( 0.9000000000000052403, 0.07999999999999998779, -1.500000000000000444 ) ) ;
#1340 = CARTESIAN_POINT ( 'NONE',  ( -0.8999999999999952482, 0.000000000000000000, 1.130000000000007221 ) ) ;
#1341 = VECTOR ( 'NONE', #5721, 1000.000000000000000 ) ;
#1342 = DIRECTION ( 'NONE',  ( -0.000000000000000000, -1.000000000000000000, -0.000000000000000000 ) ) ;
#1343 = CARTESIAN_POINT ( 'NONE',  ( -0.7249999999999998668, 0.4535533905932740972, -0.8250000000000117240 ) ) ;
#1344 = CARTESIAN_POINT ( 'NONE',  ( -0.09999999999999462097, 0.5005948168962619516, -1.500000000000009104 ) ) ;
#1345 = CARTESIAN_POINT ( 'NONE',  ( -1.130000000000008997, -0.3605551275463988459, 0.1000000000000101225 ) ) ;
#1346 = VECTOR ( 'NONE', #6288, 1000.000000000000000 ) ;
#1347 =( NAMED_UNIT ( * ) SI_UNIT ( $, .STERADIAN. ) SOLID_ANGLE_UNIT ( ) );
#1348 = AXIS2_PLACEMENT_3D ( 'NONE', #75, #2212, #2868 ) ;
#1349 = ORIENTED_EDGE ( 'NONE', *, *, #1404, .T. ) ;
#1350 = CLOSED_SHELL ( 'NONE', ( #5359, #3176, #3117, #1886, #3915, #4891 ) ) ;
#1351 = COLOUR_RGB ( '',1.000000000000000000, 0.8117647058823529438, 0.5019607843137254832 ) ;
#1352 = FILL_AREA_STYLE ('',( #5687 ) ) ;
#1353 =( NAMED_UNIT ( * ) SI_UNIT ( $, .STERADIAN. ) SOLID_ANGLE_UNIT ( ) );
#1354 = DIRECTION ( 'NONE',  ( 1.000000000000000000, 0.000000000000000000, 0.000000000000000000 ) ) ;
#1355 = ORIENTED_EDGE ( 'NONE', *, *, #525, .F. ) ;
#1356 = CLOSED_SHELL ( 'NONE', ( #655, #7881, #1705, #5431, #7718, #5062 ) ) ;
#1357 = CIRCLE ( 'NONE', #2226, 0.1250000000000003331 ) ;
#1358 = CARTESIAN_POINT ( 'NONE',  ( 1.100000000000004974, 0.07999999999999998779, -1.130000000000000338 ) ) ;
#1359 = CARTESIAN_POINT ( 'NONE',  ( 0.000000000000000000, 0.08000000000000000167, 0.000000000000000000 ) ) ;
#1360 = ORIENTED_EDGE ( 'NONE', *, *, #3067, .T. ) ;
#1361 = VECTOR ( 'NONE', #9258, 1000.000000000000000 ) ;
#1362 = LINE ( 'NONE', #3421, #7164 ) ;
#1363 = CARTESIAN_POINT ( 'NONE',  ( 0.000000000000000000, 0.000000000000000000, 0.000000000000000000 ) ) ;
#1364 = ORIENTED_EDGE ( 'NONE', *, *, #8683, .T. ) ;
#1365 = ORIENTED_EDGE ( 'NONE', *, *, #7557, .T. ) ;
#1366 = VECTOR ( 'NONE', #9069, 1000.000000000000000 ) ;
#1367 = ADVANCED_FACE ( 'NONE', ( #6177 ), #4016, .F. ) ;
#1368 = VECTOR ( 'NONE', #7011, 1000.000000000000000 ) ;
#1369 =( LENGTH_UNIT ( ) NAMED_UNIT ( * ) SI_UNIT ( .MILLI., .METRE. ) );
#1370 = ADVANCED_FACE ( 'NONE', ( #6843 ), #5256, .F. ) ;
#1371 = VERTEX_POINT ( 'NONE', #6130 ) ;
#1372 = VERTEX_POINT ( 'NONE', #7732 ) ;
#1373 = LINE ( 'NONE', #5528, #8051 ) ;
#1374 = EDGE_CURVE ( 'NONE', #7387, #3903, #5471, .T. ) ;
#1375 = DIRECTION ( 'NONE',  ( 0.000000000000000000, 1.000000000000000000, 0.000000000000000000 ) ) ;
#1376 = AXIS2_PLACEMENT_3D ( 'NONE', #7698, #8444, #7608 ) ;
#1377 = ORIENTED_EDGE ( 'NONE', *, *, #3128, .T. ) ;
#1378 = LINE ( 'NONE', #1414, #1676 ) ;
#1379 = EDGE_CURVE ( 'NONE', #8606, #7916, #9042, .T. ) ;
#1380 = PLANE ( 'NONE',  #3149 ) ;
#1381 = VERTEX_POINT ( 'NONE', #8298 ) ;
#1382 = CARTESIAN_POINT ( 'NONE',  ( 1.130000000000010330, 0.07999999999999998779, -0.9999999999999900080 ) ) ;
#1383 = CARTESIAN_POINT ( 'NONE',  ( 0.7000000000000052847, 0.08000000000000000167, 1.130000000000003668 ) ) ;
#1384 = CARTESIAN_POINT ( 'NONE',  ( -1.130000000000010330, 0.000000000000000000, -0.8999999999999896971 ) ) ;
#1385 = CARTESIAN_POINT ( 'NONE',  ( 1.130000000000008997, 0.000000000000000000, -0.09999999999998980538 ) ) ;
#1386 = DIRECTION ( 'NONE',  ( -1.000000000000000000, 0.000000000000000000, 0.000000000000000000 ) ) ;
#1387 = PLANE ( 'NONE',  #8220 ) ;
#1388 = ORIENTED_EDGE ( 'NONE', *, *, #5694, .F. ) ;
#1389 = ORIENTED_EDGE ( 'NONE', *, *, #83, .T. ) ;
#1390 = CARTESIAN_POINT ( 'NONE',  ( 0.7000000000000050626, 0.000000000000000000, 1.130000000000018767 ) ) ;
#1391 = FACE_OUTER_BOUND ( 'NONE', #21, .T. ) ;
#1392 = CARTESIAN_POINT ( 'NONE',  ( 0.9000000000000051292, -0.3605551275463988459, -1.130000000000000338 ) ) ;
#1393 = UNCERTAINTY_MEASURE_WITH_UNIT (LENGTH_MEASURE( 1.000000000000000082E-05 ), #4904, 'distance_accuracy_value', 'NONE');
#1394 = DIRECTION ( 'NONE',  ( -0.000000000000000000, -1.000000000000000000, -0.000000000000000000 ) ) ;
#1395 = DIRECTION ( 'NONE',  ( 0.000000000000000000, 0.000000000000000000, -1.000000000000000000 ) ) ;
#1396 = DIRECTION ( 'NONE',  ( -1.000000000000000000, 0.000000000000000000, 0.000000000000000000 ) ) ;
#1397 = ORIENTED_EDGE ( 'NONE', *, *, #102, .F. ) ;
#1398 = ORIENTED_EDGE ( 'NONE', *, *, #3419, .F. ) ;
#1399 = CARTESIAN_POINT ( 'NONE',  ( 1.000000000000004441, -0.3605551275463988459, 1.130000000000000338 ) ) ;
#1400 = CARTESIAN_POINT ( 'NONE',  ( -1.129999999999999893, 0.5005948168962619516, -1.099999999999989875 ) ) ;
#1401 = SURFACE_STYLE_FILL_AREA ( #2925 ) ;
#1402 = EDGE_LOOP ( 'NONE', ( #6527, #2792, #2722, #1327 ) ) ;
#1403 = CARTESIAN_POINT ( 'NONE',  ( -0.9750000000000000888, 0.1000000000000000056, -0.5750000000000119460 ) ) ;
#1404 = EDGE_CURVE ( 'NONE', #2028, #3621, #2614, .T. ) ;
#1405 = DIRECTION ( 'NONE',  ( -1.000000000000000000, 0.000000000000000000, 0.000000000000000000 ) ) ;
#1406 = VERTEX_POINT ( 'NONE', #491 ) ;
#1407 = LINE ( 'NONE', #41, #2444 ) ;
#1408 = EDGE_CURVE ( 'NONE', #8913, #6849, #7423, .T. ) ;
#1409 = EDGE_LOOP ( 'NONE', ( #1122, #8535, #3258, #1052 ) ) ;
#1410 = CARTESIAN_POINT ( 'NONE',  ( 1.100000000000004974, -0.3605551275463988459, 1.229999999999999760 ) ) ;
#1411 = CARTESIAN_POINT ( 'NONE',  ( -1.130000000000010330, 0.000000000000000000, 0.8999999999999896971 ) ) ;
#1412 = EDGE_CURVE ( 'NONE', #7399, #269, #1234, .T. ) ;
#1413 = ORIENTED_EDGE ( 'NONE', *, *, #2957, .T. ) ;
#1414 = CARTESIAN_POINT ( 'NONE',  ( 0.5000000000000052180, 0.5005948168962619516, -1.130000000000003668 ) ) ;
#1415 = CARTESIAN_POINT ( 'NONE',  ( 1.430000000000000160, 0.08000000000000000167, 0.6999999999999899636 ) ) ;
#1416 = ORIENTED_EDGE ( 'NONE', *, *, #287, .F. ) ;
#1417 = STYLED_ITEM ( 'NONE', ( #9237 ), #3357 ) ;
#1418 = CARTESIAN_POINT ( 'NONE',  ( -1.499999999999999778, 0.1049999999999999545, -1.500000000000000222 ) ) ;
#1419 = UNCERTAINTY_MEASURE_WITH_UNIT (LENGTH_MEASURE( 1.000000000000000082E-05 ), #1807, 'distance_accuracy_value', 'NONE');
#1420 = ADVANCED_FACE ( 'NONE', ( #1708 ), #1922, .F. ) ;
#1421 = ADVANCED_FACE ( 'NONE', ( #6218 ), #7035, .F. ) ;
#1422 = VECTOR ( 'NONE', #4085, 1000.000000000000000 ) ;
#1424 = COLOUR_RGB ( '',1.000000000000000000, 0.8117647058823529438, 0.5019607843137254832 ) ;
#1423 = DIRECTION ( 'NONE',  ( 0.000000000000000000, 1.000000000000000000, 0.000000000000000000 ) ) ;
#1425 = EDGE_CURVE ( 'NONE', #8606, #850, #4769, .T. ) ;
#1426 = LINE ( 'NONE', #4267, #638 ) ;
#1427 = CARTESIAN_POINT ( 'NONE',  ( -0.2999999999999949374, 0.000000000000000000, 1.499999999999999778 ) ) ;
#1428 = SURFACE_STYLE_FILL_AREA ( #9207 ) ;
#1429 = VECTOR ( 'NONE', #1771, 1000.000000000000000 ) ;
#1430 = LINE ( 'NONE', #1344, #5456 ) ;
#1431 = DIRECTION ( 'NONE',  ( 1.000000000000000000, -0.000000000000000000, -0.000000000000000000 ) ) ;
#1432 = SURFACE_STYLE_FILL_AREA ( #7713 ) ;
#1433 = COLOUR_RGB ( '',1.000000000000000000, 0.8117647058823529438, 0.5019607843137254832 ) ;
#1434 = FACE_OUTER_BOUND ( 'NONE', #6745, .T. ) ;
#1435 = ORIENTED_EDGE ( 'NONE', *, *, #5928, .F. ) ;
#1436 = VERTEX_POINT ( 'NONE', #535 ) ;
#1437 = LINE ( 'NONE', #7722, #3523 ) ;
#1438 =( NAMED_UNIT ( * ) SI_UNIT ( $, .STERADIAN. ) SOLID_ANGLE_UNIT ( ) );
#1439 = CARTESIAN_POINT ( 'NONE',  ( -0.9000000000000051292, -0.3605551275463988459, 1.430000000000000382 ) ) ;
#1440 = PRESENTATION_LAYER_ASSIGNMENT (  '', '', ( #7586 ) ) ;
#1441 =( NAMED_UNIT ( * ) PLANE_ANGLE_UNIT ( ) SI_UNIT ( $, .RADIAN. ) );
#1442 = CARTESIAN_POINT ( 'NONE',  ( 0.000000000000000000, 0.000000000000000000, 0.000000000000000000 ) ) ;
#1443 = DIRECTION ( 'NONE',  ( 1.000000000000000000, 0.000000000000000000, 0.000000000000000000 ) ) ;
#1444 = ORIENTED_EDGE ( 'NONE', *, *, #7521, .F. ) ;
#1445 = CARTESIAN_POINT ( 'NONE',  ( -1.130000000000008997, 0.08000000000000000167, 0.3000000000000102029 ) ) ;
#1446 = CARTESIAN_POINT ( 'NONE',  ( -0.4999999999999947820, 0.000000000000000000, 1.130000000000010330 ) ) ;
#1447 = SURFACE_SIDE_STYLE ('',( #1401 ) ) ;
#1448 = VERTEX_POINT ( 'NONE', #3372 ) ;
#1449 = CARTESIAN_POINT ( 'NONE',  ( -0.4999999999999950040, 0.5005948168962619516, 1.500000000000010214 ) ) ;
#1450 = FILL_AREA_STYLE ('',( #6463 ) ) ;
#1451 = ORIENTED_EDGE ( 'NONE', *, *, #851, .F. ) ;
#1452 = VERTEX_POINT ( 'NONE', #630 ) ;
#1453 = ORIENTED_EDGE ( 'NONE', *, *, #4381, .F. ) ;
#1454 = STYLED_ITEM ( 'NONE', ( #7104 ), #332 ) ;
#1455 = ORIENTED_EDGE ( 'NONE', *, *, #2725, .T. ) ;
#1456 = DIRECTION ( 'NONE',  ( -0.000000000000000000, 0.000000000000000000, -1.000000000000000000 ) ) ;
#1457 = VECTOR ( 'NONE', #9020, 1000.000000000000000 ) ;
#1458 = CARTESIAN_POINT ( 'NONE',  ( -0.7000000000000052847, 0.000000000000000000, 1.130000000000003668 ) ) ;
#1459 = ORIENTED_EDGE ( 'NONE', *, *, #8124, .F. ) ;
#1460 = FACE_OUTER_BOUND ( 'NONE', #486, .T. ) ;
#1461 = DIRECTION ( 'NONE',  ( -1.000000000000000000, -0.000000000000000000, -8.673617379884027583E-16 ) ) ;
#1462 = PLANE ( 'NONE',  #6275 ) ;
#1463 = ORIENTED_EDGE ( 'NONE', *, *, #222, .T. ) ;
#1464 = LINE ( 'NONE', #8619, #5605 ) ;
#1465 = AXIS2_PLACEMENT_3D ( 'NONE', #3375, #1880, #4724 ) ;
#1466 = FACE_OUTER_BOUND ( 'NONE', #1242, .T. ) ;
#1467 = VECTOR ( 'NONE', #642, 1000.000000000000000 ) ;
#1468 = AXIS2_PLACEMENT_3D ( 'NONE', #1503, #6506, #2927 ) ;
#1469 = SURFACE_SIDE_STYLE ('',( #818 ) ) ;
#1470 = EDGE_CURVE ( 'NONE', #293, #4382, #8813, .T. ) ;
#1471 =( LENGTH_UNIT ( ) NAMED_UNIT ( * ) SI_UNIT ( .MILLI., .METRE. ) );
#1472 = FILL_AREA_STYLE ('',( #8678 ) ) ;
#1473 = EDGE_CURVE ( 'NONE', #2987, #8422, #2391, .T. ) ;
#1474 = UNCERTAINTY_MEASURE_WITH_UNIT (LENGTH_MEASURE( 1.000000000000000082E-05 ), #3809, 'distance_accuracy_value', 'NONE');
#1475 = ADVANCED_FACE ( 'NONE', ( #3844 ), #430, .F. ) ;
#1476 = VECTOR ( 'NONE', #6237, 1000.000000000000000 ) ;
#1477 = CARTESIAN_POINT ( 'NONE',  ( -0.9000000000000051292, 0.08000000000000000167, 1.130000000000000338 ) ) ;
#1478 = DIRECTION ( 'NONE',  ( 0.000000000000000000, 0.000000000000000000, 1.000000000000000000 ) ) ;
#1479 = CARTESIAN_POINT ( 'NONE',  ( 0.9000000000000051292, -0.3605551275463988459, 1.130000000000000338 ) ) ;
#1480 = EDGE_CURVE ( 'NONE', #673, #6489, #4108, .T. ) ;
#1481 = EDGE_CURVE ( 'NONE', #1406, #8265, #6266, .T. ) ;
#1482 = SURFACE_STYLE_FILL_AREA ( #5262 ) ;
#1483 = EDGE_CURVE ( 'NONE', #8880, #991, #227, .T. ) ;
#1484 = CARTESIAN_POINT ( 'NONE',  ( 1.130000000000010330, -0.3605551275463988459, -0.9999999999999900080 ) ) ;
#1485 = VERTEX_POINT ( 'NONE', #7395 ) ;
#1486 = STYLED_ITEM ( 'NONE', ( #3454 ), #2874 ) ;
#1487 = VERTEX_POINT ( 'NONE', #789 ) ;
#1488 = LINE ( 'NONE', #701, #6978 ) ;
#1489 = PLANE ( 'NONE',  #3991 ) ;
#1490 = CARTESIAN_POINT ( 'NONE',  ( -1.499999999999999778, 0.9699999999999999734, -1.500000000000000222 ) ) ;
#1491 = EDGE_CURVE ( 'NONE', #8587, #6028, #3627, .T. ) ;
#1492 = AXIS2_PLACEMENT_3D ( 'NONE', #1119, #4752, #4050 ) ;
#1493 = DIRECTION ( 'NONE',  ( -5.860552283705430865E-16, 0.000000000000000000, 1.000000000000000000 ) ) ;
#1494 = FILL_AREA_STYLE_COLOUR ( '', #4173 ) ;
#1495 = SURFACE_SIDE_STYLE ('',( #3676 ) ) ;
#1496 = VERTEX_POINT ( 'NONE', #978 ) ;
#1497 = UNCERTAINTY_MEASURE_WITH_UNIT (LENGTH_MEASURE( 1.000000000000000082E-05 ), #5642, 'distance_accuracy_value', 'NONE');
#1498 = ORIENTED_EDGE ( 'NONE', *, *, #3531, .F. ) ;
#1499 = AXIS2_PLACEMENT_3D ( 'NONE', #2790, #5735, #9234 ) ;
#1500 = CARTESIAN_POINT ( 'NONE',  ( 1.500000000000000222, 0.000000000000000000, -1.500000000000000222 ) ) ;
#1501 = PLANE ( 'NONE',  #8940 ) ;
#1502 = PRESENTATION_STYLE_ASSIGNMENT (( #8561 ) ) ;
#1503 = CARTESIAN_POINT ( 'NONE',  ( -1.100000000000004974, -0.3605551275463988459, -1.430000000000000382 ) ) ;
#1504 = LINE ( 'NONE', #5934, #2468 ) ;
#1505 = CARTESIAN_POINT ( 'NONE',  ( -0.9000000000000051292, 0.08000000000000000167, -1.430000000000000382 ) ) ;
#1506 = VECTOR ( 'NONE', #2203, 1000.000000000000000 ) ;
#1507 = ORIENTED_EDGE ( 'NONE', *, *, #8796, .F. ) ;
#1508 = ORIENTED_EDGE ( 'NONE', *, *, #4793, .F. ) ;
#1509 = PRESENTATION_LAYER_ASSIGNMENT (  '', '', ( #1811 ) ) ;
#1510 = CARTESIAN_POINT ( 'NONE',  ( -0.8000000000000000444, 0.08000000000000000167, 0.000000000000000000 ) ) ;
#1511 = CARTESIAN_POINT ( 'NONE',  ( 1.430000000000000160, -0.3605551275463988459, -0.6999999999999899636 ) ) ;
#1512 = COLOUR_RGB ( '',1.000000000000000000, 0.8117647058823529438, 0.5019607843137254832 ) ;
#1513 = LINE ( 'NONE', #7324, #270 ) ;
#1514 = PLANE ( 'NONE',  #5971 ) ;
#1515 = ORIENTED_EDGE ( 'NONE', *, *, #1945, .T. ) ;
#1516 = PLANE ( 'NONE',  #8782 ) ;
#1517 = STYLED_ITEM ( 'NONE', ( #5729 ), #466 ) ;
#1518 = ORIENTED_EDGE ( 'NONE', *, *, #8729, .F. ) ;
#1519 = VECTOR ( 'NONE', #5485, 1000.000000000000000 ) ;
#1520 = LINE ( 'NONE', #8031, #1821 ) ;
#1521 = CARTESIAN_POINT ( 'NONE',  ( 0.000000000000000000, 0.08000000000000000167, 0.000000000000000000 ) ) ;
#1522 = DIRECTION ( 'NONE',  ( 0.000000000000000000, -1.000000000000000000, -0.000000000000000000 ) ) ;
#1523 = EDGE_CURVE ( 'NONE', #8673, #5977, #8644, .T. ) ;
#1524 = LINE ( 'NONE', #3575, #7483 ) ;
#1525 = EDGE_CURVE ( 'NONE', #1280, #6569, #2918, .T. ) ;
#1526 = DIRECTION ( 'NONE',  ( 1.000000000000000000, 0.000000000000000000, -0.000000000000000000 ) ) ;
#1527 = ORIENTED_EDGE ( 'NONE', *, *, #2387, .T. ) ;
#1528 = CARTESIAN_POINT ( 'NONE',  ( 0.000000000000000000, 0.08000000000000000167, 0.000000000000000000 ) ) ;
#1529 = ORIENTED_EDGE ( 'NONE', *, *, #6283, .T. ) ;
#1530 = ADVANCED_FACE ( 'NONE', ( #2974 ), #4417, .F. ) ;
#1531 = DIRECTION ( 'NONE',  ( 1.000000000000000000, 0.000000000000000000, 0.000000000000000000 ) ) ;
#1532 = LINE ( 'NONE', #6644, #3094 ) ;
#1533 = PLANE ( 'NONE',  #9134 ) ;
#1534 = LINE ( 'NONE', #3814, #6670 ) ;
#1535 = EDGE_CURVE ( 'NONE', #2551, #1571, #5221, .T. ) ;
#1536 = DIRECTION ( 'NONE',  ( 0.000000000000000000, 0.000000000000000000, 1.000000000000000000 ) ) ;
#1537 = UNCERTAINTY_MEASURE_WITH_UNIT (LENGTH_MEASURE( 1.000000000000000082E-05 ), #9038, 'distance_accuracy_value', 'NONE');
#1538 = ORIENTED_EDGE ( 'NONE', *, *, #8978, .F. ) ;
#1539 = ORIENTED_EDGE ( 'NONE', *, *, #7434, .T. ) ;
#1540 = EDGE_CURVE ( 'NONE', #7485, #5189, #3727, .T. ) ;
#1541 = DIRECTION ( 'NONE',  ( 0.000000000000000000, 0.000000000000000000, -1.000000000000000000 ) ) ;
#1542 = DIRECTION ( 'NONE',  ( -1.000000000000000000, 0.000000000000000000, -0.000000000000000000 ) ) ;
#1543 = PRESENTATION_STYLE_ASSIGNMENT (( #7963 ) ) ;
#1544 = LINE ( 'NONE', #8523, #875 ) ;
#1545 = LINE ( 'NONE', #7261, #559 ) ;
#1546 = ORIENTED_EDGE ( 'NONE', *, *, #6460, .F. ) ;
#1547 =( NAMED_UNIT ( * ) PLANE_ANGLE_UNIT ( ) SI_UNIT ( $, .RADIAN. ) );
#1548 = VERTEX_POINT ( 'NONE', #277 ) ;
#1549 = ORIENTED_EDGE ( 'NONE', *, *, #2385, .T. ) ;
#1550 = CARTESIAN_POINT ( 'NONE',  ( -1.430000000000000160, 0.08000000000000000167, -0.09999999999998980538 ) ) ;
#1551 = LINE ( 'NONE', #96, #3380 ) ;
#1552 = ORIENTED_EDGE ( 'NONE', *, *, #2387, .F. ) ;
#1553 = PRESENTATION_STYLE_ASSIGNMENT (( #7874 ) ) ;
#1554 = EDGE_CURVE ( 'NONE', #5006, #1571, #3108, .T. ) ;
#1555 = LINE ( 'NONE', #7875, #3556 ) ;
#1556 = CARTESIAN_POINT ( 'NONE',  ( 1.000000000000004441, -0.3605551275463988459, 1.130000000000000338 ) ) ;
#1557 = ORIENTED_EDGE ( 'NONE', *, *, #3238, .F. ) ;
#1558 = LINE ( 'NONE', #2894, #8902 ) ;
#1559 = LINE ( 'NONE', #8760, #1620 ) ;
#1560 = CARTESIAN_POINT ( 'NONE',  ( 1.100000000000004752, 0.000000000000000000, 1.130000000000021210 ) ) ;
#1561 = CARTESIAN_POINT ( 'NONE',  ( -1.500000000000003775, 0.000000000000000000, 0.3000000000000100919 ) ) ;
#1562 = AXIS2_PLACEMENT_3D ( 'NONE', #8438, #1885, #1323 ) ;
#1563 = CARTESIAN_POINT ( 'NONE',  ( -1.130000000000005445, 0.07999999999999998779, 0.5000000000000099920 ) ) ;
#1564 = DIRECTION ( 'NONE',  ( -0.000000000000000000, -1.000000000000000000, -0.000000000000000000 ) ) ;
#1565 = FILL_AREA_STYLE_COLOUR ( '', #7051 ) ;
#1566 = DIRECTION ( 'NONE',  ( -0.7071067811865536790, -0.000000000000000000, 0.7071067811865414665 ) ) ;
#1567 = LINE ( 'NONE', #4405, #1134 ) ;
#1568 = AXIS2_PLACEMENT_3D ( 'NONE', #3528, #1303, #6299 ) ;
#1569 = PLANE ( 'NONE',  #3433 ) ;
#1570 = AXIS2_PLACEMENT_3D ( 'NONE', #2959, #965, #8137 ) ;
#1571 = VERTEX_POINT ( 'NONE', #2261 ) ;
#1572 = COLOUR_RGB ( '',1.000000000000000000, 0.8117647058823529438, 0.5019607843137254832 ) ;
#1573 = EDGE_LOOP ( 'NONE', ( #5555, #5514, #8467, #6174, #1814 ) ) ;
#1574 = EDGE_LOOP ( 'NONE', ( #6497, #5656, #7346, #2734 ) ) ;
#1575 = EDGE_CURVE ( 'NONE', #956, #2852, #5025, .T. ) ;
#1576 = LINE ( 'NONE', #8142, #8025 ) ;
#1577 = CARTESIAN_POINT ( 'NONE',  ( -1.499999999999999778, 0.000000000000000000, 1.499999999999999778 ) ) ;
#1578 =( LENGTH_UNIT ( ) NAMED_UNIT ( * ) SI_UNIT ( .MILLI., .METRE. ) );
#1579 = VECTOR ( 'NONE', #8870, 1000.000000000000000 ) ;
#1580 = DIRECTION ( 'NONE',  ( 0.7071067811865414665, -0.000000000000000000, 0.7071067811865536790 ) ) ;
#1581 = CARTESIAN_POINT ( 'NONE',  ( -1.100000000000004974, 0.000000000000000000, -1.430000000000000382 ) ) ;
#1582 = VECTOR ( 'NONE', #8459, 1000.000000000000000 ) ;
#1583 = ORIENTED_EDGE ( 'NONE', *, *, #1095, .T. ) ;
#1584 = ORIENTED_EDGE ( 'NONE', *, *, #4200, .T. ) ;
#1585 = EDGE_CURVE ( 'NONE', #7313, #1045, #74, .T. ) ;
#1586 = VECTOR ( 'NONE', #3893, 1000.000000000000000 ) ;
#1587 = EDGE_CURVE ( 'NONE', #6028, #2997, #5170, .T. ) ;
#1588 = PLANE ( 'NONE',  #3138 ) ;
#1589 = AXIS2_PLACEMENT_3D ( 'NONE', #2000, #1959, #5508 ) ;
#1590 = VECTOR ( 'NONE', #2986, 1000.000000000000000 ) ;
#1591 = CARTESIAN_POINT ( 'NONE',  ( 1.130000000000003446, 0.5005948168962619516, 1.100000000000010303 ) ) ;
#1592 = LINE ( 'NONE', #6939, #7018 ) ;
#1593 = EDGE_LOOP ( 'NONE', ( #3668, #6453, #245, #1189 ) ) ;
#1594 = DIRECTION ( 'NONE',  ( -0.000000000000000000, 1.000000000000000000, -0.000000000000000000 ) ) ;
#1595 = SURFACE_STYLE_FILL_AREA ( #8843 ) ;
#1596 = CARTESIAN_POINT ( 'NONE',  ( 0.000000000000000000, 0.08000000000000000167, 0.000000000000000000 ) ) ;
#1597 = ORIENTED_EDGE ( 'NONE', *, *, #6556, .T. ) ;
#1598 = EDGE_CURVE ( 'NONE', #3325, #2923, #185, .T. ) ;
#1599 = ADVANCED_FACE ( 'NONE', ( #4515 ), #5879, .F. ) ;
#1600 = EDGE_CURVE ( 'NONE', #1711, #8673, #2407, .T. ) ;
#1601 = EDGE_CURVE ( 'NONE', #4655, #5263, #1026, .T. ) ;
#1602 = CARTESIAN_POINT ( 'NONE',  ( -1.230000000000011973, 0.000000000000000000, -1.099999999999989875 ) ) ;
#1603 = ORIENTED_EDGE ( 'NONE', *, *, #5867, .F. ) ;
#1604 = ADVANCED_FACE ( 'NONE', ( #7624 ), #3954, .F. ) ;
#1605 = CARTESIAN_POINT ( 'NONE',  ( 0.3000000000000052625, -0.3605551275463988459, -1.430000000000000382 ) ) ;
#1606 = FACE_OUTER_BOUND ( 'NONE', #5172, .T. ) ;
#1607 = VERTEX_POINT ( 'NONE', #3207 ) ;
#1608 = EDGE_CURVE ( 'NONE', #6972, #1849, #1168, .T. ) ;
#1609 = CARTESIAN_POINT ( 'NONE',  ( -1.430000000000000160, -0.3605551275463988459, -1.099999999999989875 ) ) ;
#1610 = LINE ( 'NONE', #4261, #9105 ) ;
#1611 =( GEOMETRIC_REPRESENTATION_CONTEXT ( 3 ) GLOBAL_UNCERTAINTY_ASSIGNED_CONTEXT ( ( #6444 ) ) GLOBAL_UNIT_ASSIGNED_CONTEXT ( ( #2840, #8600, #7123 ) ) REPRESENTATION_CONTEXT ( 'NONE', 'WORKASPACE' ) );
#1612 = DIRECTION ( 'NONE',  ( 1.000000000000000000, 0.000000000000000000, -0.000000000000000000 ) ) ;
#1613 = CARTESIAN_POINT ( 'NONE',  ( -1.130000000000008997, 0.000000000000000000, 0.6999999999999899636 ) ) ;
#1614 = DIRECTION ( 'NONE',  ( -0.7071067811865536790, 0.000000000000000000, -0.7071067811865414665 ) ) ;
#1615 = PLANE ( 'NONE',  #6142 ) ;
#1616 = CARTESIAN_POINT ( 'NONE',  ( 0.7000000000000052847, -1.084202172485504434E-16, -1.430000000000000382 ) ) ;
#1617 = FACE_OUTER_BOUND ( 'NONE', #2324, .T. ) ;
#1618 = CARTESIAN_POINT ( 'NONE',  ( 0.000000000000000000, 0.08000000000000000167, 0.000000000000000000 ) ) ;
#1619 = CARTESIAN_POINT ( 'NONE',  ( 1.130000000000005000, 0.000000000000000000, 0.5000000000000099920 ) ) ;
#1620 = VECTOR ( 'NONE', #204, 1000.000000000000000 ) ;
#1621 = ORIENTED_EDGE ( 'NONE', *, *, #7562, .F. ) ;
#1622 = AXIS2_PLACEMENT_3D ( 'NONE', #4493, #3835, #5246 ) ;
#1623 = CARTESIAN_POINT ( 'NONE',  ( 1.100000000000004974, 0.000000000000000000, -1.229999999999999760 ) ) ;
#1624 = ORIENTED_EDGE ( 'NONE', *, *, #8303, .T. ) ;
#1625 = EDGE_LOOP ( 'NONE', ( #4905, #7782, #2046, #3746 ) ) ;
#1626 = DIRECTION ( 'NONE',  ( 0.000000000000000000, 0.000000000000000000, 1.000000000000000000 ) ) ;
#1627 = DIRECTION ( 'NONE',  ( 1.000000000000000000, 0.000000000000000000, 8.673617379884027583E-16 ) ) ;
#1628 = LINE ( 'NONE', #3016, #6133 ) ;
#1629 =( GEOMETRIC_REPRESENTATION_CONTEXT ( 3 ) GLOBAL_UNCERTAINTY_ASSIGNED_CONTEXT ( ( #7140 ) ) GLOBAL_UNIT_ASSIGNED_CONTEXT ( ( #403, #6730, #7430 ) ) REPRESENTATION_CONTEXT ( 'NONE', 'WORKASPACE' ) );
#1630 = CARTESIAN_POINT ( 'NONE',  ( 0.5000000000000048850, 0.000000000000000000, 1.130000000000018767 ) ) ;
#1631 =( NAMED_UNIT ( * ) PLANE_ANGLE_UNIT ( ) SI_UNIT ( $, .RADIAN. ) );
#1632 = DIRECTION ( 'NONE',  ( 1.000000000000000000, 0.000000000000000000, -1.084202172485505223E-15 ) ) ;
#1633 = UNCERTAINTY_MEASURE_WITH_UNIT (LENGTH_MEASURE( 1.000000000000000082E-05 ), #7029, 'distance_accuracy_value', 'NONE');
#1634 = PLANE ( 'NONE',  #3112 ) ;
#1635 = ORIENTED_EDGE ( 'NONE', *, *, #525, .T. ) ;
#1636 = ORIENTED_EDGE ( 'NONE', *, *, #5076, .T. ) ;
#1637 = AXIS2_PLACEMENT_3D ( 'NONE', #660, #4975, #5771 ) ;
#1638 = CARTESIAN_POINT ( 'NONE',  ( 1.130000000000008997, -0.3605551275463988459, -0.6999999999999899636 ) ) ;
#1639 = CARTESIAN_POINT ( 'NONE',  ( 1.130000000000008997, -0.3605551275463988459, -0.2999999999999898859 ) ) ;
#1640 = ORIENTED_EDGE ( 'NONE', *, *, #3009, .F. ) ;
#1641 = VECTOR ( 'NONE', #4507, 1000.000000000000000 ) ;
#1642 = FILL_AREA_STYLE ('',( #2415 ) ) ;
#1643 = DIRECTION ( 'NONE',  ( -5.860552283705430865E-16, -0.000000000000000000, 1.000000000000000000 ) ) ;
#1644 = ORIENTED_EDGE ( 'NONE', *, *, #8526, .T. ) ;
#1645 = ORIENTED_EDGE ( 'NONE', *, *, #7876, .T. ) ;
#1646 = CARTESIAN_POINT ( 'NONE',  ( 0.5000000000000048850, 0.07999999999999998779, 1.130000000000018767 ) ) ;
#1647 = EDGE_CURVE ( 'NONE', #7618, #2266, #6879, .T. ) ;
#1648 = VERTEX_POINT ( 'NONE', #7584 ) ;
#1649 = DIRECTION ( 'NONE',  ( 0.000000000000000000, 0.000000000000000000, -1.000000000000000000 ) ) ;
#1650 = VECTOR ( 'NONE', #2447, 1000.000000000000000 ) ;
#1651 =( GEOMETRIC_REPRESENTATION_CONTEXT ( 3 ) GLOBAL_UNCERTAINTY_ASSIGNED_CONTEXT ( ( #3776 ) ) GLOBAL_UNIT_ASSIGNED_CONTEXT ( ( #6941, #531, #9081 ) ) REPRESENTATION_CONTEXT ( 'NONE', 'WORKASPACE' ) );
#1652 = CARTESIAN_POINT ( 'NONE',  ( -1.130000000000005445, 0.07999999999999998779, 0.7000000000000100586 ) ) ;
#1653 = ORIENTED_EDGE ( 'NONE', *, *, #5484, .T. ) ;
#1654 = DIRECTION ( 'NONE',  ( 1.000000000000000000, 0.000000000000000000, 0.000000000000000000 ) ) ;
#1655 = ADVANCED_FACE ( 'NONE', ( #6833 ), #1772, .F. ) ;
#1656 = AXIS2_PLACEMENT_3D ( 'NONE', #6522, #2942, #8667 ) ;
#1657 = PLANE ( 'NONE',  #2815 ) ;
#1658 = ORIENTED_EDGE ( 'NONE', *, *, #9266, .T. ) ;
#1659 = SURFACE_SIDE_STYLE ('',( #8903 ) ) ;
#1660 = LINE ( 'NONE', #6004, #2948 ) ;
#1661 = VECTOR ( 'NONE', #5681, 1000.000000000000000 ) ;
#1662 = ADVANCED_FACE ( 'NONE', ( #1077 ), #8326, .T. ) ;
#1663 = SURFACE_STYLE_FILL_AREA ( #6775 ) ;
#1664 = VECTOR ( 'NONE', #2374, 1000.000000000000000 ) ;
#1665 = FACE_OUTER_BOUND ( 'NONE', #3032, .T. ) ;
#1666 = LINE ( 'NONE', #4505, #2388 ) ;
#1667 = VECTOR ( 'NONE', #6928, 1000.000000000000000 ) ;
#1668 = SURFACE_SIDE_STYLE ('',( #8084 ) ) ;
#1669 = CARTESIAN_POINT ( 'NONE',  ( -1.430000000000000160, -0.3605551275463988459, -0.4999999999999898415 ) ) ;
#1670 = VECTOR ( 'NONE', #3935, 1000.000000000000000 ) ;
#1671 = CARTESIAN_POINT ( 'NONE',  ( -1.129999999999999893, 0.000000000000000000, -0.9999999999999892308 ) ) ;
#1672 = ORIENTED_EDGE ( 'NONE', *, *, #5595, .F. ) ;
#1673 = CARTESIAN_POINT ( 'NONE',  ( -1.499999999999999778, 0.5005948168962619516, -1.099999999999989875 ) ) ;
#1674 = VERTEX_POINT ( 'NONE', #4613 ) ;
#1675 = EDGE_LOOP ( 'NONE', ( #957, #1864, #6019, #8285 ) ) ;
#1676 = VECTOR ( 'NONE', #7922, 1000.000000000000000 ) ;
#1677 = DIRECTION ( 'NONE',  ( -0.000000000000000000, 1.000000000000000000, -0.000000000000000000 ) ) ;
#1678 = CARTESIAN_POINT ( 'NONE',  ( -0.7000000000000052847, -0.3605551275463988459, -1.430000000000000382 ) ) ;
#1679 = LINE ( 'NONE', #7394, #6204 ) ;
#1680 = SURFACE_SIDE_STYLE ('',( #5077 ) ) ;
#1681 = CARTESIAN_POINT ( 'NONE',  ( -0.5000000000000052180, 0.08000000000000000167, 1.130000000000003668 ) ) ;
#1682 = CARTESIAN_POINT ( 'NONE',  ( -0.7000000000000052847, 0.08000000000000000167, 1.130000000000003668 ) ) ;
#1683 = ORIENTED_EDGE ( 'NONE', *, *, #5706, .F. ) ;
#1684 = ORIENTED_EDGE ( 'NONE', *, *, #6366, .F. ) ;
#1685 = CARTESIAN_POINT ( 'NONE',  ( -0.2999999999999948264, 0.08000000000000000167, -1.430000000000000382 ) ) ;
#1686 = DIRECTION ( 'NONE',  ( 0.000000000000000000, 1.000000000000000000, 0.000000000000000000 ) ) ;
#1687 = ORIENTED_EDGE ( 'NONE', *, *, #4737, .F. ) ;
#1688 = CARTESIAN_POINT ( 'NONE',  ( 1.230000000000011973, 0.08000000000000000167, 1.099999999999989875 ) ) ;
#1689 = DIRECTION ( 'NONE',  ( 0.000000000000000000, 0.000000000000000000, 1.000000000000000000 ) ) ;
#1690 = ORIENTED_EDGE ( 'NONE', *, *, #2429, .F. ) ;
#1691 = CARTESIAN_POINT ( 'NONE',  ( -0.9750000000000000888, 0.1000000000000000056, -0.8250000000000119460 ) ) ;
#1692 = ORIENTED_EDGE ( 'NONE', *, *, #3239, .F. ) ;
#1693 = ORIENTED_EDGE ( 'NONE', *, *, #3182, .T. ) ;
#1694 = CARTESIAN_POINT ( 'NONE',  ( 1.130000000000008997, 0.08000000000000000167, 0.6999999999999899636 ) ) ;
#1695 = ORIENTED_EDGE ( 'NONE', *, *, #6815, .T. ) ;
#1696 = EDGE_CURVE ( 'NONE', #415, #3085, #3254, .T. ) ;
#1697 = FILL_AREA_STYLE ('',( #384 ) ) ;
#1698 = CARTESIAN_POINT ( 'NONE',  ( -0.2999999999999950484, 0.07999999999999998779, 1.500000000000012879 ) ) ;
#1699 = EDGE_CURVE ( 'NONE', #3553, #1846, #5416, .T. ) ;
#1700 = PRESENTATION_STYLE_ASSIGNMENT (( #3836 ) ) ;
#1701 = CARTESIAN_POINT ( 'NONE',  ( -1.129999999999999893, 0.07999999999999998779, -1.099999999999989875 ) ) ;
#1702 = EDGE_LOOP ( 'NONE', ( #4484, #7453, #1597, #5407 ) ) ;
#1703 = CARTESIAN_POINT ( 'NONE',  ( -0.7249999999999998668, 0.1000000000000000056, -0.8250000000000117240 ) ) ;
#1704 = PLANE ( 'NONE',  #6719 ) ;
#1705 = ADVANCED_FACE ( 'NONE', ( #6788 ), #6114, .F. ) ;
#1706 = CARTESIAN_POINT ( 'NONE',  ( -1.000000000000004441, -0.3605551275463988459, 1.130000000000000338 ) ) ;
#1707 = DIRECTION ( 'NONE',  ( 0.000000000000000000, -1.000000000000000000, -0.000000000000000000 ) ) ;
#1708 = FACE_OUTER_BOUND ( 'NONE', #1036, .T. ) ;
#1709 = CARTESIAN_POINT ( 'NONE',  ( -1.130000000000010330, 0.000000000000000000, -0.9999999999999900080 ) ) ;
#1710 = CARTESIAN_POINT ( 'NONE',  ( -0.9750000000000000888, 0.09999999999999999167, -0.5750000000000119460 ) ) ;
#1711 = VERTEX_POINT ( 'NONE', #3165 ) ;
#1712 = ADVANCED_FACE ( 'NONE', ( #6025 ), #8877, .F. ) ;
#1713 = DIRECTION ( 'NONE',  ( 0.000000000000000000, 0.000000000000000000, -1.000000000000000000 ) ) ;
#1714 = ORIENTED_EDGE ( 'NONE', *, *, #5067, .F. ) ;
#1715 = EDGE_CURVE ( 'NONE', #6000, #2276, #2066, .T. ) ;
#1716 = EDGE_CURVE ( 'NONE', #8349, #7704, #4841, .T. ) ;
#1717 = PLANE ( 'NONE',  #1287 ) ;
#1718 = ORIENTED_EDGE ( 'NONE', *, *, #1575, .F. ) ;
#1719 =( GEOMETRIC_REPRESENTATION_CONTEXT ( 3 ) GLOBAL_UNCERTAINTY_ASSIGNED_CONTEXT ( ( #3021 ) ) GLOBAL_UNIT_ASSIGNED_CONTEXT ( ( #3639, #5093, #7129 ) ) REPRESENTATION_CONTEXT ( 'NONE', 'WORKASPACE' ) );
#1720 = ORIENTED_EDGE ( 'NONE', *, *, #4866, .F. ) ;
#1721 = EDGE_CURVE ( 'NONE', #4848, #4231, #3574, .T. ) ;
#1722 = CARTESIAN_POINT ( 'NONE',  ( -0.9000000000000051292, 0.000000000000000000, -1.130000000000000338 ) ) ;
#1723 = CARTESIAN_POINT ( 'NONE',  ( -1.230000000000011973, 0.08000000000000000167, -1.099999999999989875 ) ) ;
#1724 = LINE ( 'NONE', #6023, #3293 ) ;
#1725 = DIRECTION ( 'NONE',  ( -0.000000000000000000, -1.000000000000000000, -0.000000000000000000 ) ) ;
#1726 =( LENGTH_UNIT ( ) NAMED_UNIT ( * ) SI_UNIT ( .MILLI., .METRE. ) );
#1727 = CARTESIAN_POINT ( 'NONE',  ( -1.130000000000008997, 0.000000000000000000, -0.09999999999998980538 ) ) ;
#1728 = EDGE_LOOP ( 'NONE', ( #5981, #6467, #3011, #3851 ) ) ;
#1729 = ORIENTED_EDGE ( 'NONE', *, *, #8133, .T. ) ;
#1730 = VECTOR ( 'NONE', #7340, 1000.000000000000000 ) ;
#1731 = VECTOR ( 'NONE', #2238, 1000.000000000000000 ) ;
#1732 = CARTESIAN_POINT ( 'NONE',  ( -0.6999999999999949596, 0.07999999999999998779, 1.130000000000010330 ) ) ;
#1733 = DIRECTION ( 'NONE',  ( 0.000000000000000000, -0.000000000000000000, 1.000000000000000000 ) ) ;
#1734 = ORIENTED_EDGE ( 'NONE', *, *, #8176, .F. ) ;
#1735 = DIRECTION ( 'NONE',  ( 1.000000000000000000, 0.000000000000000000, 0.000000000000000000 ) ) ;
#1736 = CARTESIAN_POINT ( 'NONE',  ( 1.430000000000000160, -0.3605551275463988459, -0.09999999999998980538 ) ) ;
#1737 = LINE ( 'NONE', #3784, #2893 ) ;
#1738 = ORIENTED_EDGE ( 'NONE', *, *, #8174, .F. ) ;
#1739 = AXIS2_PLACEMENT_3D ( 'NONE', #2915, #5638, #2824 ) ;
#1740 = VECTOR ( 'NONE', #1088, 1000.000000000000000 ) ;
#1741 = PLANE ( 'NONE',  #2914 ) ;
#1742 = ORIENTED_EDGE ( 'NONE', *, *, #3191, .T. ) ;
#1743 = CARTESIAN_POINT ( 'NONE',  ( 0.3000000000000052625, 0.000000000000000000, 1.430000000000000382 ) ) ;
#1744 = VECTOR ( 'NONE', #296, 1000.000000000000000 ) ;
#1745 = CARTESIAN_POINT ( 'NONE',  ( 0.000000000000000000, 0.000000000000000000, 0.000000000000000000 ) ) ;
#1746 = LINE ( 'NONE', #2236, #5382 ) ;
#1747 = VERTEX_POINT ( 'NONE', #2112 ) ;
#1748 = DIRECTION ( 'NONE',  ( 0.000000000000000000, 0.000000000000000000, -1.000000000000000000 ) ) ;
#1749 = VERTEX_POINT ( 'NONE', #8502 ) ;
#1750 = FACE_OUTER_BOUND ( 'NONE', #2819, .T. ) ;
#1751 = DIRECTION ( 'NONE',  ( -0.000000000000000000, -1.000000000000000000, -0.000000000000000000 ) ) ;
#1752 = ADVANCED_FACE ( 'NONE', ( #3451 ), #5588, .F. ) ;
#1753 = FACE_OUTER_BOUND ( 'NONE', #5428, .T. ) ;
#1754 = ORIENTED_EDGE ( 'NONE', *, *, #6169, .T. ) ;
#1755 = CARTESIAN_POINT ( 'NONE',  ( 1.100000000000004974, 0.000000000000000000, -1.430000000000000382 ) ) ;
#1756 = DIRECTION ( 'NONE',  ( -0.000000000000000000, -0.000000000000000000, 1.000000000000000000 ) ) ;
#1757 = DIRECTION ( 'NONE',  ( 0.000000000000000000, 0.000000000000000000, -1.000000000000000000 ) ) ;
#1758 = DIRECTION ( 'NONE',  ( -1.000000000000000000, 0.000000000000000000, -0.000000000000000000 ) ) ;
#1759 = ORIENTED_EDGE ( 'NONE', *, *, #47, .F. ) ;
#1760 = EDGE_CURVE ( 'NONE', #337, #801, #1430, .T. ) ;
#1761 = ORIENTED_EDGE ( 'NONE', *, *, #9259, .T. ) ;
#1762 = VECTOR ( 'NONE', #8281, 1000.000000000000000 ) ;
#1763 = DIRECTION ( 'NONE',  ( -1.000000000000000000, 0.000000000000000000, -0.000000000000000000 ) ) ;
#1764 = SURFACE_STYLE_USAGE ( .BOTH. , #8969 ) ;
#1765 = CARTESIAN_POINT ( 'NONE',  ( -0.09999999999999462097, 0.07999999999999998779, -1.500000000000009104 ) ) ;
#1766 = FACE_OUTER_BOUND ( 'NONE', #9200, .T. ) ;
#1767 = EDGE_CURVE ( 'NONE', #8994, #7537, #4227, .T. ) ;
#1768 = ADVANCED_FACE ( 'NONE', ( #4804 ), #4930, .F. ) ;
#1769 = AXIS2_PLACEMENT_3D ( 'NONE', #1359, #5733, #6403 ) ;
#1770 = EDGE_CURVE ( 'NONE', #4164, #1276, #4885, .T. ) ;
#1771 = DIRECTION ( 'NONE',  ( 0.000000000000000000, 1.000000000000000000, 0.000000000000000000 ) ) ;
#1772 = PLANE ( 'NONE',  #6342 ) ;
#1773 = EDGE_CURVE ( 'NONE', #5568, #8805, #6970, .T. ) ;
#1774 = VECTOR ( 'NONE', #8711, 1000.000000000000000 ) ;
#1775 = ORIENTED_EDGE ( 'NONE', *, *, #9022, .T. ) ;
#1776 = ADVANCED_FACE ( 'NONE', ( #8373 ), #8461, .F. ) ;
#1777 = PRESENTATION_LAYER_ASSIGNMENT (  '', '', ( #3850 ) ) ;
#1778 = CARTESIAN_POINT ( 'NONE',  ( 1.100000000000005196, 0.07999999999999998779, -1.500000000000000222 ) ) ;
#1779 = CARTESIAN_POINT ( 'NONE',  ( 0.7000000000000052847, 0.000000000000000000, -1.130000000000003668 ) ) ;
#1780 = PRESENTATION_LAYER_ASSIGNMENT (  '', '', ( #2058 ) ) ;
#1781 = AXIS2_PLACEMENT_3D ( 'NONE', #1805, #7525, #7428 ) ;
#1782 = DIRECTION ( 'NONE',  ( -1.000000000000000000, 0.000000000000000000, 0.000000000000000000 ) ) ;
#1783 = EDGE_LOOP ( 'NONE', ( #8424, #4822, #4944, #3424 ) ) ;
#1784 = ORIENTED_EDGE ( 'NONE', *, *, #2432, .F. ) ;
#1785 = ORIENTED_EDGE ( 'NONE', *, *, #2430, .F. ) ;
#1786 = DIRECTION ( 'NONE',  ( 0.000000000000000000, 1.000000000000000000, 0.000000000000000000 ) ) ;
#1787 = MECHANICAL_DESIGN_GEOMETRIC_PRESENTATION_REPRESENTATION (  '', ( #5366 ), #6412 ) ;
#1788 = VECTOR ( 'NONE', #766, 1000.000000000000000 ) ;
#1789 = ORIENTED_EDGE ( 'NONE', *, *, #4682, .T. ) ;
#1790 = CARTESIAN_POINT ( 'NONE',  ( -1.130000000000010330, 0.08000000000000000167, 0.8999999999999896971 ) ) ;
#1791 = ADVANCED_FACE ( 'NONE', ( #567 ), #4973, .T. ) ;
#1792 = FACE_OUTER_BOUND ( 'NONE', #240, .T. ) ;
#1793 = CARTESIAN_POINT ( 'NONE',  ( 1.500000000000003109, 0.07999999999999998779, 1.100000000000010303 ) ) ;
#1794 = ORIENTED_EDGE ( 'NONE', *, *, #1770, .T. ) ;
#1795 = ORIENTED_EDGE ( 'NONE', *, *, #2385, .F. ) ;
#1796 = VECTOR ( 'NONE', #2704, 1000.000000000000000 ) ;
#1797 = ORIENTED_EDGE ( 'NONE', *, *, #7322, .T. ) ;
#1798 = VECTOR ( 'NONE', #5426, 1000.000000000000000 ) ;
#1799 = CARTESIAN_POINT ( 'NONE',  ( -1.430000000000000160, -1.084202172485504434E-16, -0.2999999999999898859 ) ) ;
#1800 = CLOSED_SHELL ( 'NONE', ( #7441, #3480, #6579, #8206, #8794, #3346, #7568 ) ) ;
#1801 = CARTESIAN_POINT ( 'NONE',  ( -1.499999999999999556, 0.07999999999999998779, -0.8999999999999896971 ) ) ;
#1802 = AXIS2_PLACEMENT_3D ( 'NONE', #2142, #5622, #5005 ) ;
#1803 = CARTESIAN_POINT ( 'NONE',  ( -0.9750000000000000888, 0.4535533905932740972, -0.5750000000000119460 ) ) ;
#1804 = DIRECTION ( 'NONE',  ( -0.000000000000000000, -1.000000000000000000, -0.000000000000000000 ) ) ;
#1805 = CARTESIAN_POINT ( 'NONE',  ( -1.130000000000006777, 0.5005948168962619516, 0.9000000000000101252 ) ) ;
#1806 = VECTOR ( 'NONE', #3047, 1000.000000000000000 ) ;
#1807 =( LENGTH_UNIT ( ) NAMED_UNIT ( * ) SI_UNIT ( .MILLI., .METRE. ) );
#1808 = CARTESIAN_POINT ( 'NONE',  ( 1.230000000000011973, 0.07999999999999998779, -1.099999999999989875 ) ) ;
#1809 = AXIS2_PLACEMENT_3D ( 'NONE', #6645, #6691, #3105 ) ;
#1810 = ORIENTED_EDGE ( 'NONE', *, *, #4220, .F. ) ;
#1811 = STYLED_ITEM ( 'NONE', ( #5470 ), #5312 ) ;
#1812 = DIRECTION ( 'NONE',  ( -1.000000000000000000, 0.000000000000000000, 0.000000000000000000 ) ) ;
#1813 = EDGE_LOOP ( 'NONE', ( #3053, #4990, #8917, #1508 ) ) ;
#1814 = ORIENTED_EDGE ( 'NONE', *, *, #3128, .F. ) ;
#1815 = FACE_OUTER_BOUND ( 'NONE', #5439, .T. ) ;
#1816 = VECTOR ( 'NONE', #465, 1000.000000000000000 ) ;
#1817 = EDGE_CURVE ( 'NONE', #1834, #9289, #4272, .T. ) ;
#1818 = DIRECTION ( 'NONE',  ( -1.000000000000000000, 0.000000000000000000, -0.000000000000000000 ) ) ;
#1819 = FACE_OUTER_BOUND ( 'NONE', #5452, .T. ) ;
#1820 = DIRECTION ( 'NONE',  ( 0.000000000000000000, 1.000000000000000000, 0.000000000000000000 ) ) ;
#1821 = VECTOR ( 'NONE', #2245, 1000.000000000000000 ) ;
#1822 = ADVANCED_FACE ( 'NONE', ( #6248 ), #2639, .F. ) ;
#1823 = DIRECTION ( 'NONE',  ( 0.000000000000000000, 0.000000000000000000, -1.000000000000000000 ) ) ;
#1824 = FILL_AREA_STYLE ('',( #413 ) ) ;
#1825 = ORIENTED_EDGE ( 'NONE', *, *, #3870, .T. ) ;
#1826 = VERTEX_POINT ( 'NONE', #2687 ) ;
#1827 = AXIS2_PLACEMENT_3D ( 'NONE', #1332, #7054, #646 ) ;
#1828 = ADVANCED_FACE ( 'NONE', ( #4133 ), #7151, .T. ) ;
#1829 = CARTESIAN_POINT ( 'NONE',  ( -0.2999999999999948264, 0.08000000000000000167, 1.130000000000003668 ) ) ;
#1830 = DIRECTION ( 'NONE',  ( 0.000000000000000000, 0.000000000000000000, 1.000000000000000000 ) ) ;
#1831 = EDGE_CURVE ( 'NONE', #1711, #1137, #5676, .T. ) ;
#1832 = ORIENTED_EDGE ( 'NONE', *, *, #8405, .T. ) ;
#1833 = DIRECTION ( 'NONE',  ( -0.000000000000000000, -1.000000000000000000, -0.000000000000000000 ) ) ;
#1834 = VERTEX_POINT ( 'NONE', #737 ) ;
#1835 = DIRECTION ( 'NONE',  ( 0.000000000000000000, -1.000000000000000000, 0.000000000000000000 ) ) ;
#1836 = ORIENTED_EDGE ( 'NONE', *, *, #6366, .T. ) ;
#1837 = EDGE_CURVE ( 'NONE', #9289, #3646, #6202, .T. ) ;
#1838 = CARTESIAN_POINT ( 'NONE',  ( 0.7000000000000052847, 0.000000000000000000, 1.430000000000000382 ) ) ;
#1839 = ORIENTED_EDGE ( 'NONE', *, *, #6910, .F. ) ;
#1840 = PLANE ( 'NONE',  #2796 ) ;
#1841 = DIRECTION ( 'NONE',  ( -0.000000000000000000, -1.000000000000000000, -0.000000000000000000 ) ) ;
#1842 = ORIENTED_EDGE ( 'NONE', *, *, #8724, .T. ) ;
#1843 = ORIENTED_EDGE ( 'NONE', *, *, #6866, .T. ) ;
#1844 = PRESENTATION_STYLE_ASSIGNMENT (( #7555 ) ) ;
#1845 = ORIENTED_EDGE ( 'NONE', *, *, #2497, .T. ) ;
#1846 = VERTEX_POINT ( 'NONE', #4455 ) ;
#1847 = PLANE ( 'NONE',  #7429 ) ;
#1848 = EDGE_CURVE ( 'NONE', #2277, #8396, #964, .T. ) ;
#1849 = VERTEX_POINT ( 'NONE', #7888 ) ;
#1850 = CARTESIAN_POINT ( 'NONE',  ( -0.9750000000000000888, 0.000000000000000000, -0.5750000000000119460 ) ) ;
#1851 = CARTESIAN_POINT ( 'NONE',  ( -1.499999999999999778, 0.000000000000000000, 1.499999999999999778 ) ) ;
#1852 = ORIENTED_EDGE ( 'NONE', *, *, #627, .T. ) ;
#1853 = LINE ( 'NONE', #4694, #5507 ) ;
#1854 = CARTESIAN_POINT ( 'NONE',  ( 1.100000000000004974, 0.08000000000000000167, -1.229999999999999760 ) ) ;
#1855 = VERTEX_POINT ( 'NONE', #3762 ) ;
#1856 = CARTESIAN_POINT ( 'NONE',  ( 0.3000000000000051514, 0.07999999999999998779, 1.130000000000015881 ) ) ;
#1857 = EDGE_LOOP ( 'NONE', ( #5070, #1285, #8354, #603 ) ) ;
#1858 = DIRECTION ( 'NONE',  ( -1.000000000000000000, 0.000000000000000000, 0.000000000000000000 ) ) ;
#1859 = CARTESIAN_POINT ( 'NONE',  ( -1.100000000000004974, -1.084202172485504434E-16, -1.430000000000000382 ) ) ;
#1860 = DIRECTION ( 'NONE',  ( 0.000000000000000000, 0.000000000000000000, 1.000000000000000000 ) ) ;
#1861 = CARTESIAN_POINT ( 'NONE',  ( 1.100000000000004974, -1.084202172485504434E-16, 1.229999999999999760 ) ) ;
#1862 = FACE_OUTER_BOUND ( 'NONE', #8931, .T. ) ;
#1863 = PLANE ( 'NONE',  #4156 ) ;
#1864 = ORIENTED_EDGE ( 'NONE', *, *, #1760, .T. ) ;
#1865 = VERTEX_POINT ( 'NONE', #6483 ) ;
#1866 = DIRECTION ( 'NONE',  ( 0.000000000000000000, 1.000000000000000000, 0.000000000000000000 ) ) ;
#1867 = SURFACE_SIDE_STYLE ('',( #8986 ) ) ;
#1868 = FILL_AREA_STYLE_COLOUR ( '', #8598 ) ;
#1869 = SURFACE_STYLE_FILL_AREA ( #8384 ) ;
#1870 = EDGE_CURVE ( 'NONE', #5041, #4783, #6433, .T. ) ;
#1871 = ORIENTED_EDGE ( 'NONE', *, *, #4565, .F. ) ;
#1872 = ORIENTED_EDGE ( 'NONE', *, *, #1307, .T. ) ;
#1873 =( GEOMETRIC_REPRESENTATION_CONTEXT ( 3 ) GLOBAL_UNCERTAINTY_ASSIGNED_CONTEXT ( ( #5834 ) ) GLOBAL_UNIT_ASSIGNED_CONTEXT ( ( #1726, #1118, #2549 ) ) REPRESENTATION_CONTEXT ( 'NONE', 'WORKASPACE' ) );
#1874 = EDGE_CURVE ( 'NONE', #8918, #6606, #8631, .T. ) ;
#1875 = VECTOR ( 'NONE', #2306, 1000.000000000000000 ) ;
#1876 = DIRECTION ( 'NONE',  ( -0.000000000000000000, -1.000000000000000000, -0.000000000000000000 ) ) ;
#1877 = ORIENTED_EDGE ( 'NONE', *, *, #1253, .F. ) ;
#1878 = CARTESIAN_POINT ( 'NONE',  ( -0.09999999999999473199, 0.000000000000000000, -1.430000000000000382 ) ) ;
#1879 = ORIENTED_EDGE ( 'NONE', *, *, #5302, .T. ) ;
#1880 = DIRECTION ( 'NONE',  ( -1.000000000000000000, 0.000000000000000000, -5.860552283705427907E-16 ) ) ;
#1881 = LINE ( 'NONE', #4725, #2823 ) ;
#1882 = ORIENTED_EDGE ( 'NONE', *, *, #4263, .T. ) ;
#1883 = EDGE_LOOP ( 'NONE', ( #2872, #8552, #6712, #281 ) ) ;
#1884 = MECHANICAL_DESIGN_GEOMETRIC_PRESENTATION_REPRESENTATION (  '', ( #2155 ), #5153 ) ;
#1885 = DIRECTION ( 'NONE',  ( 1.000000000000000000, -0.000000000000000000, 0.000000000000000000 ) ) ;
#1886 = ADVANCED_FACE ( 'NONE', ( #1617 ), #17, .F. ) ;
#1887 = EDGE_CURVE ( 'NONE', #4935, #4354, #114, .T. ) ;
#1888 = ADVANCED_FACE ( 'NONE', ( #8581 ), #2906, .F. ) ;
#1889 = ORIENTED_EDGE ( 'NONE', *, *, #5928, .T. ) ;
#1890 = EDGE_LOOP ( 'NONE', ( #4869, #9031, #6314, #1603 ) ) ;
#1891 = DIRECTION ( 'NONE',  ( 0.000000000000000000, -1.000000000000000000, 0.000000000000000000 ) ) ;
#1892 = ADVANCED_FACE ( 'NONE', ( #4315 ), #781, .F. ) ;
#1893 = CARTESIAN_POINT ( 'NONE',  ( 1.500000000000000222, 0.000000000000000000, 1.100000000000010303 ) ) ;
#1894 = EDGE_LOOP ( 'NONE', ( #5571, #9247, #7168, #3974 ) ) ;
#1895 = FACE_OUTER_BOUND ( 'NONE', #5625, .T. ) ;
#1896 = MECHANICAL_DESIGN_GEOMETRIC_PRESENTATION_REPRESENTATION (  '', ( #251 ), #4118 ) ;
#1897 = VECTOR ( 'NONE', #8010, 1000.000000000000000 ) ;
#1898 = DIRECTION ( 'NONE',  ( 1.000000000000000000, 0.000000000000000000, 0.000000000000000000 ) ) ;
#1899 = ORIENTED_EDGE ( 'NONE', *, *, #840, .T. ) ;
#1900 = DIRECTION ( 'NONE',  ( -1.000000000000000000, 0.000000000000000000, 0.000000000000000000 ) ) ;
#1901 = FACE_OUTER_BOUND ( 'NONE', #751, .T. ) ;
#1902 = VERTEX_POINT ( 'NONE', #3617 ) ;
#1903 = CARTESIAN_POINT ( 'NONE',  ( 0.9000000000000051292, 0.000000000000000000, -1.130000000000000338 ) ) ;
#1904 = ORIENTED_EDGE ( 'NONE', *, *, #4947, .F. ) ;
#1905 = LINE ( 'NONE', #3489, #8103 ) ;
#1906 = LINE ( 'NONE', #7621, #4023 ) ;
#1907 = CARTESIAN_POINT ( 'NONE',  ( -1.500000000000006439, 0.000000000000000000, 1.100000000000010303 ) ) ;
#1908 = CARTESIAN_POINT ( 'NONE',  ( -0.9750000000000000888, 0.000000000000000000, -0.5750000000000119460 ) ) ;
#1909 = COLOUR_RGB ( '',0.2509803921568627416, 0.2509803921568627416, 0.2509803921568627416 ) ;
#1910 = CARTESIAN_POINT ( 'NONE',  ( 0.7000000000000052847, -0.3605551275463988459, 1.430000000000000382 ) ) ;
#1911 = FILL_AREA_STYLE ('',( #6932 ) ) ;
#1912 = ORIENTED_EDGE ( 'NONE', *, *, #2774, .T. ) ;
#1913 = PRESENTATION_LAYER_ASSIGNMENT (  '', '', ( #740 ) ) ;
#1914 = EDGE_LOOP ( 'NONE', ( #2510, #476, #5781, #49 ) ) ;
#1915 = CARTESIAN_POINT ( 'NONE',  ( 1.000000000000004441, 0.000000000000000000, -1.130000000000000338 ) ) ;
#1916 = FILL_AREA_STYLE ('',( #6078 ) ) ;
#1917 = PLANE ( 'NONE',  #4265 ) ;
#1918 = AXIS2_PLACEMENT_3D ( 'NONE', #7990, #4413, #5215 ) ;
#1919 = ORIENTED_EDGE ( 'NONE', *, *, #4425, .F. ) ;
#1920 = VECTOR ( 'NONE', #4787, 1000.000000000000000 ) ;
#1921 = SURFACE_SIDE_STYLE ('',( #580 ) ) ;
#1922 = PLANE ( 'NONE',  #4466 ) ;
#1923 = PRESENTATION_STYLE_ASSIGNMENT (( #4677 ) ) ;
#1924 = LINE ( 'NONE', #5135, #1182 ) ;
#1925 = ADVANCED_FACE ( 'NONE', ( #3711 ), #5769, .T. ) ;
#1926 = CARTESIAN_POINT ( 'NONE',  ( -1.500000000000002442, 0.5005948168962619516, -0.09999999999998984701 ) ) ;
#1927 = ORIENTED_EDGE ( 'NONE', *, *, #7100, .T. ) ;
#1928 = ORIENTED_EDGE ( 'NONE', *, *, #4091, .F. ) ;
#1929 = ADVANCED_FACE ( 'NONE', ( #7290 ), #870, .F. ) ;
#1930 = VERTEX_POINT ( 'NONE', #5304 ) ;
#1931 = ORIENTED_EDGE ( 'NONE', *, *, #6678, .F. ) ;
#1932 = LINE ( 'NONE', #7049, #1467 ) ;
#1933 = VECTOR ( 'NONE', #7355, 1000.000000000000000 ) ;
#1934 = FACE_OUTER_BOUND ( 'NONE', #431, .T. ) ;
#1935 = EDGE_CURVE ( 'NONE', #7537, #4238, #7573, .T. ) ;
#1936 = VERTEX_POINT ( 'NONE', #5344 ) ;
#1937 = CARTESIAN_POINT ( 'NONE',  ( 0.000000000000000000, 0.08000000000000000167, 0.000000000000000000 ) ) ;
#1938 = LINE ( 'NONE', #7656, #4798 ) ;
#1939 = ADVANCED_FACE ( 'NONE', ( #8184 ), #2589, .F. ) ;
#1940 = ORIENTED_EDGE ( 'NONE', *, *, #1404, .F. ) ;
#1941 = FACE_OUTER_BOUND ( 'NONE', #6262, .T. ) ;
#1942 = DIRECTION ( 'NONE',  ( 0.000000000000000000, 1.000000000000000000, 0.000000000000000000 ) ) ;
#1943 = FILL_AREA_STYLE_COLOUR ( '', #1424 ) ;
#1944 = VERTEX_POINT ( 'NONE', #1012 ) ;
#1945 = EDGE_CURVE ( 'NONE', #2913, #8400, #2396, .T. ) ;
#1946 = VECTOR ( 'NONE', #8488, 1000.000000000000000 ) ;
#1947 = LINE ( 'NONE', #4179, #6210 ) ;
#1948 = CARTESIAN_POINT ( 'NONE',  ( 1.100000000000004974, -1.084202172485504434E-16, -1.430000000000000382 ) ) ;
#1949 = LINE ( 'NONE', #8282, #8257 ) ;
#1950 = AXIS2_PLACEMENT_3D ( 'NONE', #1392, #2970, #3672 ) ;
#1951 = FILL_AREA_STYLE ('',( #2598 ) ) ;
#1952 = CARTESIAN_POINT ( 'NONE',  ( 1.430000000000000160, -0.3605551275463988459, 0.4999999999999898415 ) ) ;
#1953 = LINE ( 'NONE', #471, #7919 ) ;
#1954 = PRESENTATION_LAYER_ASSIGNMENT (  '', '', ( #8676 ) ) ;
#1955 = PLANE ( 'NONE',  #8652 ) ;
#1956 = DIRECTION ( 'NONE',  ( 0.000000000000000000, -0.000000000000000000, -1.000000000000000000 ) ) ;
#1957 = VECTOR ( 'NONE', #1898, 1000.000000000000000 ) ;
#1958 = MECHANICAL_DESIGN_GEOMETRIC_PRESENTATION_REPRESENTATION (  '', ( #772 ), #5083 ) ;
#1959 = DIRECTION ( 'NONE',  ( 0.000000000000000000, -1.000000000000000000, 0.000000000000000000 ) ) ;
#1960 = SURFACE_STYLE_USAGE ( .BOTH. , #2738 ) ;
#1961 = VECTOR ( 'NONE', #7523, 1000.000000000000000 ) ;
#1962 = MECHANICAL_DESIGN_GEOMETRIC_PRESENTATION_REPRESENTATION (  '', ( #2240 ), #7946 ) ;
#1963 = VERTEX_POINT ( 'NONE', #7612 ) ;
#1964 = PRESENTATION_LAYER_ASSIGNMENT (  '', '', ( #934 ) ) ;
#1965 = CARTESIAN_POINT ( 'NONE',  ( -1.430000000000000160, 0.000000000000000000, -0.6999999999999899636 ) ) ;
#1966 = DIRECTION ( 'NONE',  ( 0.000000000000000000, 0.000000000000000000, 1.000000000000000000 ) ) ;
#1967 = ORIENTED_EDGE ( 'NONE', *, *, #921, .F. ) ;
#1968 = CARTESIAN_POINT ( 'NONE',  ( 0.3000000000000053180, 0.5005948168962619516, -1.500000000000006217 ) ) ;
#1969 = PRESENTATION_LAYER_ASSIGNMENT (  '', '', ( #2397 ) ) ;
#1970 = FACE_OUTER_BOUND ( 'NONE', #5236, .T. ) ;
#1971 = ORIENTED_EDGE ( 'NONE', *, *, #8783, .F. ) ;
#1972 = DIRECTION ( 'NONE',  ( 0.000000000000000000, 1.000000000000000000, 0.000000000000000000 ) ) ;
#1973 = ORIENTED_EDGE ( 'NONE', *, *, #6704, .F. ) ;
#1974 = DIRECTION ( 'NONE',  ( -1.000000000000000000, 0.000000000000000000, 0.000000000000000000 ) ) ;
#1975 = EDGE_CURVE ( 'NONE', #4965, #4159, #3800, .T. ) ;
#1976 = PLANE ( 'NONE',  #5316 ) ;
#1977 = VERTEX_POINT ( 'NONE', #3196 ) ;
#1978 = EDGE_CURVE ( 'NONE', #2865, #6000, #6150, .T. ) ;
#1979 = CARTESIAN_POINT ( 'NONE',  ( -0.9750000000000000888, 0.1000000000000000056, -0.8250000000000119460 ) ) ;
#1980 = FACE_OUTER_BOUND ( 'NONE', #8306, .T. ) ;
#1981 = EDGE_LOOP ( 'NONE', ( #6847, #379, #6410, #4585 ) ) ;
#1982 = FACE_OUTER_BOUND ( 'NONE', #8993, .T. ) ;
#1983 = PLANE ( 'NONE',  #3554 ) ;
#1984 = EDGE_CURVE ( 'NONE', #4530, #2355, #1853, .T. ) ;
#1985 = VERTEX_POINT ( 'NONE', #6680 ) ;
#1986 = LINE ( 'NONE', #4836, #3811 ) ;
#1987 = CARTESIAN_POINT ( 'NONE',  ( -0.9750000000000000888, 0.09999999999999999167, -0.8250000000000119460 ) ) ;
#1988 = FACE_OUTER_BOUND ( 'NONE', #8307, .T. ) ;
#1989 = CARTESIAN_POINT ( 'NONE',  ( -1.499999999999999778, 0.000000000000000000, -1.500000000000000222 ) ) ;
#1990 = DIRECTION ( 'NONE',  ( 1.000000000000000000, 0.000000000000000000, 1.084202172485504631E-15 ) ) ;
#1991 = DIRECTION ( 'NONE',  ( -0.000000000000000000, -1.000000000000000000, -0.000000000000000000 ) ) ;
#1992 = EDGE_CURVE ( 'NONE', #3957, #8585, #5405, .T. ) ;
#1993 = EDGE_CURVE ( 'NONE', #4582, #2788, #7797, .T. ) ;
#1994 = LINE ( 'NONE', #3403, #7318 ) ;
#1995 = ORIENTED_EDGE ( 'NONE', *, *, #5113, .F. ) ;
#1996 = ORIENTED_EDGE ( 'NONE', *, *, #1483, .T. ) ;
#1997 = ADVANCED_FACE ( 'NONE', ( #3393 ), #5668, .F. ) ;
#1998 = EDGE_LOOP ( 'NONE', ( #5984, #2159, #4575, #8726 ) ) ;
#1999 = ORIENTED_EDGE ( 'NONE', *, *, #8129, .F. ) ;
#2000 = CARTESIAN_POINT ( 'NONE',  ( 0.000000000000000000, 0.08000000000000000167, 0.000000000000000000 ) ) ;
#2001 = SURFACE_STYLE_FILL_AREA ( #7723 ) ;
#2002 = CARTESIAN_POINT ( 'NONE',  ( -0.4999999999999946154, 0.07999999999999998779, -1.500000000000011990 ) ) ;
#2003 = DIRECTION ( 'NONE',  ( -1.000000000000000000, 0.000000000000000000, 0.000000000000000000 ) ) ;
#2004 = DIRECTION ( 'NONE',  ( 1.000000000000000000, 0.000000000000000000, -0.000000000000000000 ) ) ;
#2005 = ORIENTED_EDGE ( 'NONE', *, *, #4096, .F. ) ;
#2006 = DIRECTION ( 'NONE',  ( 0.000000000000000000, 0.000000000000000000, 1.000000000000000000 ) ) ;
#2007 = ORIENTED_EDGE ( 'NONE', *, *, #6003, .T. ) ;
#2008 = ORIENTED_EDGE ( 'NONE', *, *, #7045, .F. ) ;
#2009 = VERTEX_POINT ( 'NONE', #1339 ) ;
#2010 = VECTOR ( 'NONE', #3987, 1000.000000000000000 ) ;
#2011 = VECTOR ( 'NONE', #1310, 1000.000000000000000 ) ;
#2012 = DIRECTION ( 'NONE',  ( 0.000000000000000000, 0.000000000000000000, -1.000000000000000000 ) ) ;
#2013 =( LENGTH_UNIT ( ) NAMED_UNIT ( * ) SI_UNIT ( .MILLI., .METRE. ) );
#2014 = FACE_OUTER_BOUND ( 'NONE', #8379, .T. ) ;
#2015 = MECHANICAL_DESIGN_GEOMETRIC_PRESENTATION_REPRESENTATION (  '', ( #4397 ), #72 ) ;
#2016 = DIRECTION ( 'NONE',  ( -0.000000000000000000, -0.000000000000000000, -1.000000000000000000 ) ) ;
#2017 = ORIENTED_EDGE ( 'NONE', *, *, #3752, .F. ) ;
#2018 = CARTESIAN_POINT ( 'NONE',  ( 0.000000000000000000, 0.1049999999999999961, 0.000000000000000000 ) ) ;
#2019 = VECTOR ( 'NONE', #9101, 1000.000000000000000 ) ;
#2020 = VECTOR ( 'NONE', #374, 1000.000000000000000 ) ;
#2021 = CARTESIAN_POINT ( 'NONE',  ( 1.430000000000000160, 0.08000000000000000167, -0.4999999999999898415 ) ) ;
#2022 = VECTOR ( 'NONE', #6257, 1000.000000000000000 ) ;
#2023 = LINE ( 'NONE', #6197, #8394 ) ;
#2024 = LINE ( 'NONE', #8372, #1071 ) ;
#2025 = DIRECTION ( 'NONE',  ( 0.000000000000000000, 0.000000000000000000, -1.000000000000000000 ) ) ;
#2026 = CARTESIAN_POINT ( 'NONE',  ( 0.1000000000000051958, 0.08000000000000000167, -1.130000000000003668 ) ) ;
#2027 = LINE ( 'NONE', #5554, #2511 ) ;
#2028 = VERTEX_POINT ( 'NONE', #7749 ) ;
#2029 = EDGE_CURVE ( 'NONE', #2692, #1045, #4176, .T. ) ;
#2030 = EDGE_CURVE ( 'NONE', #8605, #1826, #6191, .T. ) ;
#2031 = DIRECTION ( 'NONE',  ( 0.000000000000000000, 0.000000000000000000, -1.000000000000000000 ) ) ;
#2032 = SURFACE_STYLE_USAGE ( .BOTH. , #5598 ) ;
#2033 = ADVANCED_FACE ( 'NONE', ( #8541 ), #1983, .F. ) ;
#2034 = CARTESIAN_POINT ( 'NONE',  ( 1.130000000000010330, -1.084202172485504434E-16, 0.9999999999999900080 ) ) ;
#2035 = FILL_AREA_STYLE ('',( #8474 ) ) ;
#2036 = PRESENTATION_STYLE_ASSIGNMENT (( #532 ) ) ;
#2037 = EDGE_LOOP ( 'NONE', ( #2411, #451, #7627, #3231 ) ) ;
#2038 = ADVANCED_FACE ( 'NONE', ( #4219 ), #7660, .F. ) ;
#2039 = CARTESIAN_POINT ( 'NONE',  ( -1.130000000000002780, 0.5005948168962619516, -0.2999999999999899414 ) ) ;
#2040 = CARTESIAN_POINT ( 'NONE',  ( -0.8999999999999952482, 0.07999999999999998779, 1.130000000000007221 ) ) ;
#2041 = CARTESIAN_POINT ( 'NONE',  ( 1.130000000000008997, 0.07999999999999998779, -0.4999999999999898415 ) ) ;
#2042 = MECHANICAL_DESIGN_GEOMETRIC_PRESENTATION_REPRESENTATION (  '', ( #8491 ), #7004 ) ;
#2043 = ORIENTED_EDGE ( 'NONE', *, *, #6574, .T. ) ;
#2044 = DIRECTION ( 'NONE',  ( 1.000000000000000000, 0.000000000000000000, 0.000000000000000000 ) ) ;
#2045 = CARTESIAN_POINT ( 'NONE',  ( 0.7000000000000052847, 0.07999999999999998779, -1.500000000000003553 ) ) ;
#2046 = ORIENTED_EDGE ( 'NONE', *, *, #8069, .F. ) ;
#2047 = CARTESIAN_POINT ( 'NONE',  ( -0.4999999999999947820, 0.000000000000000000, 1.130000000000010330 ) ) ;
#2048 = VECTOR ( 'NONE', #2315, 1000.000000000000000 ) ;
#2049 = VERTEX_POINT ( 'NONE', #4831 ) ;
#2050 = VERTEX_POINT ( 'NONE', #1383 ) ;
#2051 = CARTESIAN_POINT ( 'NONE',  ( 1.430000000000000160, 0.08000000000000000167, 0.3000000000000102029 ) ) ;
#2052 = DIRECTION ( 'NONE',  ( 0.000000000000000000, 0.000000000000000000, 1.000000000000000000 ) ) ;
#2053 = EDGE_CURVE ( 'NONE', #3781, #1041, #9198, .T. ) ;
#2054 = VERTEX_POINT ( 'NONE', #686 ) ;
#2055 = CARTESIAN_POINT ( 'NONE',  ( 1.500000000000008660, 0.5005948168962619516, -0.4999999999999898415 ) ) ;
#2056 = AXIS2_PLACEMENT_3D ( 'NONE', #4353, #162, #7236 ) ;
#2057 = PLANE ( 'NONE',  #2980 ) ;
#2058 = STYLED_ITEM ( 'NONE', ( #5035 ), #6458 ) ;
#2059 = FACE_OUTER_BOUND ( 'NONE', #3567, .T. ) ;
#2060 = VECTOR ( 'NONE', #569, 1000.000000000000000 ) ;
#2061 = DIRECTION ( 'NONE',  ( -1.000000000000000000, -0.000000000000000000, -0.000000000000000000 ) ) ;
#2062 = ORIENTED_EDGE ( 'NONE', *, *, #7607, .F. ) ;
#2063 = LINE ( 'NONE', #1161, #7421 ) ;
#2064 = AXIS2_PLACEMENT_3D ( 'NONE', #2200, #5061, #2113 ) ;
#2065 = VECTOR ( 'NONE', #4684, 1000.000000000000000 ) ;
#2066 = LINE ( 'NONE', #8419, #7255 ) ;
#2067 = PRESENTATION_STYLE_ASSIGNMENT (( #8462 ) ) ;
#2068 = VECTOR ( 'NONE', #1493, 1000.000000000000000 ) ;
#2069 = LINE ( 'NONE', #8583, #4616 ) ;
#2070 = ORIENTED_EDGE ( 'NONE', *, *, #5595, .T. ) ;
#2071 = ORIENTED_EDGE ( 'NONE', *, *, #7217, .T. ) ;
#2072 = EDGE_CURVE ( 'NONE', #8113, #7470, #652, .T. ) ;
#2073 = CLOSED_SHELL ( 'NONE', ( #3357, #4715, #7826, #6326, #4032, #1662 ) ) ;
#2074 = VECTOR ( 'NONE', #6356, 1000.000000000000000 ) ;
#2075 = EDGE_CURVE ( 'NONE', #5844, #6606, #4968, .T. ) ;
#2076 = CARTESIAN_POINT ( 'NONE',  ( -1.500000000000005329, 0.5005948168962619516, 0.5000000000000099920 ) ) ;
#2077 = APPLICATION_PROTOCOL_DEFINITION ( 'draft international standard', 'automotive_design', 1998, #118 ) ;
#2078 = PRESENTATION_STYLE_ASSIGNMENT (( #2780 ) ) ;
#2079 = ORIENTED_EDGE ( 'NONE', *, *, #561, .T. ) ;
#2080 = EDGE_LOOP ( 'NONE', ( #8637, #5129, #4125, #8953 ) ) ;
#2081 = EDGE_CURVE ( 'NONE', #1448, #4807, #8406, .T. ) ;
#2082 =( GEOMETRIC_REPRESENTATION_CONTEXT ( 3 ) GLOBAL_UNCERTAINTY_ASSIGNED_CONTEXT ( ( #5018 ) ) GLOBAL_UNIT_ASSIGNED_CONTEXT ( ( #238, #8727, #3620 ) ) REPRESENTATION_CONTEXT ( 'NONE', 'WORKASPACE' ) );
#2083 = AXIS2_PLACEMENT_3D ( 'NONE', #6611, #3904, #138 ) ;
#2084 = CARTESIAN_POINT ( 'NONE',  ( 1.130000000000010330, 0.000000000000000000, -0.8999999999999896971 ) ) ;
#2085 = LINE ( 'NONE', #5034, #1181 ) ;
#2086 = DIRECTION ( 'NONE',  ( 1.084202172485504040E-15, 0.000000000000000000, 1.000000000000000000 ) ) ;
#2087 = EDGE_LOOP ( 'NONE', ( #1687, #8204, #8746, #7878 ) ) ;
#2088 =( GEOMETRIC_REPRESENTATION_CONTEXT ( 3 ) GLOBAL_UNCERTAINTY_ASSIGNED_CONTEXT ( ( #6431 ) ) GLOBAL_UNIT_ASSIGNED_CONTEXT ( ( #3572, #779, #7937 ) ) REPRESENTATION_CONTEXT ( 'NONE', 'WORKASPACE' ) );
#2089 =( NAMED_UNIT ( * ) SI_UNIT ( $, .STERADIAN. ) SOLID_ANGLE_UNIT ( ) );
#2090 = CARTESIAN_POINT ( 'NONE',  ( 0.000000000000000000, 0.000000000000000000, 0.000000000000000000 ) ) ;
#2091 = ORIENTED_EDGE ( 'NONE', *, *, #9030, .F. ) ;
#2092 = ORIENTED_EDGE ( 'NONE', *, *, #6113, .F. ) ;
#2093 = VECTOR ( 'NONE', #1315, 1000.000000000000000 ) ;
#2094 = ADVANCED_FACE ( 'NONE', ( #8492 ), #7005, .F. ) ;
#2095 = AXIS2_PLACEMENT_3D ( 'NONE', #8544, #2108, #7841 ) ;
#2096 = ORIENTED_EDGE ( 'NONE', *, *, #526, .T. ) ;
#2097 = ORIENTED_EDGE ( 'NONE', *, *, #3364, .F. ) ;
#2098 = CARTESIAN_POINT ( 'NONE',  ( -0.09999999999999473199, 0.000000000000000000, -1.130000000000003668 ) ) ;
#2099 = ADVANCED_FACE ( 'NONE', ( #8449 ), #9062, .T. ) ;
#2100 = DIRECTION ( 'NONE',  ( -0.000000000000000000, 1.000000000000000000, -0.000000000000000000 ) ) ;
#2101 = ORIENTED_EDGE ( 'NONE', *, *, #6760, .T. ) ;
#2102 = CARTESIAN_POINT ( 'NONE',  ( 1.000000000000005107, 0.07999999999999998779, 1.130000000000021210 ) ) ;
#2103 = PLANE ( 'NONE',  #8380 ) ;
#2104 = ORIENTED_EDGE ( 'NONE', *, *, #46, .F. ) ;
#2105 = SURFACE_STYLE_USAGE ( .BOTH. , #8575 ) ;
#2106 = DIRECTION ( 'NONE',  ( 0.000000000000000000, -1.000000000000000000, 0.000000000000000000 ) ) ;
#2107 = CARTESIAN_POINT ( 'NONE',  ( -1.130000000000002780, 0.07999999999999998779, -0.2999999999999899414 ) ) ;
#2108 = DIRECTION ( 'NONE',  ( -1.000000000000000000, 0.000000000000000000, 0.000000000000000000 ) ) ;
#2109 = CARTESIAN_POINT ( 'NONE',  ( 1.500000000000000222, 0.1049999999999999545, 1.499999999999999778 ) ) ;
#2110 = UNCERTAINTY_MEASURE_WITH_UNIT (LENGTH_MEASURE( 1.000000000000000082E-05 ), #2328, 'distance_accuracy_value', 'NONE');
#2111 = CARTESIAN_POINT ( 'NONE',  ( -0.5000000000000052180, -1.084202172485504434E-16, -1.130000000000003668 ) ) ;
#2112 = CARTESIAN_POINT ( 'NONE',  ( -1.130000000000001226, 0.07999999999999998779, -0.6999999999999899636 ) ) ;
#2113 = DIRECTION ( 'NONE',  ( 0.000000000000000000, 0.000000000000000000, -1.000000000000000000 ) ) ;
#2114 = LINE ( 'NONE', #4087, #7912 ) ;
#2115 = ORIENTED_EDGE ( 'NONE', *, *, #3055, .T. ) ;
#2116 = LINE ( 'NONE', #4274, #7791 ) ;
#2117 = ORIENTED_EDGE ( 'NONE', *, *, #1156, .F. ) ;
#2118 = DIRECTION ( 'NONE',  ( -1.000000000000000000, 0.000000000000000000, 0.000000000000000000 ) ) ;
#2119 =( NAMED_UNIT ( * ) SI_UNIT ( $, .STERADIAN. ) SOLID_ANGLE_UNIT ( ) );
#2120 = UNCERTAINTY_MEASURE_WITH_UNIT (LENGTH_MEASURE( 1.000000000000000082E-05 ), #5862, 'distance_accuracy_value', 'NONE');
#2121 = FILL_AREA_STYLE_COLOUR ( '', #1433 ) ;
#2122 = FACE_OUTER_BOUND ( 'NONE', #4912, .T. ) ;
#2123 = SURFACE_STYLE_FILL_AREA ( #7773 ) ;
#2124 = ORIENTED_EDGE ( 'NONE', *, *, #8337, .T. ) ;
#2125 = VERTEX_POINT ( 'NONE', #4878 ) ;
#2126 = PLANE ( 'NONE',  #5394 ) ;
#2127 = PLANE ( 'NONE',  #7462 ) ;
#2128 = EDGE_LOOP ( 'NONE', ( #8685, #7691, #2070, #5037, #8302 ) ) ;
#2129 = PLANE ( 'NONE',  #1468 ) ;
#2130 = PLANE ( 'NONE',  #4569 ) ;
#2131 = ORIENTED_EDGE ( 'NONE', *, *, #5525, .F. ) ;
#2132 = CARTESIAN_POINT ( 'NONE',  ( -0.9750000000000000888, 0.09999999999999999167, -0.5750000000000119460 ) ) ;
#2133 = ADVANCED_FACE ( 'NONE', ( #7703 ), #4077, .F. ) ;
#2134 = LINE ( 'NONE', #4999, #5749 ) ;
#2135 = EDGE_CURVE ( 'NONE', #3172, #4696, #6525, .T. ) ;
#2136 = ORIENTED_EDGE ( 'NONE', *, *, #2931, .F. ) ;
#2137 =( NAMED_UNIT ( * ) SI_UNIT ( $, .STERADIAN. ) SOLID_ANGLE_UNIT ( ) );
#2138 = EDGE_CURVE ( 'NONE', #3820, #7898, #7839, .T. ) ;
#2139 = EDGE_CURVE ( 'NONE', #952, #5447, #1610, .T. ) ;
#2140 = LINE ( 'NONE', #5710, #1774 ) ;
#2141 = EDGE_CURVE ( 'NONE', #5977, #6898, #1559, .T. ) ;
#2142 = CARTESIAN_POINT ( 'NONE',  ( -1.149999999999999689, 0.9699999999999999734, -1.150000000000000133 ) ) ;
#2143 = ORIENTED_EDGE ( 'NONE', *, *, #8849, .F. ) ;
#2144 = VECTOR ( 'NONE', #4367, 1000.000000000000000 ) ;
#2145 = STYLED_ITEM ( 'NONE', ( #1844 ), #3176 ) ;
#2146 =( LENGTH_UNIT ( ) NAMED_UNIT ( * ) SI_UNIT ( .MILLI., .METRE. ) );
#2147 = EDGE_CURVE ( 'NONE', #3602, #7485, #8028, .T. ) ;
#2148 = LINE ( 'NONE', #55, #427 ) ;
#2149 = ORIENTED_EDGE ( 'NONE', *, *, #5979, .T. ) ;
#2150 = AXIS2_PLACEMENT_3D ( 'NONE', #2199, #5720, #5206 ) ;
#2152 = VECTOR ( 'NONE', #1212, 1000.000000000000000 ) ;
#2151 = CARTESIAN_POINT ( 'NONE',  ( -1.130000000000004112, 0.5005948168962619516, 0.1000000000000100253 ) ) ;
#2153 = CARTESIAN_POINT ( 'NONE',  ( 1.430000000000000160, 0.08000000000000000167, -0.4999999999999898415 ) ) ;
#2154 = CARTESIAN_POINT ( 'NONE',  ( 1.130000000000003446, 0.000000000000000000, 0.9000000000000101252 ) ) ;
#2155 = STYLED_ITEM ( 'NONE', ( #4260 ), #4434 ) ;
#2156 = CARTESIAN_POINT ( 'NONE',  ( 0.5000000000000052180, 0.000000000000000000, 1.130000000000003668 ) ) ;
#2157 = CARTESIAN_POINT ( 'NONE',  ( -1.430000000000000160, 0.08000000000000000167, 0.4999999999999898415 ) ) ;
#2158 = DIRECTION ( 'NONE',  ( -0.000000000000000000, 1.000000000000000000, -0.000000000000000000 ) ) ;
#2159 = ORIENTED_EDGE ( 'NONE', *, *, #1540, .T. ) ;
#2160 = VECTOR ( 'NONE', #7403, 1000.000000000000000 ) ;
#2161 = CARTESIAN_POINT ( 'NONE',  ( -1.499999999999999778, 0.000000000000000000, 1.499999999999999778 ) ) ;
#2162 = AXIS2_PLACEMENT_3D ( 'NONE', #6280, #7742, #500 ) ;
#2163 = CARTESIAN_POINT ( 'NONE',  ( -0.7000000000000052847, -0.3605551275463988459, 1.430000000000000382 ) ) ;
#2164 = DIRECTION ( 'NONE',  ( -0.000000000000000000, 1.000000000000000000, -0.000000000000000000 ) ) ;
#2165 = PLANE ( 'NONE',  #6413 ) ;
#2166 = FILL_AREA_STYLE_COLOUR ( '', #6422 ) ;
#2167 = FACE_OUTER_BOUND ( 'NONE', #3504, .T. ) ;
#2168 = CARTESIAN_POINT ( 'NONE',  ( -1.100000000000004974, 0.08000000000000000167, 1.229999999999999760 ) ) ;
#2169 = DIRECTION ( 'NONE',  ( 0.000000000000000000, 0.000000000000000000, 1.000000000000000000 ) ) ;
#2170 = EDGE_CURVE ( 'NONE', #1280, #1963, #6629, .T. ) ;
#2171 = LINE ( 'NONE', #714, #4895 ) ;
#2172 = DIRECTION ( 'NONE',  ( 0.000000000000000000, 0.000000000000000000, 1.000000000000000000 ) ) ;
#2173 = ORIENTED_EDGE ( 'NONE', *, *, #5525, .T. ) ;
#2174 = ORIENTED_EDGE ( 'NONE', *, *, #6375, .T. ) ;
#2175 = PRESENTATION_STYLE_ASSIGNMENT (( #5849 ) ) ;
#2176 = ORIENTED_EDGE ( 'NONE', *, *, #6871, .T. ) ;
#2177 = VERTEX_POINT ( 'NONE', #3040 ) ;
#2178 = FACE_OUTER_BOUND ( 'NONE', #2087, .T. ) ;
#2179 = VECTOR ( 'NONE', #126, 1000.000000000000000 ) ;
#2180 = DIRECTION ( 'NONE',  ( 0.000000000000000000, 0.000000000000000000, 1.000000000000000000 ) ) ;
#2181 = ADVANCED_FACE ( 'NONE', ( #8671 ), #1516, .F. ) ;
#2182 = SURFACE_STYLE_FILL_AREA ( #8710 ) ;
#2183 = CARTESIAN_POINT ( 'NONE',  ( -0.9999999999999943379, 0.000000000000000000, 1.130000000000007221 ) ) ;
#2184 = VECTOR ( 'NONE', #6353, 1000.000000000000000 ) ;
#2185 = EDGE_CURVE ( 'NONE', #1747, #7690, #5902, .T. ) ;
#2186 = PLANE ( 'NONE',  #8241 ) ;
#2187 = ORIENTED_EDGE ( 'NONE', *, *, #8303, .F. ) ;
#2188 = VECTOR ( 'NONE', #4861, 1000.000000000000000 ) ;
#2189 = DIRECTION ( 'NONE',  ( 1.000000000000000000, 0.000000000000000000, 0.000000000000000000 ) ) ;
#2190 = ORIENTED_EDGE ( 'NONE', *, *, #7088, .F. ) ;
#2191 = ADVANCED_FACE ( 'NONE', ( #5714 ), #4394, .F. ) ;
#2192 = COLOUR_RGB ( '',1.000000000000000000, 0.8117647058823529438, 0.5019607843137254832 ) ;
#2193 = SURFACE_SIDE_STYLE ('',( #3654 ) ) ;
#2194 = EDGE_CURVE ( 'NONE', #8187, #5334, #2148, .T. ) ;
#2195 = CARTESIAN_POINT ( 'NONE',  ( -0.2999999999999947153, 0.07999999999999998779, -1.130000000000009219 ) ) ;
#2196 = CARTESIAN_POINT ( 'NONE',  ( -1.130000000000001226, 0.5005948168962619516, -0.6999999999999899636 ) ) ;
#2197 = AXIS2_PLACEMENT_3D ( 'NONE', #2250, #8722, #5111 ) ;
#2198 = PLANE ( 'NONE',  #7496 ) ;
#2199 = CARTESIAN_POINT ( 'NONE',  ( -1.149999999999999689, 0.9699999999999999734, -1.150000000000000133 ) ) ;
#2200 = CARTESIAN_POINT ( 'NONE',  ( 0.1000000000000051958, -0.3605551275463988459, -1.130000000000003668 ) ) ;
#2201 = EDGE_CURVE ( 'NONE', #7595, #8889, #863, .T. ) ;
#2202 = DIRECTION ( 'NONE',  ( 0.000000000000000000, -1.000000000000000000, 0.000000000000000000 ) ) ;
#2204 = AXIS2_PLACEMENT_3D ( 'NONE', #4707, #1304, #7585 ) ;
#2203 = DIRECTION ( 'NONE',  ( 0.000000000000000000, 0.000000000000000000, -1.000000000000000000 ) ) ;
#2205 = ORIENTED_EDGE ( 'NONE', *, *, #9202, .T. ) ;
#2206 = VECTOR ( 'NONE', #8725, 1000.000000000000000 ) ;
#2207 = EDGE_LOOP ( 'NONE', ( #250, #5927, #8385, #1331 ) ) ;
#2208 = DIRECTION ( 'NONE',  ( 1.000000000000000000, -0.000000000000000000, 5.860552283705431852E-16 ) ) ;
#2209 = CARTESIAN_POINT ( 'NONE',  ( -0.9750000000000000888, 0.09999999999999999167, -0.8250000000000119460 ) ) ;
#2210 = VECTOR ( 'NONE', #1431, 1000.000000000000000 ) ;
#2211 = DIRECTION ( 'NONE',  ( -0.000000000000000000, -0.000000000000000000, -1.000000000000000000 ) ) ;
#2212 = DIRECTION ( 'NONE',  ( 0.000000000000000000, -0.000000000000000000, 1.000000000000000000 ) ) ;
#2213 = CARTESIAN_POINT ( 'NONE',  ( -1.499999999999999778, 0.000000000000000000, 1.499999999999999778 ) ) ;
#2214 = EDGE_LOOP ( 'NONE', ( #7657, #3382, #591, #2693 ) ) ;
#2215 = UNCERTAINTY_MEASURE_WITH_UNIT (LENGTH_MEASURE( 1.000000000000000082E-05 ), #7071, 'distance_accuracy_value', 'NONE');
#2216 = ORIENTED_EDGE ( 'NONE', *, *, #8914, .F. ) ;
#2217 = ADVANCED_FACE ( 'NONE', ( #4447 ), #3702, .F. ) ;
#2218 = VECTOR ( 'NONE', #2016, 1000.000000000000000 ) ;
#2219 = CARTESIAN_POINT ( 'NONE',  ( 1.500000000000000222, 0.000000000000000000, 1.499999999999999778 ) ) ;
#2220 = FACE_OUTER_BOUND ( 'NONE', #4345, .T. ) ;
#2221 = SURFACE_SIDE_STYLE ('',( #8649 ) ) ;
#2222 = VERTEX_POINT ( 'NONE', #5105 ) ;
#2223 =( LENGTH_UNIT ( ) NAMED_UNIT ( * ) SI_UNIT ( .MILLI., .METRE. ) );
#2224 = FACE_OUTER_BOUND ( 'NONE', #1335, .T. ) ;
#2225 = VECTOR ( 'NONE', #7289, 1000.000000000000000 ) ;
#2226 = AXIS2_PLACEMENT_3D ( 'NONE', #5068, #4363, #5116 ) ;
#2227 = ORIENTED_EDGE ( 'NONE', *, *, #6589, .F. ) ;
#2228 = ORIENTED_EDGE ( 'NONE', *, *, #5542, .T. ) ;
#2229 = VECTOR ( 'NONE', #1786, 1000.000000000000000 ) ;
#2230 = PLANE ( 'NONE',  #3222 ) ;
#2231 = MECHANICAL_DESIGN_GEOMETRIC_PRESENTATION_REPRESENTATION (  '', ( #4188 ), #2088 ) ;
#2232 = ORIENTED_EDGE ( 'NONE', *, *, #524, .T. ) ;
#2233 = DIRECTION ( 'NONE',  ( -1.000000000000000000, 0.000000000000000000, 0.000000000000000000 ) ) ;
#2234 = AXIS2_PLACEMENT_3D ( 'NONE', #5107, #2901, #8626 ) ;
#2235 = DIRECTION ( 'NONE',  ( 1.000000000000000000, 0.000000000000000000, 0.000000000000000000 ) ) ;
#2236 = CARTESIAN_POINT ( 'NONE',  ( 1.500000000000000222, 0.000000000000000000, 1.499999999999999778 ) ) ;
#2237 = ORIENTED_EDGE ( 'NONE', *, *, #3413, .T. ) ;
#2238 = DIRECTION ( 'NONE',  ( -0.000000000000000000, -1.000000000000000000, -0.000000000000000000 ) ) ;
#2239 = DIRECTION ( 'NONE',  ( 1.000000000000000000, -0.000000000000000000, 5.860552283705431852E-16 ) ) ;
#2240 = STYLED_ITEM ( 'NONE', ( #76 ), #516 ) ;
#2241 = ORIENTED_EDGE ( 'NONE', *, *, #9104, .T. ) ;
#2242 = VECTOR ( 'NONE', #3478, 1000.000000000000000 ) ;
#2243 = ADVANCED_FACE ( 'NONE', ( #1466 ), #5859, .T. ) ;
#2244 = DIRECTION ( 'NONE',  ( 0.000000000000000000, 0.000000000000000000, 1.000000000000000000 ) ) ;
#2245 = DIRECTION ( 'NONE',  ( -1.000000000000000000, 0.000000000000000000, 0.000000000000000000 ) ) ;
#2246 = SURFACE_SIDE_STYLE ('',( #4225 ) ) ;
#2247 = DIRECTION ( 'NONE',  ( -0.000000000000000000, -1.000000000000000000, -0.000000000000000000 ) ) ;
#2248 = EDGE_CURVE ( 'NONE', #3, #1865, #3652, .T. ) ;
#2249 = DIRECTION ( 'NONE',  ( -1.000000000000000000, 0.000000000000000000, 0.000000000000000000 ) ) ;
#2250 = CARTESIAN_POINT ( 'NONE',  ( 1.130000000000010330, -0.3605551275463988459, -0.8999999999999896971 ) ) ;
#2251 = CARTESIAN_POINT ( 'NONE',  ( -0.09999999999999473199, 0.08000000000000000167, 1.430000000000000382 ) ) ;
#2252 = CARTESIAN_POINT ( 'NONE',  ( 0.000000000000000000, 0.08000000000000000167, 0.000000000000000000 ) ) ;
#2253 = PLANE ( 'NONE',  #8534 ) ;
#2254 = ORIENTED_EDGE ( 'NONE', *, *, #6349, .T. ) ;
#2255 = DIRECTION ( 'NONE',  ( -1.000000000000000000, 0.000000000000000000, 0.000000000000000000 ) ) ;
#2256 = PLANE ( 'NONE',  #9249 ) ;
#2257 = LINE ( 'NONE', #7161, #4323 ) ;
#2258 = EDGE_CURVE ( 'NONE', #4025, #8278, #2287, .T. ) ;
#2259 = EDGE_CURVE ( 'NONE', #6850, #8349, #1660, .T. ) ;
#2260 = FACE_OUTER_BOUND ( 'NONE', #6893, .T. ) ;
#2261 = CARTESIAN_POINT ( 'NONE',  ( -1.129999999999999893, 0.000000000000000000, -0.8999999999999896971 ) ) ;
#2262 = DIRECTION ( 'NONE',  ( 1.000000000000000000, 0.000000000000000000, -0.000000000000000000 ) ) ;
#2263 = UNCERTAINTY_MEASURE_WITH_UNIT (LENGTH_MEASURE( 1.000000000000000082E-05 ), #8751, 'distance_accuracy_value', 'NONE');
#2264 = UNCERTAINTY_MEASURE_WITH_UNIT (LENGTH_MEASURE( 1.000000000000000082E-05 ), #1178, 'distance_accuracy_value', 'NONE');
#2265 = ADVANCED_FACE ( 'NONE', ( #1750 ), #8954, .F. ) ;
#2266 = VERTEX_POINT ( 'NONE', #5294 ) ;
#2267 = ORIENTED_EDGE ( 'NONE', *, *, #8463, .F. ) ;
#2268 = EDGE_CURVE ( 'NONE', #1452, #1436, #254, .T. ) ;
#2269 = ADVANCED_FACE ( 'NONE', ( #6851 ), #8809, .F. ) ;
#2270 = LINE ( 'NONE', #4700, #323 ) ;
#2271 = LINE ( 'NONE', #5227, #2941 ) ;
#2272 = SURFACE_STYLE_FILL_AREA ( #986 ) ;
#2273 = ORIENTED_EDGE ( 'NONE', *, *, #7150, .T. ) ;
#2274 = DIRECTION ( 'NONE',  ( 1.000000000000000000, -0.000000000000000000, 0.000000000000000000 ) ) ;
#2275 = LINE ( 'NONE', #5136, #1897 ) ;
#2276 = VERTEX_POINT ( 'NONE', #8219 ) ;
#2277 = VERTEX_POINT ( 'NONE', #6141 ) ;
#2278 = ORIENTED_EDGE ( 'NONE', *, *, #2185, .F. ) ;
#2279 = DIRECTION ( 'NONE',  ( 0.000000000000000000, 1.000000000000000000, 0.000000000000000000 ) ) ;
#2280 = FACE_OUTER_BOUND ( 'NONE', #378, .T. ) ;
#2281 = ORIENTED_EDGE ( 'NONE', *, *, #7726, .T. ) ;
#2282 = DIRECTION ( 'NONE',  ( 1.000000000000000000, 0.000000000000000000, 0.000000000000000000 ) ) ;
#2283 = LINE ( 'NONE', #6567, #3415 ) ;
#2284 = LINE ( 'NONE', #4587, #2681 ) ;
#2285 = ORIENTED_EDGE ( 'NONE', *, *, #2323, .T. ) ;
#2286 = DIRECTION ( 'NONE',  ( 0.000000000000000000, 1.000000000000000000, 0.000000000000000000 ) ) ;
#2287 = LINE ( 'NONE', #8859, #3098 ) ;
#2288 = SURFACE_SIDE_STYLE ('',( #1663 ) ) ;
#2289 = CARTESIAN_POINT ( 'NONE',  ( -1.130000000000005445, 0.07999999999999998779, 0.7000000000000100586 ) ) ;
#2290 = LINE ( 'NONE', #3147, #5838 ) ;
#2291 = FACE_OUTER_BOUND ( 'NONE', #8331, .T. ) ;
#2292 = SURFACE_STYLE_FILL_AREA ( #172 ) ;
#2293 =( NAMED_UNIT ( * ) SI_UNIT ( $, .STERADIAN. ) SOLID_ANGLE_UNIT ( ) );
#2294 = PRESENTATION_LAYER_ASSIGNMENT (  '', '', ( #5371 ) ) ;
#2295 = LINE ( 'NONE', #7343, #8511 ) ;
#2296 = VECTOR ( 'NONE', #4078, 1000.000000000000000 ) ;
#2297 = VERTEX_POINT ( 'NONE', #1799 ) ;
#2298 = LINE ( 'NONE', #5773, #7053 ) ;
#2299 = VERTEX_POINT ( 'NONE', #4643 ) ;
#2300 = ORIENTED_EDGE ( 'NONE', *, *, #932, .T. ) ;
#2301 = ADVANCED_FACE ( 'NONE', ( #2526 ), #7519, .T. ) ;
#2302 = DIRECTION ( 'NONE',  ( 0.000000000000000000, 1.000000000000000000, 0.000000000000000000 ) ) ;
#2303 = DIRECTION ( 'NONE',  ( 0.7071067811865414665, 0.000000000000000000, 0.7071067811865536790 ) ) ;
#2304 = DIRECTION ( 'NONE',  ( 0.000000000000000000, 0.000000000000000000, 1.000000000000000000 ) ) ;
#2305 = AXIS2_PLACEMENT_3D ( 'NONE', #650, #3482, #9060 ) ;
#2306 = DIRECTION ( 'NONE',  ( -1.000000000000000000, 0.000000000000000000, 0.000000000000000000 ) ) ;
#2307 = DIRECTION ( 'NONE',  ( -1.000000000000000000, 0.000000000000000000, 0.000000000000000000 ) ) ;
#2308 = VECTOR ( 'NONE', #1614, 1000.000000000000000 ) ;
#2309 = VERTEX_POINT ( 'NONE', #391 ) ;
#2310 = ORIENTED_EDGE ( 'NONE', *, *, #5885, .T. ) ;
#2311 =( GEOMETRIC_REPRESENTATION_CONTEXT ( 3 ) GLOBAL_UNCERTAINTY_ASSIGNED_CONTEXT ( ( #3631 ) ) GLOBAL_UNIT_ASSIGNED_CONTEXT ( ( #4645, #4449, #960 ) ) REPRESENTATION_CONTEXT ( 'NONE', 'WORKASPACE' ) );
#2312 = EDGE_CURVE ( 'NONE', #5041, #8297, #3232, .T. ) ;
#2313 = VECTOR ( 'NONE', #3857, 1000.000000000000000 ) ;
#2314 = VECTOR ( 'NONE', #8479, 1000.000000000000000 ) ;
#2315 = DIRECTION ( 'NONE',  ( 1.084202172485504040E-15, 0.000000000000000000, 1.000000000000000000 ) ) ;
#2316 = PLANE ( 'NONE',  #5348 ) ;
#2317 = ORIENTED_EDGE ( 'NONE', *, *, #653, .F. ) ;
#2318 = DIRECTION ( 'NONE',  ( -0.7071067811865536790, -0.000000000000000000, 0.7071067811865414665 ) ) ;
#2319 = LINE ( 'NONE', #6507, #9066 ) ;
#2320 = EDGE_LOOP ( 'NONE', ( #2922, #7220, #4633, #2897 ) ) ;
#2321 = VERTEX_POINT ( 'NONE', #9007 ) ;
#2322 = DIRECTION ( 'NONE',  ( -0.000000000000000000, -0.000000000000000000, -1.000000000000000000 ) ) ;
#2323 = EDGE_CURVE ( 'NONE', #6727, #2309, #5398, .T. ) ;
#2324 = EDGE_LOOP ( 'NONE', ( #5792, #8101, #7357, #945 ) ) ;
#2325 = FACE_OUTER_BOUND ( 'NONE', #9145, .T. ) ;
#2326 = SURFACE_STYLE_FILL_AREA ( #8210 ) ;
#2327 = DIRECTION ( 'NONE',  ( -0.000000000000000000, -1.000000000000000000, -0.000000000000000000 ) ) ;
#2328 =( LENGTH_UNIT ( ) NAMED_UNIT ( * ) SI_UNIT ( .MILLI., .METRE. ) );
#2329 = DIRECTION ( 'NONE',  ( 0.000000000000000000, 1.000000000000000000, 0.000000000000000000 ) ) ;
#2330 = AXIS2_PLACEMENT_3D ( 'NONE', #1521, #9257, #15 ) ;
#2331 = CARTESIAN_POINT ( 'NONE',  ( 0.7000000000000052847, -0.3605551275463988459, -1.430000000000000382 ) ) ;
#2332 = DIRECTION ( 'NONE',  ( -0.7071067811865430208, -0.000000000000000000, 0.7071067811865521247 ) ) ;
#2333 = DIRECTION ( 'NONE',  ( -0.000000000000000000, -1.000000000000000000, -0.000000000000000000 ) ) ;
#2334 = SURFACE_SIDE_STYLE ('',( #307 ) ) ;
#2335 = CARTESIAN_POINT ( 'NONE',  ( 1.230000000000011973, 0.000000000000000000, -1.099999999999989875 ) ) ;
#2336 = COLOUR_RGB ( '',1.000000000000000000, 0.8117647058823529438, 0.5019607843137254832 ) ;
#2337 = FACE_OUTER_BOUND ( 'NONE', #5836, .T. ) ;
#2338 = DIRECTION ( 'NONE',  ( 1.000000000000000000, 0.000000000000000000, 0.000000000000000000 ) ) ;
#2339 = VECTOR ( 'NONE', #7097, 1000.000000000000000 ) ;
#2340 = CARTESIAN_POINT ( 'NONE',  ( 1.130000000000010330, 0.000000000000000000, -0.8999999999999896971 ) ) ;
#2341 = AXIS2_PLACEMENT_3D ( 'NONE', #7977, #105, #3566 ) ;
#2342 = ORIENTED_EDGE ( 'NONE', *, *, #6986, .F. ) ;
#2343 = PRESENTATION_LAYER_ASSIGNMENT (  '', '', ( #3256 ) ) ;
#2344 = DIRECTION ( 'NONE',  ( -1.000000000000000000, 0.000000000000000000, 0.000000000000000000 ) ) ;
#2345 = ORIENTED_EDGE ( 'NONE', *, *, #5584, .T. ) ;
#2346 = LINE ( 'NONE', #8093, #4719 ) ;
#2347 = LINE ( 'NONE', #2404, #6093 ) ;
#2348 = DIRECTION ( 'NONE',  ( 0.000000000000000000, -1.000000000000000000, 0.000000000000000000 ) ) ;
#2349 = VECTOR ( 'NONE', #2534, 1000.000000000000000 ) ;
#2350 = CARTESIAN_POINT ( 'NONE',  ( 0.000000000000000000, 0.08000000000000000167, 0.000000000000000000 ) ) ;
#2351 = CARTESIAN_POINT ( 'NONE',  ( 0.000000000000000000, 0.000000000000000000, 0.000000000000000000 ) ) ;
#2352 = CARTESIAN_POINT ( 'NONE',  ( 0.3000000000000052625, -0.3605551275463988459, -1.430000000000000382 ) ) ;
#2353 = CARTESIAN_POINT ( 'NONE',  ( -0.4000000000000000222, 0.000000000000000000, 0.000000000000000000 ) ) ;
#2354 = CARTESIAN_POINT ( 'NONE',  ( -0.8999999999999952482, 0.5005948168962619516, 1.130000000000007221 ) ) ;
#2355 = VERTEX_POINT ( 'NONE', #1148 ) ;
#2356 = VECTOR ( 'NONE', #7918, 1000.000000000000000 ) ;
#2357 = EDGE_CURVE ( 'NONE', #8855, #1326, #2386, .T. ) ;
#2358 = ADVANCED_FACE ( 'NONE', ( #8123 ), #1704, .F. ) ;
#2359 = CARTESIAN_POINT ( 'NONE',  ( 1.430000000000000160, 0.000000000000000000, 0.3000000000000102029 ) ) ;
#2360 = DIRECTION ( 'NONE',  ( 0.000000000000000000, -0.000000000000000000, -1.000000000000000000 ) ) ;
#2361 =( NAMED_UNIT ( * ) PLANE_ANGLE_UNIT ( ) SI_UNIT ( $, .RADIAN. ) );
#2362 = ORIENTED_EDGE ( 'NONE', *, *, #694, .T. ) ;
#2363 = CIRCLE ( 'NONE', #7479, 0.1250000000000003331 ) ;
#2364 = VECTOR ( 'NONE', #9273, 1000.000000000000000 ) ;
#2365 = DIRECTION ( 'NONE',  ( 0.000000000000000000, -1.000000000000000000, 0.000000000000000000 ) ) ;
#2366 = ORIENTED_EDGE ( 'NONE', *, *, #2896, .T. ) ;
#2367 =( NAMED_UNIT ( * ) PLANE_ANGLE_UNIT ( ) SI_UNIT ( $, .RADIAN. ) );
#2368 = ADVANCED_FACE ( 'NONE', ( #3840 ), #2622, .T. ) ;
#2369 = ORIENTED_EDGE ( 'NONE', *, *, #796, .T. ) ;
#2370 = ORIENTED_EDGE ( 'NONE', *, *, #5876, .F. ) ;
#2371 = MECHANICAL_DESIGN_GEOMETRIC_PRESENTATION_REPRESENTATION (  '', ( #9278 ), #754 ) ;
#2372 = CARTESIAN_POINT ( 'NONE',  ( 1.130000000000010330, -0.3605551275463988459, 0.8999999999999896971 ) ) ;
#2373 = VECTOR ( 'NONE', #8340, 1000.000000000000000 ) ;
#2374 = DIRECTION ( 'NONE',  ( -1.000000000000000000, 0.000000000000000000, 0.000000000000000000 ) ) ;
#2375 = EDGE_CURVE ( 'NONE', #8258, #5482, #6997, .T. ) ;
#2376 = AXIS2_PLACEMENT_3D ( 'NONE', #243, #1649, #94 ) ;
#2377 = CARTESIAN_POINT ( 'NONE',  ( -1.100000000000004974, 0.08000000000000000167, 1.430000000000000382 ) ) ;
#2378 = CIRCLE ( 'NONE', #8981, 0.1250000000000003331 ) ;
#2379 = FACE_OUTER_BOUND ( 'NONE', #3794, .T. ) ;
#2380 = DIRECTION ( 'NONE',  ( -0.000000000000000000, -1.000000000000000000, -0.000000000000000000 ) ) ;
#2381 = VERTEX_POINT ( 'NONE', #7647 ) ;
#2382 = ORIENTED_EDGE ( 'NONE', *, *, #5590, .T. ) ;
#2383 = VECTOR ( 'NONE', #951, 1000.000000000000000 ) ;
#2384 = DIRECTION ( 'NONE',  ( 1.000000000000000000, -0.000000000000000000, -0.000000000000000000 ) ) ;
#2385 = EDGE_CURVE ( 'NONE', #77, #8319, #4871, .T. ) ;
#2386 = LINE ( 'NONE', #7378, #7902 ) ;
#2387 = EDGE_CURVE ( 'NONE', #6606, #6489, #1373, .T. ) ;
#2388 = VECTOR ( 'NONE', #8764, 1000.000000000000000 ) ;
#2389 = VECTOR ( 'NONE', #596, 1000.000000000000000 ) ;
#2390 = DIRECTION ( 'NONE',  ( -1.000000000000000000, 0.000000000000000000, 0.000000000000000000 ) ) ;
#2391 = LINE ( 'NONE', #9084, #6576 ) ;
#2392 = FILL_AREA_STYLE ('',( #5906 ) ) ;
#2393 = LINE ( 'NONE', #4547, #3142 ) ;
#2394 = AXIS2_PLACEMENT_3D ( 'NONE', #8402, #4034, #4782 ) ;
#2395 = COLOUR_RGB ( '',1.000000000000000000, 0.8117647058823529438, 0.5019607843137254832 ) ;
#2396 = LINE ( 'NONE', #4741, #6863 ) ;
#2397 = STYLED_ITEM ( 'NONE', ( #1923 ), #6416 ) ;
#2398 = LINE ( 'NONE', #1671, #1641 ) ;
#2399 = ORIENTED_EDGE ( 'NONE', *, *, #5421, .F. ) ;
#2400 = CARTESIAN_POINT ( 'NONE',  ( 0.000000000000000000, 0.000000000000000000, 0.000000000000000000 ) ) ;
#2401 = ORIENTED_EDGE ( 'NONE', *, *, #455, .F. ) ;
#2402 = COLOUR_RGB ( '',1.000000000000000000, 0.8117647058823529438, 0.5019607843137254832 ) ;
#2403 = PLANE ( 'NONE',  #4567 ) ;
#2404 = CARTESIAN_POINT ( 'NONE',  ( -0.4999999999999946154, 0.07999999999999998779, -1.500000000000011990 ) ) ;
#2405 = PLANE ( 'NONE',  #2536 ) ;
#2406 = DIRECTION ( 'NONE',  ( 0.000000000000000000, 0.000000000000000000, -1.000000000000000000 ) ) ;
#2407 = LINE ( 'NONE', #7444, #3050 ) ;
#2408 = FACE_OUTER_BOUND ( 'NONE', #1998, .T. ) ;
#2409 = CARTESIAN_POINT ( 'NONE',  ( -0.09999999999999462097, 0.5005948168962619516, -1.130000000000009219 ) ) ;
#2410 = EDGE_LOOP ( 'NONE', ( #8963, #1683, #5134, #5477 ) ) ;
#2411 = ORIENTED_EDGE ( 'NONE', *, *, #8925, .F. ) ;
#2412 = CARTESIAN_POINT ( 'NONE',  ( -0.7249999999999998668, 0.000000000000000000, -0.5750000000000117240 ) ) ;
#2413 = FILL_AREA_STYLE ('',( #3823 ) ) ;
#2414 = ORIENTED_EDGE ( 'NONE', *, *, #1252, .T. ) ;
#2415 = FILL_AREA_STYLE_COLOUR ( '', #4483 ) ;
#2416 = SURFACE_STYLE_USAGE ( .BOTH. , #191 ) ;
#2417 = ORIENTED_EDGE ( 'NONE', *, *, #5535, .F. ) ;
#2418 = EDGE_LOOP ( 'NONE', ( #3887, #233, #6778, #8141 ) ) ;
#2419 = DIRECTION ( 'NONE',  ( -0.000000000000000000, -0.000000000000000000, 1.000000000000000000 ) ) ;
#2420 = ORIENTED_EDGE ( 'NONE', *, *, #966, .F. ) ;
#2421 = VERTEX_POINT ( 'NONE', #4070 ) ;
#2422 = ORIENTED_EDGE ( 'NONE', *, *, #1647, .F. ) ;
#2423 = CARTESIAN_POINT ( 'NONE',  ( 0.3000000000000052625, 0.08000000000000000167, 1.130000000000003668 ) ) ;
#2424 = CARTESIAN_POINT ( 'NONE',  ( 1.130000000000008997, 0.000000000000000000, 0.1000000000000101225 ) ) ;
#2425 = DIRECTION ( 'NONE',  ( 0.000000000000000000, 0.000000000000000000, -1.000000000000000000 ) ) ;
#2426 = ORIENTED_EDGE ( 'NONE', *, *, #2139, .F. ) ;
#2427 = ORIENTED_EDGE ( 'NONE', *, *, #2487, .F. ) ;
#2428 = DIRECTION ( 'NONE',  ( 0.000000000000000000, 0.000000000000000000, 1.000000000000000000 ) ) ;
#2429 = EDGE_CURVE ( 'NONE', #1749, #6046, #7605, .T. ) ;
#2430 = EDGE_CURVE ( 'NONE', #8605, #2852, #4026, .T. ) ;
#2431 = ADVANCED_FACE ( 'NONE', ( #6950 ), #3384, .F. ) ;
#2432 = EDGE_CURVE ( 'NONE', #2692, #415, #4913, .T. ) ;
#2433 = FACE_OUTER_BOUND ( 'NONE', #6387, .T. ) ;
#2434 = EDGE_CURVE ( 'NONE', #1648, #7615, #499, .T. ) ;
#2435 = DIRECTION ( 'NONE',  ( 0.000000000000000000, 0.000000000000000000, -1.000000000000000000 ) ) ;
#2436 = ORIENTED_EDGE ( 'NONE', *, *, #8229, .F. ) ;
#2437 = CARTESIAN_POINT ( 'NONE',  ( 1.130000000000008997, -1.084202172485504434E-16, 0.6999999999999899636 ) ) ;
#2438 = DIRECTION ( 'NONE',  ( 0.000000000000000000, 0.000000000000000000, 1.000000000000000000 ) ) ;
#2439 = LINE ( 'NONE', #3663, #2451 ) ;
#2440 = ADVANCED_FACE ( 'NONE', ( #8397 ), #4207, .F. ) ;
#2441 = ORIENTED_EDGE ( 'NONE', *, *, #4369, .F. ) ;
#2442 = CARTESIAN_POINT ( 'NONE',  ( -1.430000000000000160, -0.3605551275463988459, -1.099999999999989875 ) ) ;
#2443 = ORIENTED_EDGE ( 'NONE', *, *, #5309, .T. ) ;
#2444 = VECTOR ( 'NONE', #8608, 1000.000000000000000 ) ;
#2445 = ORIENTED_EDGE ( 'NONE', *, *, #8408, .F. ) ;
#2446 = FACE_OUTER_BOUND ( 'NONE', #3396, .T. ) ;
#2447 = DIRECTION ( 'NONE',  ( -0.7071067811865521247, 0.000000000000000000, 0.7071067811865430208 ) ) ;
#2448 = CARTESIAN_POINT ( 'NONE',  ( -1.099999999999994982, 0.5005948168962619516, 1.500000000000007327 ) ) ;
#2449 = SURFACE_SIDE_STYLE ('',( #3722 ) ) ;
#2450 = LINE ( 'NONE', #5317, #2144 ) ;
#2451 = VECTOR ( 'NONE', #4695, 1000.000000000000000 ) ;
#2452 = PRESENTATION_LAYER_ASSIGNMENT (  '', '', ( #7570 ) ) ;
#2453 = DIRECTION ( 'NONE',  ( 0.000000000000000000, 0.000000000000000000, 1.000000000000000000 ) ) ;
#2454 = FACE_OUTER_BOUND ( 'NONE', #2782, .T. ) ;
#2455 = DIRECTION ( 'NONE',  ( 0.7071067811865430208, 0.000000000000000000, 0.7071067811865521247 ) ) ;
#2456 = EDGE_CURVE ( 'NONE', #8884, #1711, #7695, .T. ) ;
#2457 = EDGE_LOOP ( 'NONE', ( #3199, #8274, #3374, #4481 ) ) ;
#2458 = AXIS2_PLACEMENT_3D ( 'NONE', #2400, #5264, #558 ) ;
#2459 = FACE_OUTER_BOUND ( 'NONE', #9077, .T. ) ;
#2460 = CARTESIAN_POINT ( 'NONE',  ( 0.3000000000000052625, -0.3605551275463988459, 1.130000000000003668 ) ) ;
#2461 = EDGE_LOOP ( 'NONE', ( #8012, #8668, #4370, #7405 ) ) ;
#2462 =( LENGTH_UNIT ( ) NAMED_UNIT ( * ) SI_UNIT ( .MILLI., .METRE. ) );
#2463 = ORIENTED_EDGE ( 'NONE', *, *, #1585, .T. ) ;
#2464 = ORIENTED_EDGE ( 'NONE', *, *, #3244, .F. ) ;
#2465 = AXIS2_PLACEMENT_3D ( 'NONE', #7380, #1612, #1105 ) ;
#2466 = CARTESIAN_POINT ( 'NONE',  ( -1.430000000000000160, 0.08000000000000000167, 0.8999999999999896971 ) ) ;
#2467 = VECTOR ( 'NONE', #6539, 1000.000000000000000 ) ;
#2468 = VECTOR ( 'NONE', #5983, 1000.000000000000000 ) ;
#2469 = CARTESIAN_POINT ( 'NONE',  ( 0.3000000000000052625, -0.3605551275463988459, -1.130000000000003668 ) ) ;
#2470 = ORIENTED_EDGE ( 'NONE', *, *, #7539, .T. ) ;
#2471 = LINE ( 'NONE', #4438, #3154 ) ;
#2472 = PLANE ( 'NONE',  #5524 ) ;
#2473 = ORIENTED_EDGE ( 'NONE', *, *, #6113, .T. ) ;
#2474 = EDGE_LOOP ( 'NONE', ( #8834, #4875, #8233, #3754 ) ) ;
#2475 = DIRECTION ( 'NONE',  ( -0.000000000000000000, -1.000000000000000000, -0.000000000000000000 ) ) ;
#2476 = EDGE_LOOP ( 'NONE', ( #6537, #6955, #5680, #1416 ) ) ;
#2477 = DIRECTION ( 'NONE',  ( 0.000000000000000000, 0.000000000000000000, -1.000000000000000000 ) ) ;
#2478 = EDGE_CURVE ( 'NONE', #812, #1487, #4731, .T. ) ;
#2479 = FILL_AREA_STYLE_COLOUR ( '', #6830 ) ;
#2480 = EDGE_CURVE ( 'NONE', #3086, #4164, #7090, .T. ) ;
#2481 = FACE_OUTER_BOUND ( 'NONE', #1201, .T. ) ;
#2482 = PLANE ( 'NONE',  #2394 ) ;
#2483 = ORIENTED_EDGE ( 'NONE', *, *, #1252, .F. ) ;
#2484 = DIRECTION ( 'NONE',  ( 0.000000000000000000, 0.000000000000000000, 1.000000000000000000 ) ) ;
#2485 =( NAMED_UNIT ( * ) PLANE_ANGLE_UNIT ( ) SI_UNIT ( $, .RADIAN. ) );
#2486 = FACE_OUTER_BOUND ( 'NONE', #8091, .T. ) ;
#2487 = EDGE_CURVE ( 'NONE', #1607, #1674, #8441, .T. ) ;
#2488 = VERTEX_POINT ( 'NONE', #5483 ) ;
#2489 = EDGE_CURVE ( 'NONE', #5482, #3102, #1932, .T. ) ;
#2490 = DIRECTION ( 'NONE',  ( 0.000000000000000000, 0.000000000000000000, -1.000000000000000000 ) ) ;
#2491 = VERTEX_POINT ( 'NONE', #3474 ) ;
#2492 = ORIENTED_EDGE ( 'NONE', *, *, #5185, .T. ) ;
#2493 = MECHANICAL_DESIGN_GEOMETRIC_PRESENTATION_REPRESENTATION (  '', ( #5632 ), #3406 ) ;
#2494 = CARTESIAN_POINT ( 'NONE',  ( -1.229999999999999316, 0.07999999999999998779, -1.099999999999989875 ) ) ;
#2495 = CARTESIAN_POINT ( 'NONE',  ( 0.3000000000000052625, -0.3605551275463988459, 1.430000000000000382 ) ) ;
#2496 = PLANE ( 'NONE',  #1809 ) ;
#2497 = EDGE_CURVE ( 'NONE', #6016, #39, #9189, .T. ) ;
#2498 = VECTOR ( 'NONE', #5423, 1000.000000000000000 ) ;
#2499 = DIRECTION ( 'NONE',  ( 0.000000000000000000, 1.000000000000000000, 0.000000000000000000 ) ) ;
#2500 = DIRECTION ( 'NONE',  ( -0.000000000000000000, -0.000000000000000000, 1.000000000000000000 ) ) ;
#2501 =( GEOMETRIC_REPRESENTATION_CONTEXT ( 3 ) GLOBAL_UNCERTAINTY_ASSIGNED_CONTEXT ( ( #4270 ) ) GLOBAL_UNIT_ASSIGNED_CONTEXT ( ( #4586, #3885, #8165 ) ) REPRESENTATION_CONTEXT ( 'NONE', 'WORKASPACE' ) );
#2502 = CARTESIAN_POINT ( 'NONE',  ( 0.3000000000000052625, 0.000000000000000000, -1.430000000000000382 ) ) ;
#2503 = VERTEX_POINT ( 'NONE', #8484 ) ;
#2504 = CARTESIAN_POINT ( 'NONE',  ( -1.130000000000004112, 0.07999999999999998779, 0.1000000000000100253 ) ) ;
#2505 = CARTESIAN_POINT ( 'NONE',  ( 0.1000000000000051958, -1.084202172485504434E-16, -1.430000000000000382 ) ) ;
#2506 = ORIENTED_EDGE ( 'NONE', *, *, #2357, .F. ) ;
#2507 = VECTOR ( 'NONE', #6888, 1000.000000000000000 ) ;
#2508 = VECTOR ( 'NONE', #3151, 1000.000000000000000 ) ;
#2509 = CARTESIAN_POINT ( 'NONE',  ( -0.2999999999999950484, 0.5005948168962619516, 1.130000000000013216 ) ) ;
#2510 = ORIENTED_EDGE ( 'NONE', *, *, #1091, .T. ) ;
#2511 = VECTOR ( 'NONE', #5679, 1000.000000000000000 ) ;
#2512 = PRESENTATION_STYLE_ASSIGNMENT (( #8938 ) ) ;
#2513 = VERTEX_POINT ( 'NONE', #2051 ) ;
#2514 = VERTEX_POINT ( 'NONE', #3513 ) ;
#2515 = ADVANCED_FACE ( 'NONE', ( #7788 ), #6364, .T. ) ;
#2516 = SURFACE_STYLE_USAGE ( .BOTH. , #1233 ) ;
#2517 = PRESENTATION_LAYER_ASSIGNMENT (  '', '', ( #4767 ) ) ;
#2518 = VECTOR ( 'NONE', #3416, 1000.000000000000000 ) ;
#2519 = DIRECTION ( 'NONE',  ( 0.000000000000000000, 0.000000000000000000, -1.000000000000000000 ) ) ;
#2520 = DIRECTION ( 'NONE',  ( -0.000000000000000000, -1.000000000000000000, -0.000000000000000000 ) ) ;
#2521 = ORIENTED_EDGE ( 'NONE', *, *, #8001, .T. ) ;
#2522 = PRODUCT ( 'ICM-40609-D', 'ICM-40609-D', '', ( #7249 ) ) ;
#2523 = PRESENTATION_STYLE_ASSIGNMENT (( #8950 ) ) ;
#2524 = ORIENTED_EDGE ( 'NONE', *, *, #9219, .F. ) ;
#2525 = COLOUR_RGB ( '',1.000000000000000000, 0.8117647058823529438, 0.5019607843137254832 ) ;
#2526 = FACE_OUTER_BOUND ( 'NONE', #8333, .T. ) ;
#2527 = DIRECTION ( 'NONE',  ( -1.000000000000000000, 0.000000000000000000, 0.000000000000000000 ) ) ;
#2528 = STYLED_ITEM ( 'NONE', ( #4819 ), #8898 ) ;
#2529 = VERTEX_POINT ( 'NONE', #1727 ) ;
#2530 = DIRECTION ( 'NONE',  ( -0.000000000000000000, -1.000000000000000000, -0.000000000000000000 ) ) ;
#2531 = CARTESIAN_POINT ( 'NONE',  ( -0.8999999999999948042, 0.5005948168962619516, -1.500000000000014211 ) ) ;
#2532 = ORIENTED_EDGE ( 'NONE', *, *, #167, .F. ) ;
#2533 = VECTOR ( 'NONE', #5819, 1000.000000000000000 ) ;
#2534 = DIRECTION ( 'NONE',  ( 0.000000000000000000, 0.000000000000000000, 1.000000000000000000 ) ) ;
#2535 = LINE ( 'NONE', #7526, #2010 ) ;
#2536 = AXIS2_PLACEMENT_3D ( 'NONE', #5166, #8042, #5269 ) ;
#2537 = EDGE_CURVE ( 'NONE', #4526, #4625, #5742, .T. ) ;
#2538 = LINE ( 'NONE', #5408, #8750 ) ;
#2539 = ORIENTED_EDGE ( 'NONE', *, *, #448, .T. ) ;
#2540 = DIRECTION ( 'NONE',  ( 1.000000000000000000, 0.000000000000000000, -0.000000000000000000 ) ) ;
#2541 = EDGE_CURVE ( 'NONE', #7326, #764, #44, .T. ) ;
#2542 = VECTOR ( 'NONE', #7350, 1000.000000000000000 ) ;
#2543 = CARTESIAN_POINT ( 'NONE',  ( -1.130000000000005445, 0.5005948168962619516, 0.5000000000000099920 ) ) ;
#2544 = CARTESIAN_POINT ( 'NONE',  ( 0.1000000000000051958, 0.000000000000000000, 1.130000000000003668 ) ) ;
#2545 = DIRECTION ( 'NONE',  ( 0.000000000000000000, 0.000000000000000000, -1.000000000000000000 ) ) ;
#2546 = AXIS2_PLACEMENT_3D ( 'NONE', #1184, #1007, #2004 ) ;
#2547 = VECTOR ( 'NONE', #512, 1000.000000000000000 ) ;
#2548 = ADVANCED_FACE ( 'NONE', ( #8612 ), #1634, .F. ) ;
#2549 =( NAMED_UNIT ( * ) SI_UNIT ( $, .STERADIAN. ) SOLID_ANGLE_UNIT ( ) );
#2550 = LINE ( 'NONE', #3208, #452 ) ;
#2551 = VERTEX_POINT ( 'NONE', #5273 ) ;
#2552 = DIRECTION ( 'NONE',  ( -1.000000000000000000, 0.000000000000000000, 0.000000000000000000 ) ) ;
#2553 = VECTOR ( 'NONE', #1654, 1000.000000000000000 ) ;
#2554 = ORIENTED_EDGE ( 'NONE', *, *, #5174, .F. ) ;
#2555 = EDGE_CURVE ( 'NONE', #2745, #7760, #2882, .T. ) ;
#2556 = ADVANCED_FACE ( 'NONE', ( #2178 ), #4998, .F. ) ;
#2557 = EDGE_CURVE ( 'NONE', #8205, #8268, #9241, .T. ) ;
#2558 = FACE_OUTER_BOUND ( 'NONE', #2749, .T. ) ;
#2559 = DIRECTION ( 'NONE',  ( -1.000000000000000000, 0.000000000000000000, 0.000000000000000000 ) ) ;
#2560 = VERTEX_POINT ( 'NONE', #8147 ) ;
#2561 = ADVANCED_FACE ( 'NONE', ( #1028 ), #231, .T. ) ;
#2562 = CARTESIAN_POINT ( 'NONE',  ( 1.130000000000008997, 0.000000000000000000, -0.4999999999999898415 ) ) ;
#2563 = VERTEX_POINT ( 'NONE', #2098 ) ;
#2564 = CARTESIAN_POINT ( 'NONE',  ( -0.4999999999999947820, 0.07999999999999998779, 1.130000000000010330 ) ) ;
#2565 = ORIENTED_EDGE ( 'NONE', *, *, #1481, .F. ) ;
#2566 = ADVANCED_FACE ( 'NONE', ( #3604 ), #4517, .F. ) ;
#2567 = ORIENTED_EDGE ( 'NONE', *, *, #8188, .F. ) ;
#2568 = CARTESIAN_POINT ( 'NONE',  ( 0.1000000000000051958, -1.084202172485504434E-16, 1.430000000000000382 ) ) ;
#2569 = EDGE_CURVE ( 'NONE', #7916, #1855, #3863, .T. ) ;
#2570 = DIRECTION ( 'NONE',  ( -0.000000000000000000, 0.000000000000000000, -1.000000000000000000 ) ) ;
#2571 = ORIENTED_EDGE ( 'NONE', *, *, #794, .F. ) ;
#2572 = CARTESIAN_POINT ( 'NONE',  ( 0.3000000000000053180, 0.000000000000000000, -1.130000000000006333 ) ) ;
#2573 = DIRECTION ( 'NONE',  ( 0.000000000000000000, 0.000000000000000000, -1.000000000000000000 ) ) ;
#2574 = EDGE_LOOP ( 'NONE', ( #5870, #1928, #7694, #2962 ) ) ;
#2575 = CARTESIAN_POINT ( 'NONE',  ( -0.7000000000000052847, 0.08000000000000000167, 1.430000000000000382 ) ) ;
#2576 = LINE ( 'NONE', #5521, #4924 ) ;
#2577 = ORIENTED_EDGE ( 'NONE', *, *, #6779, .T. ) ;
#2578 = ORIENTED_EDGE ( 'NONE', *, *, #578, .T. ) ;
#2579 = FACE_OUTER_BOUND ( 'NONE', #1002, .T. ) ;
#2580 = ORIENTED_EDGE ( 'NONE', *, *, #1302, .F. ) ;
#2581 = ORIENTED_EDGE ( 'NONE', *, *, #3921, .F. ) ;
#2582 = CARTESIAN_POINT ( 'NONE',  ( 0.000000000000000000, 0.000000000000000000, 0.8000000000000000444 ) ) ;
#2583 = CARTESIAN_POINT ( 'NONE',  ( -1.130000000000010330, -0.3605551275463988459, 0.9999999999999900080 ) ) ;
#2584 = ORIENTED_EDGE ( 'NONE', *, *, #4608, .F. ) ;
#2585 = CARTESIAN_POINT ( 'NONE',  ( 1.430000000000000160, -0.3605551275463988459, 0.3000000000000102029 ) ) ;
#2586 = CARTESIAN_POINT ( 'NONE',  ( -0.4999999999999950040, 0.07999999999999998779, 1.500000000000010214 ) ) ;
#2587 = EDGE_LOOP ( 'NONE', ( #3962, #460, #4017, #5442 ) ) ;
#2588 = PRODUCT_DEFINITION_CONTEXT ( 'detailed design', #3473, 'design' ) ;
#2589 = PLANE ( 'NONE',  #4303 ) ;
#2590 = CARTESIAN_POINT ( 'NONE',  ( 0.3000000000000052625, -0.3605551275463988459, 1.430000000000000382 ) ) ;
#2591 = VERTEX_POINT ( 'NONE', #2795 ) ;
#2592 = DIRECTION ( 'NONE',  ( 1.000000000000000000, 0.000000000000000000, -0.000000000000000000 ) ) ;
#2593 = ORIENTED_EDGE ( 'NONE', *, *, #3856, .F. ) ;
#2594 = DIRECTION ( 'NONE',  ( 0.000000000000000000, 0.000000000000000000, -1.000000000000000000 ) ) ;
#2595 = CARTESIAN_POINT ( 'NONE',  ( 1.500000000000005995, 0.5005948168962619516, 0.1000000000000100253 ) ) ;
#2596 = DIRECTION ( 'NONE',  ( -0.000000000000000000, 1.000000000000000000, 0.000000000000000000 ) ) ;
#2597 = CARTESIAN_POINT ( 'NONE',  ( -1.499999999999999778, 0.000000000000000000, 1.499999999999999778 ) ) ;
#2598 = FILL_AREA_STYLE_COLOUR ( '', #130 ) ;
#2599 = CARTESIAN_POINT ( 'NONE',  ( 0.000000000000000000, 0.000000000000000000, 0.000000000000000000 ) ) ;
#2600 = DIRECTION ( 'NONE',  ( 1.000000000000000000, -0.000000000000000000, 5.860552283705431852E-16 ) ) ;
#2601 = ORIENTED_EDGE ( 'NONE', *, *, #6389, .F. ) ;
#2602 = ORIENTED_EDGE ( 'NONE', *, *, #6985, .T. ) ;
#2603 = EDGE_CURVE ( 'NONE', #475, #4668, #8779, .T. ) ;
#2604 = CARTESIAN_POINT ( 'NONE',  ( -1.230000000000011973, -0.3605551275463988459, -1.099999999999989875 ) ) ;
#2605 = ORIENTED_EDGE ( 'NONE', *, *, #578, .F. ) ;
#2606 = PRESENTATION_LAYER_ASSIGNMENT (  '', '', ( #3043 ) ) ;
#2607 = DIRECTION ( 'NONE',  ( 0.000000000000000000, 0.000000000000000000, 1.000000000000000000 ) ) ;
#2608 = ORIENTED_EDGE ( 'NONE', *, *, #2075, .F. ) ;
#2609 = EDGE_CURVE ( 'NONE', #4526, #1139, #280, .T. ) ;
#2610 = LINE ( 'NONE', #342, #7210 ) ;
#2611 =( GEOMETRIC_REPRESENTATION_CONTEXT ( 3 ) GLOBAL_UNCERTAINTY_ASSIGNED_CONTEXT ( ( #4285 ) ) GLOBAL_UNIT_ASSIGNED_CONTEXT ( ( #3899, #9112, #4601 ) ) REPRESENTATION_CONTEXT ( 'NONE', 'WORKASPACE' ) );
#2612 = EDGE_CURVE ( 'NONE', #447, #4846, #8532, .T. ) ;
#2613 = DIRECTION ( 'NONE',  ( 0.000000000000000000, 0.000000000000000000, -1.000000000000000000 ) ) ;
#2614 = LINE ( 'NONE', #8131, #2373 ) ;
#2615 = CARTESIAN_POINT ( 'NONE',  ( -1.500000000000002665, 0.5005948168962619516, -0.2999999999999899414 ) ) ;
#2616 = CARTESIAN_POINT ( 'NONE',  ( 0.06500000000000089040, 0.08000000000000000167, -0.06499999999999975242 ) ) ;
#2617 = DIRECTION ( 'NONE',  ( 0.000000000000000000, 0.000000000000000000, 1.000000000000000000 ) ) ;
#2618 = EDGE_LOOP ( 'NONE', ( #7968, #1539, #1389, #196 ) ) ;
#2619 = AXIS2_PLACEMENT_3D ( 'NONE', #4129, #6329, #7009 ) ;
#2620 = LINE ( 'NONE', #4867, #5594 ) ;
#2621 = VERTEX_POINT ( 'NONE', #3777 ) ;
#2622 = PLANE ( 'NONE',  #2793 ) ;
#2623 = PRESENTATION_LAYER_ASSIGNMENT (  '', '', ( #6213 ) ) ;
#2625 = CARTESIAN_POINT ( 'NONE',  ( -0.7000000000000052847, 0.000000000000000000, 1.430000000000000382 ) ) ;
#2624 = VECTOR ( 'NONE', #5444, 1000.000000000000000 ) ;
#2626 = CARTESIAN_POINT ( 'NONE',  ( 1.500000000000010214, 0.07999999999999998779, -1.099999999999989875 ) ) ;
#2627 = LINE ( 'NONE', #7877, #7648 ) ;
#2628 = ORIENTED_EDGE ( 'NONE', *, *, #6751, .F. ) ;
#2629 = CARTESIAN_POINT ( 'NONE',  ( 0.7000000000000052847, -0.3605551275463988459, -1.430000000000000382 ) ) ;
#2630 = CARTESIAN_POINT ( 'NONE',  ( 1.000000000000004441, 0.08000000000000000167, 1.130000000000000338 ) ) ;
#2631 = CARTESIAN_POINT ( 'NONE',  ( 1.430000000000000160, 0.08000000000000000167, 0.1000000000000101225 ) ) ;
#2632 = FACE_OUTER_BOUND ( 'NONE', #5871, .T. ) ;
#2633 = ORIENTED_EDGE ( 'NONE', *, *, #4141, .T. ) ;
#2634 = DIRECTION ( 'NONE',  ( -0.000000000000000000, -1.000000000000000000, -0.000000000000000000 ) ) ;
#2635 = CARTESIAN_POINT ( 'NONE',  ( -1.500000000000003997, 0.07999999999999998779, 0.1000000000000100253 ) ) ;
#2636 = LINE ( 'NONE', #5497, #5187 ) ;
#2637 = DIRECTION ( 'NONE',  ( 1.000000000000000000, -0.000000000000000000, -0.000000000000000000 ) ) ;
#2638 = STYLED_ITEM ( 'NONE', ( #4927 ), #339 ) ;
#2639 = PLANE ( 'NONE',  #7853 ) ;
#2640 = PLANE ( 'NONE',  #2204 ) ;
#2641 = FACE_OUTER_BOUND ( 'NONE', #5011, .T. ) ;
#2642 = ORIENTED_EDGE ( 'NONE', *, *, #8060, .T. ) ;
#2643 = ORIENTED_EDGE ( 'NONE', *, *, #8706, .F. ) ;
#2644 = VECTOR ( 'NONE', #3162, 1000.000000000000000 ) ;
#2645 = DIRECTION ( 'NONE',  ( -1.000000000000000000, 0.000000000000000000, 0.000000000000000000 ) ) ;
#2646 = CARTESIAN_POINT ( 'NONE',  ( 1.100000000000004974, -0.3605551275463988459, -1.229999999999999760 ) ) ;
#2647 = LINE ( 'NONE', #5510, #7424 ) ;
#2648 = VECTOR ( 'NONE', #4378, 1000.000000000000000 ) ;
#2649 = EDGE_CURVE ( 'NONE', #1436, #4655, #3555, .T. ) ;
#2650 = ORIENTED_EDGE ( 'NONE', *, *, #3368, .T. ) ;
#2651 = EDGE_CURVE ( 'NONE', #7704, #4605, #6411, .T. ) ;
#2652 = VECTOR ( 'NONE', #814, 1000.000000000000000 ) ;
#2653 = VECTOR ( 'NONE', #1735, 1000.000000000000000 ) ;
#2654 = AXIS2_PLACEMENT_3D ( 'NONE', #6658, #8059, #6930 ) ;
#2655 = CARTESIAN_POINT ( 'NONE',  ( 1.130000000000008997, 0.08000000000000000167, -0.09999999999998980538 ) ) ;
#2656 = FILL_AREA_STYLE ('',( #9138 ) ) ;
#2657 = VERTEX_POINT ( 'NONE', #1682 ) ;
#2658 = CARTESIAN_POINT ( 'NONE',  ( -1.500000000000001110, 0.07999999999999998779, -0.6999999999999899636 ) ) ;
#2659 = EDGE_CURVE ( 'NONE', #8088, #4965, #980, .T. ) ;
#2660 = CARTESIAN_POINT ( 'NONE',  ( -0.09999999999999462097, 0.07999999999999998779, -1.130000000000009219 ) ) ;
#2661 = LINE ( 'NONE', #1926, #8528 ) ;
#2662 = VERTEX_POINT ( 'NONE', #5705 ) ;
#2663 = VECTOR ( 'NONE', #1942, 1000.000000000000000 ) ;
#2664 = CARTESIAN_POINT ( 'NONE',  ( -1.430000000000000160, -0.3605551275463988459, 0.8999999999999896971 ) ) ;
#2665 = ORIENTED_EDGE ( 'NONE', *, *, #3522, .F. ) ;
#2666 = ORIENTED_EDGE ( 'NONE', *, *, #6963, .T. ) ;
#2667 = DIRECTION ( 'NONE',  ( 1.000000000000000000, 0.000000000000000000, 0.000000000000000000 ) ) ;
#2668 = AXIS2_PLACEMENT_3D ( 'NONE', #6651, #1456, #718 ) ;
#2669 = EDGE_CURVE ( 'NONE', #8058, #7390, #5975, .T. ) ;
#2670 = LINE ( 'NONE', #445, #6679 ) ;
#2671 = FACE_OUTER_BOUND ( 'NONE', #4254, .T. ) ;
#2672 = ADVANCED_FACE ( 'NONE', ( #1120 ), #1863, .F. ) ;
#2673 = ADVANCED_FACE ( 'NONE', ( #3257 ), #8284, .T. ) ;
#2674 = CARTESIAN_POINT ( 'NONE',  ( 1.100000000000004974, 0.000000000000000000, 1.430000000000000382 ) ) ;
#2675 =( GEOMETRIC_REPRESENTATION_CONTEXT ( 3 ) GLOBAL_UNCERTAINTY_ASSIGNED_CONTEXT ( ( #2215 ) ) GLOBAL_UNIT_ASSIGNED_CONTEXT ( ( #7071, #3492, #2293 ) ) REPRESENTATION_CONTEXT ( 'NONE', 'WORKASPACE' ) );
#2676 = FACE_OUTER_BOUND ( 'NONE', #152, .T. ) ;
#2677 = ADVANCED_FACE ( 'NONE', ( #8198 ), #5364, .F. ) ;
#2678 = SURFACE_STYLE_FILL_AREA ( #554 ) ;
#2679 = FACE_OUTER_BOUND ( 'NONE', #3130, .T. ) ;
#2680 = ORIENTED_EDGE ( 'NONE', *, *, #7440, .F. ) ;
#2681 = VECTOR ( 'NONE', #7414, 1000.000000000000000 ) ;
#2682 = DIRECTION ( 'NONE',  ( 1.000000000000000000, -0.000000000000000000, 0.000000000000000000 ) ) ;
#2683 = SURFACE_STYLE_FILL_AREA ( #6377 ) ;
#2684 = PLANE ( 'NONE',  #1210 ) ;
#2685 = CARTESIAN_POINT ( 'NONE',  ( -1.500000000000005107, 0.000000000000000000, 0.7000000000000100586 ) ) ;
#2686 = PLANE ( 'NONE',  #5399 ) ;
#2687 = CARTESIAN_POINT ( 'NONE',  ( 0.7000000000000050626, 0.07999999999999998779, 1.130000000000018767 ) ) ;
#2688 = DIRECTION ( 'NONE',  ( -0.000000000000000000, -0.000000000000000000, 1.000000000000000000 ) ) ;
#2689 = VECTOR ( 'NONE', #6108, 1000.000000000000000 ) ;
#2690 = CARTESIAN_POINT ( 'NONE',  ( -1.130000000000004112, 0.5005948168962619516, 0.3000000000000100919 ) ) ;
#2691 = ORIENTED_EDGE ( 'NONE', *, *, #8551, .F. ) ;
#2692 = VERTEX_POINT ( 'NONE', #4000 ) ;
#2693 = ORIENTED_EDGE ( 'NONE', *, *, #8430, .F. ) ;
#2694 = VECTOR ( 'NONE', #5455, 1000.000000000000000 ) ;
#2695 = ORIENTED_EDGE ( 'NONE', *, *, #4909, .F. ) ;
#2696 = VECTOR ( 'NONE', #3398, 1000.000000000000000 ) ;
#2697 = CARTESIAN_POINT ( 'NONE',  ( 0.5000000000000052180, -0.3605551275463988459, -1.130000000000003668 ) ) ;
#2698 = LINE ( 'NONE', #9129, #5202 ) ;
#2699 = DIRECTION ( 'NONE',  ( -1.000000000000000000, 0.000000000000000000, 0.000000000000000000 ) ) ;
#2700 = CARTESIAN_POINT ( 'NONE',  ( 0.1000000000000052514, 0.5005948168962619516, -1.130000000000006333 ) ) ;
#2701 =( GEOMETRIC_REPRESENTATION_CONTEXT ( 3 ) GLOBAL_UNCERTAINTY_ASSIGNED_CONTEXT ( ( #5080 ) ) GLOBAL_UNIT_ASSIGNED_CONTEXT ( ( #8591, #7859, #6449 ) ) REPRESENTATION_CONTEXT ( 'NONE', 'WORKASPACE' ) );
#2702 = ORIENTED_EDGE ( 'NONE', *, *, #7951, .F. ) ;
#2703 = AXIS2_PLACEMENT_3D ( 'NONE', #5002, #2233, #7972 ) ;
#2704 = DIRECTION ( 'NONE',  ( 0.000000000000000000, 1.000000000000000000, 0.000000000000000000 ) ) ;
#2705 = ORIENTED_EDGE ( 'NONE', *, *, #7662, .F. ) ;
#2706 = DIRECTION ( 'NONE',  ( -1.000000000000000000, 0.000000000000000000, 0.000000000000000000 ) ) ;
#2707 = VECTOR ( 'NONE', #6020, 1000.000000000000000 ) ;
#2708 = ORIENTED_EDGE ( 'NONE', *, *, #100, .F. ) ;
#2709 = FACE_OUTER_BOUND ( 'NONE', #4823, .T. ) ;
#2710 = EDGE_LOOP ( 'NONE', ( #6973, #425, #1761, #5347 ) ) ;
#2711 = ORIENTED_EDGE ( 'NONE', *, *, #2659, .T. ) ;
#2712 = CARTESIAN_POINT ( 'NONE',  ( -1.130000000000001226, 0.5005948168962619516, -0.6999999999999899636 ) ) ;
#2713 = EDGE_CURVE ( 'NONE', #1452, #8319, #9075, .T. ) ;
#2714 = DIRECTION ( 'NONE',  ( 0.000000000000000000, -1.000000000000000000, -0.000000000000000000 ) ) ;
#2715 = VERTEX_POINT ( 'NONE', #473 ) ;
#2716 = CARTESIAN_POINT ( 'NONE',  ( -0.9000000000000051292, 0.08000000000000000167, 1.430000000000000382 ) ) ;
#2717 = LINE ( 'NONE', #7189, #7046 ) ;
#2718 = EDGE_LOOP ( 'NONE', ( #6538, #7208, #552, #7 ) ) ;
#2719 = PLANE ( 'NONE',  #4710 ) ;
#2720 = CARTESIAN_POINT ( 'NONE',  ( 0.7000000000000050626, 0.5005948168962619516, 1.130000000000018767 ) ) ;
#2721 = ADVANCED_FACE ( 'NONE', ( #2641 ), #4614, .T. ) ;
#2722 = ORIENTED_EDGE ( 'NONE', *, *, #4803, .T. ) ;
#2723 = ADVANCED_FACE ( 'NONE', ( #5504 ), #1955, .T. ) ;
#2724 = PLANE ( 'NONE',  #2619 ) ;
#2725 = EDGE_CURVE ( 'NONE', #3435, #3737, #6835, .T. ) ;
#2726 = DIRECTION ( 'NONE',  ( 0.000000000000000000, 1.000000000000000000, 0.000000000000000000 ) ) ;
#2727 = LINE ( 'NONE', #3950, #4334 ) ;
#2728 = EDGE_CURVE ( 'NONE', #1936, #9284, #7626, .T. ) ;
#2729 = CARTESIAN_POINT ( 'NONE',  ( 1.500000000000005995, 0.07999999999999998779, 0.1000000000000100253 ) ) ;
#2730 = CARTESIAN_POINT ( 'NONE',  ( 0.000000000000000000, 0.08000000000000000167, 0.000000000000000000 ) ) ;
#2731 = CARTESIAN_POINT ( 'NONE',  ( -0.8999999999999952482, 0.07999999999999998779, 1.500000000000007105 ) ) ;
#2732 = ORIENTED_EDGE ( 'NONE', *, *, #679, .T. ) ;
#2733 = ORIENTED_EDGE ( 'NONE', *, *, #1014, .T. ) ;
#2734 = ORIENTED_EDGE ( 'NONE', *, *, #5484, .F. ) ;
#2735 = DIRECTION ( 'NONE',  ( -0.000000000000000000, -1.000000000000000000, -0.000000000000000000 ) ) ;
#2736 = LINE ( 'NONE', #4144, #2022 ) ;
#2737 = CARTESIAN_POINT ( 'NONE',  ( -1.499999999999999778, 0.000000000000000000, 1.499999999999999778 ) ) ;
#2738 = SURFACE_SIDE_STYLE ('',( #9178 ) ) ;
#2739 = VERTEX_POINT ( 'NONE', #4662 ) ;
#2740 = EDGE_CURVE ( 'NONE', #9236, #1648, #6073, .T. ) ;
#2741 = FACE_OUTER_BOUND ( 'NONE', #3558, .T. ) ;
#2742 = DIRECTION ( 'NONE',  ( 0.000000000000000000, -1.000000000000000000, 0.000000000000000000 ) ) ;
#2743 = ORIENTED_EDGE ( 'NONE', *, *, #7932, .T. ) ;
#2744 = DIRECTION ( 'NONE',  ( 0.000000000000000000, 0.000000000000000000, -1.000000000000000000 ) ) ;
#2745 = VERTEX_POINT ( 'NONE', #6934 ) ;
#2746 = CARTESIAN_POINT ( 'NONE',  ( -1.099999999999994538, 0.000000000000000000, -1.500000000000014433 ) ) ;
#2747 = PRESENTATION_LAYER_ASSIGNMENT (  '', '', ( #6817 ) ) ;
#2748 = VERTEX_POINT ( 'NONE', #6027 ) ;
#2749 = EDGE_LOOP ( 'NONE', ( #3874, #5248, #4722, #5098 ) ) ;
#2750 =( GEOMETRIC_REPRESENTATION_CONTEXT ( 3 ) GLOBAL_UNCERTAINTY_ASSIGNED_CONTEXT ( ( #7958 ) ) GLOBAL_UNIT_ASSIGNED_CONTEXT ( ( #8085, #3849, #211 ) ) REPRESENTATION_CONTEXT ( 'NONE', 'WORKASPACE' ) );
#2751 = CARTESIAN_POINT ( 'NONE',  ( -0.4999999999999947820, 0.07999999999999998779, 1.130000000000010330 ) ) ;
#2752 = CARTESIAN_POINT ( 'NONE',  ( 0.1000000000000051958, 0.08000000000000000167, -1.130000000000003668 ) ) ;
#2753 = ORIENTED_EDGE ( 'NONE', *, *, #2767, .T. ) ;
#2754 = PLANE ( 'NONE',  #7212 ) ;
#2755 = CARTESIAN_POINT ( 'NONE',  ( 1.130000000000008997, -0.3605551275463988459, 0.6999999999999899636 ) ) ;
#2756 = ORIENTED_EDGE ( 'NONE', *, *, #5867, .T. ) ;
#2757 = CARTESIAN_POINT ( 'NONE',  ( 1.500000000000005995, 0.07999999999999998779, 0.3000000000000100919 ) ) ;
#2758 = CARTESIAN_POINT ( 'NONE',  ( -1.499999999999999778, 0.000000000000000000, -1.500000000000000222 ) ) ;
#2759 = EDGE_CURVE ( 'NONE', #812, #3602, #518, .T. ) ;
#2760 = VECTOR ( 'NONE', #1196, 1000.000000000000000 ) ;
#2761 = VERTEX_POINT ( 'NONE', #8420 ) ;
#2762 = EDGE_CURVE ( 'NONE', #4371, #6801, #6383, .T. ) ;
#2763 = VECTOR ( 'NONE', #2735, 1000.000000000000000 ) ;
#2764 = CARTESIAN_POINT ( 'NONE',  ( 0.1000000000000049183, 0.07999999999999998779, 1.130000000000015881 ) ) ;
#2765 = DIRECTION ( 'NONE',  ( 0.000000000000000000, 1.000000000000000000, 0.000000000000000000 ) ) ;
#2766 = CARTESIAN_POINT ( 'NONE',  ( -0.2999999999999947153, 0.5005948168962619516, -1.130000000000009219 ) ) ;
#2767 = EDGE_CURVE ( 'NONE', #7364, #7628, #2069, .T. ) ;
#2768 = DIRECTION ( 'NONE',  ( 0.000000000000000000, 0.000000000000000000, -1.000000000000000000 ) ) ;
#2769 = CARTESIAN_POINT ( 'NONE',  ( 1.130000000000007443, 0.5005948168962619516, -0.2999999999999899414 ) ) ;
#2770 = SURFACE_SIDE_STYLE ('',( #1432 ) ) ;
#2771 = ORIENTED_EDGE ( 'NONE', *, *, #3758, .T. ) ;
#2772 = ORIENTED_EDGE ( 'NONE', *, *, #8919, .F. ) ;
#2773 = VERTEX_POINT ( 'NONE', #2863 ) ;
#2774 = EDGE_CURVE ( 'NONE', #7817, #7344, #698, .T. ) ;
#2775 = DIRECTION ( 'NONE',  ( -0.000000000000000000, -1.000000000000000000, -0.000000000000000000 ) ) ;
#2776 =( LENGTH_UNIT ( ) NAMED_UNIT ( * ) SI_UNIT ( .MILLI., .METRE. ) );
#2777 = UNCERTAINTY_MEASURE_WITH_UNIT (LENGTH_MEASURE( 1.000000000000000082E-05 ), #4766, 'distance_accuracy_value', 'NONE');
#2778 = VECTOR ( 'NONE', #2279, 1000.000000000000000 ) ;
#2779 = DIRECTION ( 'NONE',  ( 1.000000000000000000, 0.000000000000000000, -0.000000000000000000 ) ) ;
#2780 = SURFACE_STYLE_USAGE ( .BOTH. , #663 ) ;
#2781 = COLOUR_RGB ( '',1.000000000000000000, 0.8117647058823529438, 0.5019607843137254832 ) ;
#2782 = EDGE_LOOP ( 'NONE', ( #1144, #1899, #3472, #4957 ) ) ;
#2783 = ORIENTED_EDGE ( 'NONE', *, *, #3703, .F. ) ;
#2784 = DIRECTION ( 'NONE',  ( 0.000000000000000000, 0.000000000000000000, -1.000000000000000000 ) ) ;
#2785 = LINE ( 'NONE', #2040, #2184 ) ;
#2786 = PLANE ( 'NONE',  #439 ) ;
#2787 = VECTOR ( 'NONE', #5268, 1000.000000000000000 ) ;
#2788 = VERTEX_POINT ( 'NONE', #5592 ) ;
#2789 = FACE_OUTER_BOUND ( 'NONE', #2587, .T. ) ;
#2790 = CARTESIAN_POINT ( 'NONE',  ( -1.149999999999999689, 0.8699999999999998845, -1.150000000000000133 ) ) ;
#2791 = VERTEX_POINT ( 'NONE', #4229 ) ;
#2792 = ORIENTED_EDGE ( 'NONE', *, *, #7083, .T. ) ;
#2793 = AXIS2_PLACEMENT_3D ( 'NONE', #1243, #5443, #4119 ) ;
#2794 = ORIENTED_EDGE ( 'NONE', *, *, #669, .F. ) ;
#2795 = CARTESIAN_POINT ( 'NONE',  ( -1.000000000000004441, 0.08000000000000000167, -1.130000000000000338 ) ) ;
#2796 = AXIS2_PLACEMENT_3D ( 'NONE', #4637, #8070, #8212 ) ;
#2797 = CARTESIAN_POINT ( 'NONE',  ( -0.2999999999999947153, 0.000000000000000000, -1.130000000000009219 ) ) ;
#2798 = VERTEX_POINT ( 'NONE', #9122 ) ;
#2799 = PLANE ( 'NONE',  #3003 ) ;
#2800 = VECTOR ( 'NONE', #5959, 1000.000000000000000 ) ;
#2801 = PLANE ( 'NONE',  #156 ) ;
#2802 = EDGE_LOOP ( 'NONE', ( #1170, #6001, #4849, #1784, #4890 ) ) ;
#2803 = VECTOR ( 'NONE', #4476, 1000.000000000000000 ) ;
#2804 = DIRECTION ( 'NONE',  ( -1.000000000000000000, 0.000000000000000000, -0.000000000000000000 ) ) ;
#2805 = VECTOR ( 'NONE', #5114, 1000.000000000000000 ) ;
#2806 = CARTESIAN_POINT ( 'NONE',  ( 0.000000000000000000, 0.08000000000000000167, 0.000000000000000000 ) ) ;
#2807 = EDGE_LOOP ( 'NONE', ( #7124, #4986, #1742, #7736 ) ) ;
#2808 = FACE_OUTER_BOUND ( 'NONE', #6838, .T. ) ;
#2809 = STYLED_ITEM ( 'NONE', ( #2067 ), #3813 ) ;
#2810 = PRESENTATION_LAYER_ASSIGNMENT (  '', '', ( #8808 ) ) ;
#2811 = FILL_AREA_STYLE ('',( #5016 ) ) ;
#2812 = FACE_OUTER_BOUND ( 'NONE', #383, .T. ) ;
#2813 = DIRECTION ( 'NONE',  ( 1.000000000000000000, 0.000000000000000000, 0.000000000000000000 ) ) ;
#2814 = CARTESIAN_POINT ( 'NONE',  ( 0.000000000000000000, 0.08000000000000000167, 0.000000000000000000 ) ) ;
#2815 = AXIS2_PLACEMENT_3D ( 'NONE', #4494, #7375, #955 ) ;
#2816 = VECTOR ( 'NONE', #2211, 1000.000000000000000 ) ;
#2817 = CARTESIAN_POINT ( 'NONE',  ( 1.230000000000011973, -1.084202172485504434E-16, 1.099999999999989875 ) ) ;
#2818 = VECTOR ( 'NONE', #1396, 1000.000000000000000 ) ;
#2819 = EDGE_LOOP ( 'NONE', ( #3978, #2539, #1973, #5692 ) ) ;
#2820 = DIRECTION ( 'NONE',  ( 0.000000000000000000, -1.000000000000000000, 0.000000000000000000 ) ) ;
#2821 = ADVANCED_FACE ( 'NONE', ( #19 ), #1387, .F. ) ;
#2822 = ORIENTED_EDGE ( 'NONE', *, *, #2268, .T. ) ;
#2823 = VECTOR ( 'NONE', #2520, 1000.000000000000000 ) ;
#2824 = DIRECTION ( 'NONE',  ( -1.000000000000000000, 0.000000000000000000, 0.000000000000000000 ) ) ;
#2825 = CARTESIAN_POINT ( 'NONE',  ( -1.149999999999999689, 0.8699999999999998845, -1.275000000000000577 ) ) ;
#2826 = PLANE ( 'NONE',  #1950 ) ;
#2827 = EDGE_CURVE ( 'NONE', #8167, #5916, #2027, .T. ) ;
#2828 =( NAMED_UNIT ( * ) SI_UNIT ( $, .STERADIAN. ) SOLID_ANGLE_UNIT ( ) );
#2829 = CARTESIAN_POINT ( 'NONE',  ( 0.3000000000000053180, 0.5005948168962619516, -1.130000000000006333 ) ) ;
#2830 = ORIENTED_EDGE ( 'NONE', *, *, #7270, .F. ) ;
#2831 = ORIENTED_EDGE ( 'NONE', *, *, #688, .T. ) ;
#2832 = MECHANICAL_DESIGN_GEOMETRIC_PRESENTATION_REPRESENTATION (  '', ( #4039 ), #8086 ) ;
#2833 = ADVANCED_FACE ( 'NONE', ( #3533 ), #9170, .F. ) ;
#2834 = AXIS2_PLACEMENT_3D ( 'NONE', #5730, #8596, #6501 ) ;
#2835 = EDGE_CURVE ( 'NONE', #5936, #8400, #4887, .T. ) ;
#2836 = EDGE_CURVE ( 'NONE', #4771, #1128, #1994, .T. ) ;
#2837 = LINE ( 'NONE', #1358, #9135 ) ;
#2838 = EDGE_CURVE ( 'NONE', #5736, #4301, #5022, .T. ) ;
#2839 = CARTESIAN_POINT ( 'NONE',  ( -1.500000000000003997, 0.07999999999999998779, 0.1000000000000100253 ) ) ;
#2840 =( LENGTH_UNIT ( ) NAMED_UNIT ( * ) SI_UNIT ( .MILLI., .METRE. ) );
#2841 = VECTOR ( 'NONE', #2435, 1000.000000000000000 ) ;
#2842 = LINE ( 'NONE', #7735, #8759 ) ;
#2843 = ORIENTED_EDGE ( 'NONE', *, *, #7042, .T. ) ;
#2844 = ORIENTED_EDGE ( 'NONE', *, *, #2612, .T. ) ;
#2845 = VECTOR ( 'NONE', #3797, 1000.000000000000000 ) ;
#2846 =( NAMED_UNIT ( * ) SI_UNIT ( $, .STERADIAN. ) SOLID_ANGLE_UNIT ( ) );
#2847 = ORIENTED_EDGE ( 'NONE', *, *, #5839, .T. ) ;
#2848 = ORIENTED_EDGE ( 'NONE', *, *, #6762, .F. ) ;
#2849 = DIRECTION ( 'NONE',  ( -0.000000000000000000, 1.000000000000000000, -0.000000000000000000 ) ) ;
#2850 = LINE ( 'NONE', #8662, #5157 ) ;
#2851 = VECTOR ( 'NONE', #8944, 1000.000000000000000 ) ;
#2852 = VERTEX_POINT ( 'NONE', #6335 ) ;
#2853 = DIRECTION ( 'NONE',  ( 0.000000000000000000, 1.000000000000000000, 0.000000000000000000 ) ) ;
#2854 = DIRECTION ( 'NONE',  ( -0.000000000000000000, 1.000000000000000000, -0.000000000000000000 ) ) ;
#2855 = LINE ( 'NONE', #52, #7187 ) ;
#2856 = ORIENTED_EDGE ( 'NONE', *, *, #6002, .T. ) ;
#2857 = SURFACE_STYLE_FILL_AREA ( #8540 ) ;
#2858 = ORIENTED_EDGE ( 'NONE', *, *, #9099, .T. ) ;
#2859 = CARTESIAN_POINT ( 'NONE',  ( -0.6999999999999946265, 0.000000000000000000, -1.500000000000011768 ) ) ;
#2860 = CARTESIAN_POINT ( 'NONE',  ( 1.130000000000006111, 0.5005948168962619516, 0.3000000000000100919 ) ) ;
#2861 = UNCERTAINTY_MEASURE_WITH_UNIT (LENGTH_MEASURE( 1.000000000000000082E-05 ), #8785, 'distance_accuracy_value', 'NONE');
#2862 = CARTESIAN_POINT ( 'NONE',  ( -1.130000000000001226, 0.07999999999999998779, -0.4999999999999898415 ) ) ;
#2863 = CARTESIAN_POINT ( 'NONE',  ( 1.500000000000000222, 0.000000000000000000, 0.7000000000000100586 ) ) ;
#2864 = LINE ( 'NONE', #5825, #5389 ) ;
#2865 = VERTEX_POINT ( 'NONE', #9214 ) ;
#2866 = CARTESIAN_POINT ( 'NONE',  ( -1.430000000000000160, -0.3605551275463988459, 1.099999999999989875 ) ) ;
#2867 = CARTESIAN_POINT ( 'NONE',  ( -1.149999999999999689, 0.8699999999999998845, -1.150000000000000133 ) ) ;
#2868 = DIRECTION ( 'NONE',  ( -1.000000000000000000, 0.000000000000000000, 0.000000000000000000 ) ) ;
#2869 = FILL_AREA_STYLE_COLOUR ( '', #3150 ) ;
#2870 = VERTEX_POINT ( 'NONE', #2817 ) ;
#2871 = UNCERTAINTY_MEASURE_WITH_UNIT (LENGTH_MEASURE( 1.000000000000000082E-05 ), #4832, 'distance_accuracy_value', 'NONE');
#2872 = ORIENTED_EDGE ( 'NONE', *, *, #1094, .T. ) ;
#2873 = EDGE_CURVE ( 'NONE', #5374, #5789, #2114, .T. ) ;
#2874 = ADVANCED_FACE ( 'NONE', ( #4844 ), #7072, .F. ) ;
#2875 = PLANE ( 'NONE',  #2834 ) ;
#2876 = CARTESIAN_POINT ( 'NONE',  ( -0.4000000000000000222, 0.000000000000000000, 0.000000000000000000 ) ) ;
#2877 = ORIENTED_EDGE ( 'NONE', *, *, #7545, .T. ) ;
#2878 = ORIENTED_EDGE ( 'NONE', *, *, #7092, .F. ) ;
#2879 = ORIENTED_EDGE ( 'NONE', *, *, #828, .T. ) ;
#2880 = ADVANCED_FACE ( 'NONE', ( #5159 ), #1569, .F. ) ;
#2881 = VERTEX_POINT ( 'NONE', #824 ) ;
#2882 = LINE ( 'NONE', #941, #3710 ) ;
#2883 = EDGE_CURVE ( 'NONE', #2798, #496, #4360, .T. ) ;
#2884 = VECTOR ( 'NONE', #2475, 1000.000000000000000 ) ;
#2885 = PLANE ( 'NONE',  #4564 ) ;
#2886 = ORIENTED_EDGE ( 'NONE', *, *, #2480, .F. ) ;
#2887 = CARTESIAN_POINT ( 'NONE',  ( -1.100000000000004974, -0.3605551275463988459, 1.430000000000000382 ) ) ;
#2888 = EDGE_CURVE ( 'NONE', #2870, #2421, #64, .T. ) ;
#2889 = LINE ( 'NONE', #5101, #3701 ) ;
#2890 = LINE ( 'NONE', #8538, #7923 ) ;
#2891 = ORIENTED_EDGE ( 'NONE', *, *, #9039, .F. ) ;
#2892 = AXIS2_PLACEMENT_3D ( 'NONE', #1618, #5960, #6681 ) ;
#2893 = VECTOR ( 'NONE', #3175, 1000.000000000000000 ) ;
#2894 = CARTESIAN_POINT ( 'NONE',  ( -1.130000000000008997, 0.08000000000000000167, 0.4999999999999898415 ) ) ;
#2895 = CARTESIAN_POINT ( 'NONE',  ( 0.3000000000000052625, 0.000000000000000000, -1.430000000000000382 ) ) ;
#2896 = EDGE_CURVE ( 'NONE', #3515, #7817, #4406, .T. ) ;
#2897 = ORIENTED_EDGE ( 'NONE', *, *, #3127, .F. ) ;
#2898 = MECHANICAL_DESIGN_GEOMETRIC_PRESENTATION_REPRESENTATION (  '', ( #5371 ), #8168 ) ;
#2900 = PRESENTATION_LAYER_ASSIGNMENT (  '', '', ( #4397 ) ) ;
#2899 = FILL_AREA_STYLE ('',( #5716 ) ) ;
#2901 = DIRECTION ( 'NONE',  ( 0.000000000000000000, 0.000000000000000000, -1.000000000000000000 ) ) ;
#2902 = LINE ( 'NONE', #1563, #717 ) ;
#2903 = LINE ( 'NONE', #2196, #6608 ) ;
#2904 =( NAMED_UNIT ( * ) PLANE_ANGLE_UNIT ( ) SI_UNIT ( $, .RADIAN. ) );
#2905 = MECHANICAL_DESIGN_GEOMETRIC_PRESENTATION_REPRESENTATION (  '', ( #5010 ), #2311 ) ;
#2906 = PLANE ( 'NONE',  #4448 ) ;
#2907 = DIRECTION ( 'NONE',  ( 0.000000000000000000, 1.000000000000000000, 0.000000000000000000 ) ) ;
#2908 = CARTESIAN_POINT ( 'NONE',  ( -0.09999999999999473199, 0.000000000000000000, 1.430000000000000382 ) ) ;
#2909 = AXIS2_PLACEMENT_3D ( 'NONE', #4412, #2302, #6021 ) ;
#2910 = COLOUR_RGB ( '',1.000000000000000000, 0.8117647058823529438, 0.5019607843137254832 ) ;
#2911 = DIRECTION ( 'NONE',  ( 1.000000000000000000, 0.000000000000000000, 0.000000000000000000 ) ) ;
#2912 = ORIENTED_EDGE ( 'NONE', *, *, #2432, .T. ) ;
#2913 = VERTEX_POINT ( 'NONE', #7943 ) ;
#2914 = AXIS2_PLACEMENT_3D ( 'NONE', #3881, #4584, #6039 ) ;
#2915 = CARTESIAN_POINT ( 'NONE',  ( 1.430000000000000160, -0.3605551275463988459, -0.4999999999999898415 ) ) ;
#2916 = DIRECTION ( 'NONE',  ( -0.000000000000000000, -0.000000000000000000, -1.000000000000000000 ) ) ;
#2917 = CARTESIAN_POINT ( 'NONE',  ( -1.100000000000004974, -1.084202172485504434E-16, 1.430000000000000382 ) ) ;
#2918 = LINE ( 'NONE', #1581, #8992 ) ;
#2919 = LINE ( 'NONE', #5026, #2818 ) ;
#2920 = CARTESIAN_POINT ( 'NONE',  ( -0.06500000000000442923, 0.08000000000000000167, -0.06500000000000526190 ) ) ;
#2921 = UNCERTAINTY_MEASURE_WITH_UNIT (LENGTH_MEASURE( 1.000000000000000082E-05 ), #883, 'distance_accuracy_value', 'NONE');
#2922 = ORIENTED_EDGE ( 'NONE', *, *, #295, .T. ) ;
#2923 = VERTEX_POINT ( 'NONE', #1619 ) ;
#2924 = PLANE ( 'NONE',  #2083 ) ;
#2925 = FILL_AREA_STYLE ('',( #9283 ) ) ;
#2926 = ORIENTED_EDGE ( 'NONE', *, *, #158, .T. ) ;
#2927 = DIRECTION ( 'NONE',  ( 0.000000000000000000, 0.000000000000000000, 1.000000000000000000 ) ) ;
#2928 = EDGE_CURVE ( 'NONE', #900, #2984, #2960, .T. ) ;
#2929 = DIRECTION ( 'NONE',  ( 0.000000000000000000, 0.000000000000000000, -1.000000000000000000 ) ) ;
#2930 = DIRECTION ( 'NONE',  ( -0.000000000000000000, -1.000000000000000000, -0.000000000000000000 ) ) ;
#2931 = EDGE_CURVE ( 'NONE', #4371, #2277, #8820, .T. ) ;
#2932 = ORIENTED_EDGE ( 'NONE', *, *, #898, .T. ) ;
#2933 = ORIENTED_EDGE ( 'NONE', *, *, #5195, .T. ) ;
#2934 = LINE ( 'NONE', #4384, #6892 ) ;
#2935 = VECTOR ( 'NONE', #8970, 1000.000000000000000 ) ;
#2936 = DIRECTION ( 'NONE',  ( -1.000000000000000000, 0.000000000000000000, -0.000000000000000000 ) ) ;
#2937 = ADVANCED_FACE ( 'NONE', ( #5910 ), #8684, .T. ) ;
#2938 = ORIENTED_EDGE ( 'NONE', *, *, #520, .T. ) ;
#2939 = DIRECTION ( 'NONE',  ( 0.000000000000000000, -0.000000000000000000, 1.000000000000000000 ) ) ;
#2940 = CARTESIAN_POINT ( 'NONE',  ( 1.500000000000010214, 0.07999999999999998779, -1.099999999999989875 ) ) ;
#2941 = VECTOR ( 'NONE', #8006, 1000.000000000000000 ) ;
#2942 = DIRECTION ( 'NONE',  ( -1.000000000000000000, 0.000000000000000000, 2.930276141852713954E-16 ) ) ;
#2943 = ORIENTED_EDGE ( 'NONE', *, *, #6865, .T. ) ;
#2944 = LINE ( 'NONE', #5712, #6059 ) ;
#2945 = AXIS2_PLACEMENT_3D ( 'NONE', #5896, #7413, #2519 ) ;
#2946 = DIRECTION ( 'NONE',  ( -5.860552283705430865E-16, 0.000000000000000000, 1.000000000000000000 ) ) ;
#2947 = ORIENTED_EDGE ( 'NONE', *, *, #5636, .F. ) ;
#2948 = VECTOR ( 'NONE', #2477, 1000.000000000000000 ) ;
#2949 = DIRECTION ( 'NONE',  ( 1.000000000000000000, 0.000000000000000000, 0.000000000000000000 ) ) ;
#2950 = EDGE_CURVE ( 'NONE', #2177, #676, #6640, .T. ) ;
#2951 = EDGE_CURVE ( 'NONE', #5066, #5427, #3010, .T. ) ;
#2952 = PRESENTATION_STYLE_ASSIGNMENT (( #4312 ) ) ;
#2953 = VECTOR ( 'NONE', #4599, 1000.000000000000000 ) ;
#2954 = ADVANCED_FACE ( 'NONE', ( #873 ), #3713, .T. ) ;
#2955 = LINE ( 'NONE', #5766, #7358 ) ;
#2956 = VECTOR ( 'NONE', #2849, 1000.000000000000000 ) ;
#2957 = EDGE_CURVE ( 'NONE', #672, #7364, #2295, .T. ) ;
#2958 = PLANE ( 'NONE',  #5798 ) ;
#2959 = CARTESIAN_POINT ( 'NONE',  ( -1.499999999999999778, 0.9699999999999999734, 1.499999999999999778 ) ) ;
#2960 = LINE ( 'NONE', #5824, #8066 ) ;
#2961 = EDGE_CURVE ( 'NONE', #5531, #8513, #264, .T. ) ;
#2962 = ORIENTED_EDGE ( 'NONE', *, *, #4786, .F. ) ;
#2964 = VECTOR ( 'NONE', #8832, 1000.000000000000000 ) ;
#2963 = LINE ( 'NONE', #3667, #7499 ) ;
#2965 = ORIENTED_EDGE ( 'NONE', *, *, #3806, .F. ) ;
#2966 = PRESENTATION_LAYER_ASSIGNMENT (  '', '', ( #8955 ) ) ;
#2967 = ORIENTED_EDGE ( 'NONE', *, *, #6225, .T. ) ;
#2968 = CARTESIAN_POINT ( 'NONE',  ( -1.500000000000001110, 0.000000000000000000, -0.6999999999999899636 ) ) ;
#2969 = CARTESIAN_POINT ( 'NONE',  ( 1.130000000000008997, 0.5005948168962619516, -0.6999999999999899636 ) ) ;
#2970 = DIRECTION ( 'NONE',  ( 1.000000000000000000, 0.000000000000000000, 0.000000000000000000 ) ) ;
#2971 = VECTOR ( 'NONE', #8922, 1000.000000000000000 ) ;
#2972 = CARTESIAN_POINT ( 'NONE',  ( -1.130000000000008997, 0.08000000000000000167, -0.4999999999999898415 ) ) ;
#2973 = VECTOR ( 'NONE', #1443, 1000.000000000000000 ) ;
#2974 = FACE_OUTER_BOUND ( 'NONE', #4671, .T. ) ;
#2975 = FACE_OUTER_BOUND ( 'NONE', #3052, .T. ) ;
#2976 = CARTESIAN_POINT ( 'NONE',  ( -0.8999999999999952482, 0.07999999999999998779, 1.130000000000007221 ) ) ;
#2977 = ORIENTED_EDGE ( 'NONE', *, *, #468, .F. ) ;
#2978 = EDGE_LOOP ( 'NONE', ( #3391, #1009, #3946, #540 ) ) ;
#2979 = CLOSED_SHELL ( 'NONE', ( #6498, #5547, #6857, #3932, #9018, #647 ) ) ;
#2980 = AXIS2_PLACEMENT_3D ( 'NONE', #8617, #6473, #6 ) ;
#2981 = FACE_OUTER_BOUND ( 'NONE', #7086, .T. ) ;
#2982 = LINE ( 'NONE', #4809, #6547 ) ;
#2983 = CARTESIAN_POINT ( 'NONE',  ( 1.100000000000005196, 0.5005948168962619516, -1.500000000000000222 ) ) ;
#2984 = VERTEX_POINT ( 'NONE', #8767 ) ;
#2985 = DIRECTION ( 'NONE',  ( 0.000000000000000000, 0.000000000000000000, -1.000000000000000000 ) ) ;
#2986 = DIRECTION ( 'NONE',  ( 0.000000000000000000, 0.000000000000000000, -1.000000000000000000 ) ) ;
#2987 = VERTEX_POINT ( 'NONE', #5208 ) ;
#2988 = ORIENTED_EDGE ( 'NONE', *, *, #3350, .F. ) ;
#2989 = CLOSED_SHELL ( 'NONE', ( #919, #124, #4212, #5481, #5176, #2368 ) ) ;
#2990 = DIRECTION ( 'NONE',  ( 0.000000000000000000, -1.000000000000000000, 0.000000000000000000 ) ) ;
#2991 = EDGE_LOOP ( 'NONE', ( #6554, #7739, #3979, #2743 ) ) ;
#2992 = ORIENTED_EDGE ( 'NONE', *, *, #5285, .F. ) ;
#2993 = VECTOR ( 'NONE', #3501, 1000.000000000000000 ) ;
#2994 = CARTESIAN_POINT ( 'NONE',  ( 1.130000000000006111, 0.000000000000000000, 0.1000000000000100253 ) ) ;
#2995 = LINE ( 'NONE', #4632, #1066 ) ;
#2996 = VECTOR ( 'NONE', #7571, 1000.000000000000000 ) ;
#2997 = VERTEX_POINT ( 'NONE', #8087 ) ;
#2998 = VECTOR ( 'NONE', #692, 1000.000000000000000 ) ;
#2999 = DIRECTION ( 'NONE',  ( -0.000000000000000000, -1.000000000000000000, -0.000000000000000000 ) ) ;
#3000 = LINE ( 'NONE', #6568, #4317 ) ;
#3001 = DIRECTION ( 'NONE',  ( 0.000000000000000000, 1.000000000000000000, 0.000000000000000000 ) ) ;
#3002 =( NAMED_UNIT ( * ) PLANE_ANGLE_UNIT ( ) SI_UNIT ( $, .RADIAN. ) );
#3003 = AXIS2_PLACEMENT_3D ( 'NONE', #1511, #5100, #9245 ) ;
#3004 = DIRECTION ( 'NONE',  ( -1.000000000000000000, 0.000000000000000000, -0.000000000000000000 ) ) ;
#3005 = LINE ( 'NONE', #1613, #3305 ) ;
#3006 = CARTESIAN_POINT ( 'NONE',  ( 1.130000000000010330, -1.084202172485504434E-16, -0.9999999999999900080 ) ) ;
#3007 = EDGE_CURVE ( 'NONE', #7021, #5006, #2398, .T. ) ;
#3008 = CARTESIAN_POINT ( 'NONE',  ( -0.09999999999999473199, 0.000000000000000000, 1.130000000000003668 ) ) ;
#3009 = EDGE_CURVE ( 'NONE', #2997, #8824, #7386, .T. ) ;
#3010 = LINE ( 'NONE', #2340, #3273 ) ;
#3011 = ORIENTED_EDGE ( 'NONE', *, *, #5877, .F. ) ;
#3012 = EDGE_CURVE ( 'NONE', #6849, #5850, #967, .T. ) ;
#3013 = DIRECTION ( 'NONE',  ( 0.000000000000000000, 0.000000000000000000, -1.000000000000000000 ) ) ;
#3014 = CARTESIAN_POINT ( 'NONE',  ( -1.430000000000000160, 0.000000000000000000, 0.6999999999999899636 ) ) ;
#3015 = CARTESIAN_POINT ( 'NONE',  ( 1.100000000000004752, 0.000000000000000000, 1.230000000000022631 ) ) ;
#3016 = CARTESIAN_POINT ( 'NONE',  ( -1.430000000000000160, -0.3605551275463988459, 0.1000000000000101225 ) ) ;
#3017 = ADVANCED_FACE ( 'NONE', ( #117 ), #5961, .F. ) ;
#3018 = CARTESIAN_POINT ( 'NONE',  ( 0.7000000000000052847, 0.000000000000000000, -1.430000000000000382 ) ) ;
#3019 = CARTESIAN_POINT ( 'NONE',  ( 0.3000000000000052625, 0.000000000000000000, -1.130000000000003668 ) ) ;
#3020 = LINE ( 'NONE', #6650, #7328 ) ;
#3021 = UNCERTAINTY_MEASURE_WITH_UNIT (LENGTH_MEASURE( 1.000000000000000082E-05 ), #3639, 'distance_accuracy_value', 'NONE');
#3022 = ORIENTED_EDGE ( 'NONE', *, *, #2138, .F. ) ;
#3023 = LINE ( 'NONE', #4574, #3410 ) ;
#3024 = CARTESIAN_POINT ( 'NONE',  ( -0.7249999999999998668, 0.000000000000000000, -0.5750000000000117240 ) ) ;
#3025 = ORIENTED_EDGE ( 'NONE', *, *, #3471, .T. ) ;
#3026 = DIRECTION ( 'NONE',  ( -0.000000000000000000, -1.000000000000000000, -0.000000000000000000 ) ) ;
#3027 = PRESENTATION_STYLE_ASSIGNMENT (( #2416 ) ) ;
#3028 = ORIENTED_EDGE ( 'NONE', *, *, #4425, .T. ) ;
#3029 = ORIENTED_EDGE ( 'NONE', *, *, #1992, .F. ) ;
#3030 =( NAMED_UNIT ( * ) PLANE_ANGLE_UNIT ( ) SI_UNIT ( $, .RADIAN. ) );
#3031 =( NAMED_UNIT ( * ) PLANE_ANGLE_UNIT ( ) SI_UNIT ( $, .RADIAN. ) );
#3032 = EDGE_LOOP ( 'NONE', ( #232, #1653, #6227, #7998 ) ) ;
#3033 = ORIENTED_EDGE ( 'NONE', *, *, #6910, .T. ) ;
#3034 = CARTESIAN_POINT ( 'NONE',  ( 0.3000000000000051514, 0.000000000000000000, 1.130000000000015881 ) ) ;
#3035 = CARTESIAN_POINT ( 'NONE',  ( -1.100000000000004974, -0.3605551275463988459, -1.229999999999999760 ) ) ;
#3036 = ORIENTED_EDGE ( 'NONE', *, *, #7715, .T. ) ;
#3037 = LINE ( 'NONE', #999, #8111 ) ;
#3038 = LINE ( 'NONE', #5897, #6739 ) ;
#3039 = ORIENTED_EDGE ( 'NONE', *, *, #2713, .F. ) ;
#3040 = CARTESIAN_POINT ( 'NONE',  ( -0.7249999999999998668, 0.1000000000000000056, -0.5750000000000117240 ) ) ;
#3041 = LINE ( 'NONE', #3090, #8323 ) ;
#3042 = CARTESIAN_POINT ( 'NONE',  ( -1.100000000000004974, -1.084202172485504434E-16, 1.229999999999999760 ) ) ;
#3043 = STYLED_ITEM ( 'NONE', ( #2512 ), #3359 ) ;
#3044 = CARTESIAN_POINT ( 'NONE',  ( 0.3000000000000049294, 0.07999999999999998779, 1.500000000000015765 ) ) ;
#3045 = DIRECTION ( 'NONE',  ( -0.000000000000000000, 1.000000000000000000, -0.000000000000000000 ) ) ;
#3046 = ADVANCED_FACE ( 'NONE', ( #3586 ), #4942, .F. ) ;
#3047 = DIRECTION ( 'NONE',  ( -0.000000000000000000, -1.000000000000000000, -0.000000000000000000 ) ) ;
#3048 = DIRECTION ( 'NONE',  ( -0.000000000000000000, 1.000000000000000000, 0.000000000000000000 ) ) ;
#3049 = ADVANCED_FACE ( 'NONE', ( #7076 ), #576, .F. ) ;
#3050 = VECTOR ( 'NONE', #4660, 1000.000000000000000 ) ;
#3051 = DIRECTION ( 'NONE',  ( -1.000000000000000000, 0.000000000000000000, 0.000000000000000000 ) ) ;
#3052 = EDGE_LOOP ( 'NONE', ( #2912, #4640, #5746, #4490 ) ) ;
#3053 = ORIENTED_EDGE ( 'NONE', *, *, #3476, .T. ) ;
#3054 = ORIENTED_EDGE ( 'NONE', *, *, #3856, .T. ) ;
#3055 = EDGE_CURVE ( 'NONE', #6123, #5181, #749, .T. ) ;
#3056 = DIRECTION ( 'NONE',  ( 5.860552283705427907E-16, 0.000000000000000000, -1.000000000000000000 ) ) ;
#3057 = FACE_OUTER_BOUND ( 'NONE', #5541, .T. ) ;
#3058 = CARTESIAN_POINT ( 'NONE',  ( 0.1000000000000049183, 0.000000000000000000, 1.130000000000015881 ) ) ;
#3059 = VECTOR ( 'NONE', #8089, 1000.000000000000000 ) ;
#3060 = CARTESIAN_POINT ( 'NONE',  ( -1.130000000000005445, 0.07999999999999998779, 0.5000000000000099920 ) ) ;
#3061 = SHAPE_DEFINITION_REPRESENTATION ( #1124, #509 ) ;
#3062 = CARTESIAN_POINT ( 'NONE',  ( -1.499999999999999778, 0.000000000000000000, -1.500000000000000222 ) ) ;
#3063 = CARTESIAN_POINT ( 'NONE',  ( -0.8999999999999948042, 0.07999999999999998779, -1.500000000000014211 ) ) ;
#3064 = CARTESIAN_POINT ( 'NONE',  ( -0.09999999999999473199, -0.3605551275463988459, 1.130000000000003668 ) ) ;
#3065 = VERTEX_POINT ( 'NONE', #4896 ) ;
#3066 = VERTEX_POINT ( 'NONE', #7857 ) ;
#3067 = EDGE_CURVE ( 'NONE', #2852, #4935, #5641, .T. ) ;
#3068 =( GEOMETRIC_REPRESENTATION_CONTEXT ( 3 ) GLOBAL_UNCERTAINTY_ASSIGNED_CONTEXT ( ( #5030 ) ) GLOBAL_UNIT_ASSIGNED_CONTEXT ( ( #690, #13, #165 ) ) REPRESENTATION_CONTEXT ( 'NONE', 'WORKASPACE' ) );
#3069 = ADVANCED_FACE ( 'NONE', ( #2122 ), #7683, .T. ) ;
#3070 = AXIS2_PLACEMENT_3D ( 'NONE', #4511, #7391, #972 ) ;
#3071 = PRESENTATION_LAYER_ASSIGNMENT (  '', '', ( #3970 ) ) ;
#3072 = ADVANCED_FACE ( 'NONE', ( #4146 ), #4281, .F. ) ;
#3073 = DIRECTION ( 'NONE',  ( 0.000000000000000000, -0.000000000000000000, 1.000000000000000000 ) ) ;
#3074 = CARTESIAN_POINT ( 'NONE',  ( -1.430000000000000160, -0.3605551275463988459, 0.8999999999999896971 ) ) ;
#3075 = ORIENTED_EDGE ( 'NONE', *, *, #4803, .F. ) ;
#3076 = CARTESIAN_POINT ( 'NONE',  ( 0.5000000000000052180, 0.07999999999999998779, -1.500000000000003331 ) ) ;
#3077 = CARTESIAN_POINT ( 'NONE',  ( 0.1000000000000048211, 0.000000000000000000, 1.499999999999999778 ) ) ;
#3078 = ORIENTED_EDGE ( 'NONE', *, *, #8014, .F. ) ;
#3079 = ORIENTED_EDGE ( 'NONE', *, *, #6831, .F. ) ;
#3080 = FILL_AREA_STYLE_COLOUR ( '', #67 ) ;
#3081 = ORIENTED_EDGE ( 'NONE', *, *, #6556, .F. ) ;
#3082 =( LENGTH_UNIT ( ) NAMED_UNIT ( * ) SI_UNIT ( .MILLI., .METRE. ) );
#3083 = CARTESIAN_POINT ( 'NONE',  ( -1.499999999999999778, 0.000000000000000000, 1.499999999999999778 ) ) ;
#3084 = LINE ( 'NONE', #5946, #4630 ) ;
#3085 = VERTEX_POINT ( 'NONE', #2034 ) ;
#3086 = VERTEX_POINT ( 'NONE', #7165 ) ;
#3087 = VECTOR ( 'NONE', #8659, 1000.000000000000000 ) ;
#3088 = DIRECTION ( 'NONE',  ( 0.000000000000000000, 1.000000000000000000, 0.000000000000000000 ) ) ;
#3089 = VECTOR ( 'NONE', #9118, 1000.000000000000000 ) ;
#3090 = CARTESIAN_POINT ( 'NONE',  ( -0.8999999999999952482, 0.000000000000000000, 1.130000000000007221 ) ) ;
#3091 = LINE ( 'NONE', #7422, #5 ) ;
#3092 = CARTESIAN_POINT ( 'NONE',  ( -0.7000000000000052847, -1.084202172485504434E-16, 1.430000000000000382 ) ) ;
#3093 = LINE ( 'NONE', #7288, #9140 ) ;
#3094 = VECTOR ( 'NONE', #3104, 1000.000000000000000 ) ;
#3095 = DIRECTION ( 'NONE',  ( 0.000000000000000000, 0.000000000000000000, 1.000000000000000000 ) ) ;
#3096 = LINE ( 'NONE', #4456, #6818 ) ;
#3097 = CARTESIAN_POINT ( 'NONE',  ( 1.230000000000011973, 0.000000000000000000, 1.099999999999989875 ) ) ;
#3098 = VECTOR ( 'NONE', #305, 1000.000000000000000 ) ;
#3099 = ORIENTED_EDGE ( 'NONE', *, *, #3350, .T. ) ;
#3100 = AXIS2_PLACEMENT_3D ( 'NONE', #5437, #2706, #432 ) ;
#3101 = CARTESIAN_POINT ( 'NONE',  ( 1.130000000000010330, 0.08000000000000000167, 0.9999999999999900080 ) ) ;
#3102 = VERTEX_POINT ( 'NONE', #9177 ) ;
#3103 = FACE_OUTER_BOUND ( 'NONE', #7167, .T. ) ;
#3104 = DIRECTION ( 'NONE',  ( 0.000000000000000000, 0.000000000000000000, -1.000000000000000000 ) ) ;
#3105 = DIRECTION ( 'NONE',  ( 0.000000000000000000, 0.000000000000000000, -1.000000000000000000 ) ) ;
#3106 = CARTESIAN_POINT ( 'NONE',  ( -1.130000000000010330, 0.08000000000000000167, -0.8999999999999896971 ) ) ;
#3107 = MECHANICAL_DESIGN_GEOMETRIC_PRESENTATION_REPRESENTATION (  '', ( #4009 ), #8039 ) ;
#3108 = LINE ( 'NONE', #5973, #6119 ) ;
#3109 = CARTESIAN_POINT ( 'NONE',  ( -1.130000000000008997, 0.08000000000000000167, 0.1000000000000101225 ) ) ;
#3110 = DIRECTION ( 'NONE',  ( -1.000000000000000000, 0.000000000000000000, 0.000000000000000000 ) ) ;
#3111 = ORIENTED_EDGE ( 'NONE', *, *, #1978, .T. ) ;
#3112 = AXIS2_PLACEMENT_3D ( 'NONE', #6468, #7828, #4570 ) ;
#3113 = CARTESIAN_POINT ( 'NONE',  ( -1.230000000000008420, 0.000000000000000000, 1.100000000000010303 ) ) ;
#3114 =( NAMED_UNIT ( * ) PLANE_ANGLE_UNIT ( ) SI_UNIT ( $, .RADIAN. ) );
#3115 = COLOUR_RGB ( '',1.000000000000000000, 0.8117647058823529438, 0.5019607843137254832 ) ;
#3116 = CARTESIAN_POINT ( 'NONE',  ( -0.06499999999998833100, 0.08000000000000000167, -0.06499999999998946898 ) ) ;
#3117 = ADVANCED_FACE ( 'NONE', ( #6259 ), #2165, .F. ) ;
#3118 = CARTESIAN_POINT ( 'NONE',  ( -0.4000000000000000222, 0.08000000000000000167, 0.000000000000000000 ) ) ;
#3119 = VERTEX_POINT ( 'NONE', #707 ) ;
#3120 = ORIENTED_EDGE ( 'NONE', *, *, #1575, .T. ) ;
#3121 = EDGE_CURVE ( 'NONE', #1846, #716, #6981, .T. ) ;
#3123 = EDGE_LOOP ( 'NONE', ( #2831, #6486, #6884, #5704 ) ) ;
#3122 = EDGE_CURVE ( 'NONE', #7628, #3228, #6345, .T. ) ;
#3124 = ORIENTED_EDGE ( 'NONE', *, *, #8686, .T. ) ;
#3125 = ADVANCED_FACE ( 'NONE', ( #5291 ), #5395, .F. ) ;
#3126 = VECTOR ( 'NONE', #4535, 1000.000000000000000 ) ;
#3127 = EDGE_CURVE ( 'NONE', #9263, #3282, #5335, .T. ) ;
#3128 = EDGE_CURVE ( 'NONE', #3577, #519, #8217, .T. ) ;
#3129 =( NAMED_UNIT ( * ) SI_UNIT ( $, .STERADIAN. ) SOLID_ANGLE_UNIT ( ) );
#3130 = EDGE_LOOP ( 'NONE', ( #3168, #6488, #1789, #3508 ) ) ;
#3131 = CARTESIAN_POINT ( 'NONE',  ( -1.499999999999999778, 0.9699999999999999734, 1.499999999999999778 ) ) ;
#3132 = VECTOR ( 'NONE', #3026, 1000.000000000000000 ) ;
#3133 = PLANE ( 'NONE',  #2945 ) ;
#3134 = DIRECTION ( 'NONE',  ( 0.000000000000000000, 0.000000000000000000, 1.000000000000000000 ) ) ;
#3135 = VERTEX_POINT ( 'NONE', #3186 ) ;
#3136 = EDGE_CURVE ( 'NONE', #119, #7543, #3889, .T. ) ;
#3137 = ORIENTED_EDGE ( 'NONE', *, *, #7563, .F. ) ;
#3138 = AXIS2_PLACEMENT_3D ( 'NONE', #4656, #1858, #6827 ) ;
#3139 =( LENGTH_UNIT ( ) NAMED_UNIT ( * ) SI_UNIT ( .MILLI., .METRE. ) );
#3140 = ORIENTED_EDGE ( 'NONE', *, *, #921, .T. ) ;
#3141 = DIRECTION ( 'NONE',  ( 1.000000000000000000, 0.000000000000000000, -0.000000000000000000 ) ) ;
#3142 = VECTOR ( 'NONE', #6010, 1000.000000000000000 ) ;
#3143 = FACE_OUTER_BOUND ( 'NONE', #8930, .T. ) ;
#3144 = AXIS2_PLACEMENT_3D ( 'NONE', #5084, #5841, #8699 ) ;
#3145 = CARTESIAN_POINT ( 'NONE',  ( -0.09999999999999473199, -0.3605551275463988459, -1.430000000000000382 ) ) ;
#3146 = CARTESIAN_POINT ( 'NONE',  ( -1.130000000000010330, -0.3605551275463988459, 0.8999999999999896971 ) ) ;
#3147 = CARTESIAN_POINT ( 'NONE',  ( 1.430000000000000160, 0.08000000000000000167, -0.8999999999999896971 ) ) ;
#3148 = ORIENTED_EDGE ( 'NONE', *, *, #969, .F. ) ;
#3149 = AXIS2_PLACEMENT_3D ( 'NONE', #7835, #4172, #4919 ) ;
#3150 = COLOUR_RGB ( '',1.000000000000000000, 0.8117647058823529438, 0.5019607843137254832 ) ;
#3151 = DIRECTION ( 'NONE',  ( 0.000000000000000000, 0.000000000000000000, 1.000000000000000000 ) ) ;
#3152 = SURFACE_STYLE_USAGE ( .BOTH. , #6822 ) ;
#3153 = PLANE ( 'NONE',  #2892 ) ;
#3154 = VECTOR ( 'NONE', #8754, 1000.000000000000000 ) ;
#3155 = ORIENTED_EDGE ( 'NONE', *, *, #5251, .T. ) ;
#3156 = DIRECTION ( 'NONE',  ( 0.000000000000000000, 0.000000000000000000, -1.000000000000000000 ) ) ;
#3157 = ORIENTED_EDGE ( 'NONE', *, *, #3812, .F. ) ;
#3158 = VERTEX_POINT ( 'NONE', #4641 ) ;
#3159 = CARTESIAN_POINT ( 'NONE',  ( -1.130000000000004112, 0.5005948168962619516, 0.3000000000000100919 ) ) ;
#3160 = MECHANICAL_DESIGN_GEOMETRIC_PRESENTATION_REPRESENTATION (  '', ( #3606 ), #1611 ) ;
#3161 = CARTESIAN_POINT ( 'NONE',  ( -0.9999999999999943379, 0.07999999999999998779, 1.130000000000007221 ) ) ;
#3162 = DIRECTION ( 'NONE',  ( -0.000000000000000000, -1.000000000000000000, -0.000000000000000000 ) ) ;
#3163 = DIRECTION ( 'NONE',  ( 0.000000000000000000, 0.000000000000000000, 1.000000000000000000 ) ) ;
#3164 = DIRECTION ( 'NONE',  ( 0.000000000000000000, 0.000000000000000000, -1.000000000000000000 ) ) ;
#3165 = CARTESIAN_POINT ( 'NONE',  ( -1.130000000000006777, 0.07999999999999998779, 0.9000000000000101252 ) ) ;
#3166 = CARTESIAN_POINT ( 'NONE',  ( -0.09999999999999473199, 0.08000000000000000167, -1.430000000000000382 ) ) ;
#3167 = CARTESIAN_POINT ( 'NONE',  ( -0.9750000000000000888, 0.000000000000000000, -0.8250000000000119460 ) ) ;
#3168 = ORIENTED_EDGE ( 'NONE', *, *, #4902, .F. ) ;
#3169 = LINE ( 'NONE', #5420, #626 ) ;
#3170 = DIRECTION ( 'NONE',  ( 0.000000000000000000, 0.000000000000000000, 1.000000000000000000 ) ) ;
#3171 = DIRECTION ( 'NONE',  ( 0.000000000000000000, 1.000000000000000000, 0.000000000000000000 ) ) ;
#3172 = VERTEX_POINT ( 'NONE', #5197 ) ;
#3173 = ORIENTED_EDGE ( 'NONE', *, *, #5694, .T. ) ;
#3174 = CARTESIAN_POINT ( 'NONE',  ( -1.130000000000004112, 0.07999999999999998779, 0.1000000000000100253 ) ) ;
#3175 = DIRECTION ( 'NONE',  ( -0.000000000000000000, 1.000000000000000000, -0.000000000000000000 ) ) ;
#3176 = ADVANCED_FACE ( 'NONE', ( #4589 ), #8073, .F. ) ;
#3177 = ORIENTED_EDGE ( 'NONE', *, *, #750, .F. ) ;
#3178 = ORIENTED_EDGE ( 'NONE', *, *, #5599, .T. ) ;
#3179 = DIRECTION ( 'NONE',  ( 0.000000000000000000, 1.000000000000000000, 0.000000000000000000 ) ) ;
#3180 = ADVANCED_FACE ( 'NONE', ( #8806 ), #6090, .T. ) ;
#3181 = ORIENTED_EDGE ( 'NONE', *, *, #9099, .F. ) ;
#3182 = EDGE_CURVE ( 'NONE', #5427, #6084, #348, .T. ) ;
#3183 = SURFACE_STYLE_USAGE ( .BOTH. , #1049 ) ;
#3184 = CARTESIAN_POINT ( 'NONE',  ( -0.2999999999999947153, 0.000000000000000000, -1.500000000000008882 ) ) ;
#3185 = ORIENTED_EDGE ( 'NONE', *, *, #5987, .F. ) ;
#3186 = CARTESIAN_POINT ( 'NONE',  ( 0.5000000000000052180, 0.07999999999999998779, -1.130000000000003668 ) ) ;
#3187 = EDGE_CURVE ( 'NONE', #7537, #56, #4537, .T. ) ;
#3188 = ORIENTED_EDGE ( 'NONE', *, *, #5822, .F. ) ;
#3189 = CARTESIAN_POINT ( 'NONE',  ( 1.130000000000008997, 0.07999999999999998779, -0.6999999999999899636 ) ) ;
#3190 = LINE ( 'NONE', #205, #4262 ) ;
#3191 = EDGE_CURVE ( 'NONE', #3646, #9289, #8885, .T. ) ;
#3192 = CARTESIAN_POINT ( 'NONE',  ( 0.000000000000000000, 0.000000000000000000, 0.8000000000000000444 ) ) ;
#3193 = FACE_OUTER_BOUND ( 'NONE', #6409, .T. ) ;
#3194 = ORIENTED_EDGE ( 'NONE', *, *, #5285, .T. ) ;
#3195 = CARTESIAN_POINT ( 'NONE',  ( -0.7000000000000052847, -0.3605551275463988459, 1.130000000000003668 ) ) ;
#3196 = CARTESIAN_POINT ( 'NONE',  ( -1.099999999999994982, 0.000000000000000000, 1.230000000000006644 ) ) ;
#3197 = DIRECTION ( 'NONE',  ( -0.000000000000000000, -1.000000000000000000, -0.000000000000000000 ) ) ;
#3198 = CARTESIAN_POINT ( 'NONE',  ( 0.7000000000000052847, 0.08000000000000000167, -1.430000000000000382 ) ) ;
#3199 = ORIENTED_EDGE ( 'NONE', *, *, #6804, .T. ) ;
#3200 = CARTESIAN_POINT ( 'NONE',  ( 1.130000000000008997, 0.08000000000000000167, 0.6999999999999899636 ) ) ;
#3201 = UNCERTAINTY_MEASURE_WITH_UNIT (LENGTH_MEASURE( 1.000000000000000082E-05 ), #5865, 'distance_accuracy_value', 'NONE');
#3202 = CARTESIAN_POINT ( 'NONE',  ( 1.130000000000010330, -1.084202172485504434E-16, -0.8999999999999896971 ) ) ;
#3203 = DIRECTION ( 'NONE',  ( 0.000000000000000000, 0.000000000000000000, -1.000000000000000000 ) ) ;
#3204 = ADVANCED_FACE ( 'NONE', ( #1003 ), #1102, .F. ) ;
#3205 = AXIS2_PLACEMENT_3D ( 'NONE', #2730, #696, #2025 ) ;
#3206 =( GEOMETRIC_REPRESENTATION_CONTEXT ( 3 ) GLOBAL_UNCERTAINTY_ASSIGNED_CONTEXT ( ( #5171 ) ) GLOBAL_UNIT_ASSIGNED_CONTEXT ( ( #6754, #3031, #8158 ) ) REPRESENTATION_CONTEXT ( 'NONE', 'WORKASPACE' ) );
#3207 = CARTESIAN_POINT ( 'NONE',  ( 1.500000000000007327, 0.000000000000000000, -0.2999999999999899414 ) ) ;
#3208 = CARTESIAN_POINT ( 'NONE',  ( -0.8999999999999952482, 0.07999999999999998779, 1.130000000000007221 ) ) ;
#3209 = DIRECTION ( 'NONE',  ( -1.000000000000000000, 0.000000000000000000, 0.000000000000000000 ) ) ;
#3210 = ORIENTED_EDGE ( 'NONE', *, *, #3122, .T. ) ;
#3211 = ORIENTED_EDGE ( 'NONE', *, *, #920, .T. ) ;
#3212 = AXIS2_PLACEMENT_3D ( 'NONE', #6960, #7664, #4080 ) ;
#3213 = DIRECTION ( 'NONE',  ( 1.000000000000000000, 0.000000000000000000, 0.000000000000000000 ) ) ;
#3214 = LINE ( 'NONE', #8471, #4592 ) ;
#3215 = ORIENTED_EDGE ( 'NONE', *, *, #338, .F. ) ;
#3216 = VECTOR ( 'NONE', #3708, 1000.000000000000000 ) ;
#3217 = FACE_OUTER_BOUND ( 'NONE', #8753, .T. ) ;
#3218 = ORIENTED_EDGE ( 'NONE', *, *, #8005, .F. ) ;
#3219 = SURFACE_STYLE_FILL_AREA ( #3739 ) ;
#3220 = VERTEX_POINT ( 'NONE', #2746 ) ;
#3221 = ORIENTED_EDGE ( 'NONE', *, *, #5876, .T. ) ;
#3222 = AXIS2_PLACEMENT_3D ( 'NONE', #5097, #5707, #2052 ) ;
#3223 = DIRECTION ( 'NONE',  ( 1.000000000000000000, 0.000000000000000000, 0.000000000000000000 ) ) ;
#3224 = VECTOR ( 'NONE', #8470, 1000.000000000000000 ) ;
#3225 = CARTESIAN_POINT ( 'NONE',  ( 0.06500000000000029365, 0.08000000000000000167, 0.06500000000000141775 ) ) ;
#3226 = EDGE_CURVE ( 'NONE', #7760, #5396, #5615, .T. ) ;
#3227 = CARTESIAN_POINT ( 'NONE',  ( -1.130000000000005445, 0.000000000000000000, 0.7000000000000100586 ) ) ;
#3228 = VERTEX_POINT ( 'NONE', #2047 ) ;
#3229 = ORIENTED_EDGE ( 'NONE', *, *, #9095, .F. ) ;
#3230 = SURFACE_SIDE_STYLE ('',( #389 ) ) ;
#3231 = ORIENTED_EDGE ( 'NONE', *, *, #7883, .F. ) ;
#3232 = LINE ( 'NONE', #4497, #880 ) ;
#3233 = EDGE_CURVE ( 'NONE', #1930, #1276, #4821, .T. ) ;
#3234 = CARTESIAN_POINT ( 'NONE',  ( 0.3000000000000051514, 0.5005948168962619516, 1.130000000000015881 ) ) ;
#3235 = DIRECTION ( 'NONE',  ( 1.000000000000000000, 0.000000000000000000, 0.000000000000000000 ) ) ;
#3236 = ORIENTED_EDGE ( 'NONE', *, *, #5979, .F. ) ;
#3237 = DIRECTION ( 'NONE',  ( 0.000000000000000000, 0.000000000000000000, -1.000000000000000000 ) ) ;
#3238 = EDGE_CURVE ( 'NONE', #8587, #5850, #8305, .T. ) ;
#3239 = EDGE_CURVE ( 'NONE', #699, #672, #541, .T. ) ;
#3240 = ADVANCED_FACE ( 'NONE', ( #2579 ), #7784, .T. ) ;
#3241 = LINE ( 'NONE', #8232, #242 ) ;
#3242 = ORIENTED_EDGE ( 'NONE', *, *, #8783, .T. ) ;
#3243 = ORIENTED_EDGE ( 'NONE', *, *, #6531, .T. ) ;
#3244 = EDGE_CURVE ( 'NONE', #6557, #3733, #1279, .T. ) ;
#3245 = AXIS2_PLACEMENT_3D ( 'NONE', #1116, #8923, #1165 ) ;
#3246 = CARTESIAN_POINT ( 'NONE',  ( -1.500000000000001110, 0.5005948168962619516, -0.6999999999999899636 ) ) ;
#3247 = DIRECTION ( 'NONE',  ( -0.000000000000000000, -1.000000000000000000, -0.000000000000000000 ) ) ;
#3248 = DIRECTION ( 'NONE',  ( -0.7071067811865520136, -0.000000000000000000, 0.7071067811865430208 ) ) ;
#3249 = CARTESIAN_POINT ( 'NONE',  ( -1.099999999999994538, 0.07999999999999998779, -1.500000000000014433 ) ) ;
#3250 = EDGE_CURVE ( 'NONE', #302, #7344, #2620, .T. ) ;
#3251 = AXIS2_PLACEMENT_3D ( 'NONE', #1591, #8150, #8201 ) ;
#3252 = ADVANCED_FACE ( 'NONE', ( #1240 ), #6274, .F. ) ;
#3253 = AXIS2_PLACEMENT_3D ( 'NONE', #6573, #2239, #5008 ) ;
#3254 = LINE ( 'NONE', #3307, #7567 ) ;
#3255 = CARTESIAN_POINT ( 'NONE',  ( 0.7000000000000052847, 0.08000000000000000167, -1.430000000000000382 ) ) ;
#3256 = STYLED_ITEM ( 'NONE', ( #37 ), #7450 ) ;
#3257 = FACE_OUTER_BOUND ( 'NONE', #438, .T. ) ;
#3258 = ORIENTED_EDGE ( 'NONE', *, *, #2053, .T. ) ;
#3259 = ORIENTED_EDGE ( 'NONE', *, *, #3226, .F. ) ;
#3260 = VECTOR ( 'NONE', #4824, 1000.000000000000000 ) ;
#3261 = LINE ( 'NONE', #6255, #5911 ) ;
#3262 = DIRECTION ( 'NONE',  ( 1.000000000000000000, 0.000000000000000000, -0.000000000000000000 ) ) ;
#3263 = ORIENTED_EDGE ( 'NONE', *, *, #8791, .T. ) ;
#3264 = COLOUR_RGB ( '',0.2509803921568627416, 0.2509803921568627416, 0.2509803921568627416 ) ;
#3265 = SURFACE_STYLE_FILL_AREA ( #6752 ) ;
#3266 = ORIENTED_EDGE ( 'NONE', *, *, #8686, .F. ) ;
#3267 = VECTOR ( 'NONE', #7892, 1000.000000000000000 ) ;
#3268 = PRESENTATION_STYLE_ASSIGNMENT (( #9037 ) ) ;
#3269 = ORIENTED_EDGE ( 'NONE', *, *, #8724, .F. ) ;
#3270 = ORIENTED_EDGE ( 'NONE', *, *, #3449, .T. ) ;
#3271 = CARTESIAN_POINT ( 'NONE',  ( -0.2999999999999950484, 0.000000000000000000, 1.130000000000013216 ) ) ;
#3272 = VECTOR ( 'NONE', #4228, 1000.000000000000000 ) ;
#3273 = VECTOR ( 'NONE', #3802, 1000.000000000000000 ) ;
#3274 = ORIENTED_EDGE ( 'NONE', *, *, #4139, .F. ) ;
#3275 = CARTESIAN_POINT ( 'NONE',  ( 0.000000000000000000, 0.08000000000000000167, 0.000000000000000000 ) ) ;
#3276 = LINE ( 'NONE', #1187, #5788 ) ;
#3277 = DIRECTION ( 'NONE',  ( -1.000000000000000000, 0.000000000000000000, 0.000000000000000000 ) ) ;
#3278 = VERTEX_POINT ( 'NONE', #4115 ) ;
#3279 = DIRECTION ( 'NONE',  ( 0.000000000000000000, 0.000000000000000000, -1.000000000000000000 ) ) ;
#3280 = AXIS2_PLACEMENT_3D ( 'NONE', #5954, #1275, #6899 ) ;
#3281 = ORIENTED_EDGE ( 'NONE', *, *, #4329, .T. ) ;
#3282 = VERTEX_POINT ( 'NONE', #9004 ) ;
#3283 = STYLED_ITEM ( 'NONE', ( #7954 ), #3468 ) ;
#3284 = PRESENTATION_LAYER_ASSIGNMENT (  '', '', ( #6425 ) ) ;
#3285 = CLOSED_SHELL ( 'NONE', ( #2561, #107, #3240, #6216 ) ) ;
#3286 = FACE_OUTER_BOUND ( 'NONE', #6593, .T. ) ;
#3287 = VECTOR ( 'NONE', #2329, 1000.000000000000000 ) ;
#3288 = ORIENTED_EDGE ( 'NONE', *, *, #1716, .T. ) ;
#3289 = CARTESIAN_POINT ( 'NONE',  ( 1.430000000000000160, 0.08000000000000000167, -0.09999999999998980538 ) ) ;
#3290 = DIRECTION ( 'NONE',  ( 0.000000000000000000, 1.000000000000000000, 0.000000000000000000 ) ) ;
#3291 = ORIENTED_EDGE ( 'NONE', *, *, #1206, .F. ) ;
#3292 = FACE_OUTER_BOUND ( 'NONE', #266, .T. ) ;
#3293 = VECTOR ( 'NONE', #2348, 1000.000000000000000 ) ;
#3294 = ADVANCED_FACE ( 'NONE', ( #2709 ), #5570, .F. ) ;
#3295 = VERTEX_POINT ( 'NONE', #4162 ) ;
#3296 = AXIS2_PLACEMENT_3D ( 'NONE', #4061, #489, #4107 ) ;
#3297 = FACE_OUTER_BOUND ( 'NONE', #6044, .T. ) ;
#3298 = EDGE_LOOP ( 'NONE', ( #6465, #6348, #3561, #7714 ) ) ;
#3299 = DIRECTION ( 'NONE',  ( 0.000000000000000000, 0.000000000000000000, -1.000000000000000000 ) ) ;
#3300 = VECTOR ( 'NONE', #9021, 1000.000000000000000 ) ;
#3301 = DIRECTION ( 'NONE',  ( 0.000000000000000000, -0.000000000000000000, 1.000000000000000000 ) ) ;
#3302 = CARTESIAN_POINT ( 'NONE',  ( -1.100000000000004974, 0.08000000000000000167, -1.229999999999999760 ) ) ;
#3303 = DIRECTION ( 'NONE',  ( -0.000000000000000000, -0.000000000000000000, 1.000000000000000000 ) ) ;
#3304 = VECTOR ( 'NONE', #366, 1000.000000000000000 ) ;
#3305 = VECTOR ( 'NONE', #6578, 1000.000000000000000 ) ;
#3306 = EDGE_CURVE ( 'NONE', #309, #4510, #7044, .T. ) ;
#3307 = CARTESIAN_POINT ( 'NONE',  ( 1.130000000000010330, 0.000000000000000000, 0.8999999999999896971 ) ) ;
#3308 = DIRECTION ( 'NONE',  ( 0.000000000000000000, 0.000000000000000000, 1.000000000000000000 ) ) ;
#3309 = DIRECTION ( 'NONE',  ( 1.000000000000000000, 0.000000000000000000, 0.000000000000000000 ) ) ;
#3310 = ORIENTED_EDGE ( 'NONE', *, *, #7897, .F. ) ;
#3311 = CARTESIAN_POINT ( 'NONE',  ( 0.000000000000000000, 0.08000000000000000167, 0.4000000000000000222 ) ) ;
#3312 =( GEOMETRIC_REPRESENTATION_CONTEXT ( 3 ) GLOBAL_UNCERTAINTY_ASSIGNED_CONTEXT ( ( #745 ) ) GLOBAL_UNIT_ASSIGNED_CONTEXT ( ( #6945, #4063, #6900 ) ) REPRESENTATION_CONTEXT ( 'NONE', 'WORKASPACE' ) );
#3313 = ORIENTED_EDGE ( 'NONE', *, *, #1314, .T. ) ;
#3314 = MANIFOLD_SOLID_BREP ( 'LPattern1[4]', #5827 ) ;
#3315 = EDGE_CURVE ( 'NONE', #5265, #8967, #1407, .T. ) ;
#3316 = FACE_OUTER_BOUND ( 'NONE', #7099, .T. ) ;
#3317 =( LENGTH_UNIT ( ) NAMED_UNIT ( * ) SI_UNIT ( .MILLI., .METRE. ) );
#3318 = ORIENTED_EDGE ( 'NONE', *, *, #2762, .T. ) ;
#3319 = DIRECTION ( 'NONE',  ( 0.000000000000000000, -1.000000000000000000, 0.000000000000000000 ) ) ;
#3320 =( NAMED_UNIT ( * ) SI_UNIT ( $, .STERADIAN. ) SOLID_ANGLE_UNIT ( ) );
#3321 = ORIENTED_EDGE ( 'NONE', *, *, #2951, .F. ) ;
#3322 = FILL_AREA_STYLE ('',( #6086 ) ) ;
#3323 = DIRECTION ( 'NONE',  ( 0.000000000000000000, 0.000000000000000000, -1.000000000000000000 ) ) ;
#3324 = PRESENTATION_STYLE_ASSIGNMENT (( #9085 ) ) ;
#3325 = VERTEX_POINT ( 'NONE', #639 ) ;
#3326 = CARTESIAN_POINT ( 'NONE',  ( 1.430000000000000160, 0.08000000000000000167, 1.099999999999989875 ) ) ;
#3327 = FACE_OUTER_BOUND ( 'NONE', #8149, .T. ) ;
#3328 = MANIFOLD_SOLID_BREP ( 'LPattern2[1]', #8974 ) ;
#3329 = VERTEX_POINT ( 'NONE', #1505 ) ;
#3330 = DIRECTION ( 'NONE',  ( 0.000000000000000000, 0.000000000000000000, 1.000000000000000000 ) ) ;
#3331 = ORIENTED_EDGE ( 'NONE', *, *, #2434, .T. ) ;
#3332 = ORIENTED_EDGE ( 'NONE', *, *, #6003, .F. ) ;
#3333 = DIRECTION ( 'NONE',  ( -0.000000000000000000, 1.000000000000000000, -0.000000000000000000 ) ) ;
#3334 = LINE ( 'NONE', #5400, #2019 ) ;
#3335 = ORIENTED_EDGE ( 'NONE', *, *, #7720, .T. ) ;
#3336 = DIRECTION ( 'NONE',  ( 0.000000000000000000, -1.000000000000000000, 0.000000000000000000 ) ) ;
#3337 = CARTESIAN_POINT ( 'NONE',  ( 0.9000000000000051292, 0.08000000000000000167, -1.430000000000000382 ) ) ;
#3338 = ORIENTED_EDGE ( 'NONE', *, *, #7614, .F. ) ;
#3339 = CARTESIAN_POINT ( 'NONE',  ( 1.430000000000000160, -0.3605551275463988459, 0.4999999999999898415 ) ) ;
#3340 = UNCERTAINTY_MEASURE_WITH_UNIT (LENGTH_MEASURE( 1.000000000000000082E-05 ), #7856, 'distance_accuracy_value', 'NONE');
#3341 = DIRECTION ( 'NONE',  ( -1.000000000000000000, 0.000000000000000000, 0.000000000000000000 ) ) ;
#3342 = VERTEX_POINT ( 'NONE', #8013 ) ;
#3343 = PLANE ( 'NONE',  #3821 ) ;
#3344 = ORIENTED_EDGE ( 'NONE', *, *, #5174, .T. ) ;
#3345 = LINE ( 'NONE', #9165, #8260 ) ;
#3346 = ADVANCED_FACE ( 'NONE', ( #146 ), #6509, .F. ) ;
#3347 = DIRECTION ( 'NONE',  ( 0.000000000000000000, -1.000000000000000000, -0.000000000000000000 ) ) ;
#3348 = LINE ( 'NONE', #5454, #7887 ) ;
#3349 = LINE ( 'NONE', #7013, #5682 ) ;
#3350 = EDGE_CURVE ( 'NONE', #316, #2791, #7087, .T. ) ;
#3351 =( LENGTH_UNIT ( ) NAMED_UNIT ( * ) SI_UNIT ( .MILLI., .METRE. ) );
#3352 = DIRECTION ( 'NONE',  ( 5.860552283705431852E-16, 0.000000000000000000, -1.000000000000000000 ) ) ;
#3353 = PRESENTATION_STYLE_ASSIGNMENT (( #1261 ) ) ;
#3354 = DIRECTION ( 'NONE',  ( -0.000000000000000000, -1.000000000000000000, -0.000000000000000000 ) ) ;
#3355 = ORIENTED_EDGE ( 'NONE', *, *, #1307, .F. ) ;
#3356 = VERTEX_POINT ( 'NONE', #7824 ) ;
#3357 = ADVANCED_FACE ( 'NONE', ( #5793 ), #762, .F. ) ;
#3358 = ORIENTED_EDGE ( 'NONE', *, *, #6048, .F. ) ;
#3359 = MANIFOLD_SOLID_BREP ( 'Mirror2[3]', #1062 ) ;
#3360 = CARTESIAN_POINT ( 'NONE',  ( 1.100000000000004974, 0.08000000000000000167, 1.430000000000000382 ) ) ;
#3361 = PRESENTATION_LAYER_ASSIGNMENT (  '', '', ( #382 ) ) ;
#3362 = PRESENTATION_LAYER_ASSIGNMENT (  '', '', ( #1274 ) ) ;
#3363 = LINE ( 'NONE', #4667, #4872 ) ;
#3364 = EDGE_CURVE ( 'NONE', #2563, #618, #1737, .T. ) ;
#3365 = PRESENTATION_STYLE_ASSIGNMENT (( #1960 ) ) ;
#3366 = ORIENTED_EDGE ( 'NONE', *, *, #8680, .T. ) ;
#3367 = AXIS2_PLACEMENT_3D ( 'NONE', #7432, #1067, #1758 ) ;
#3368 = EDGE_CURVE ( 'NONE', #6171, #5736, #7459, .T. ) ;
#3369 = EDGE_CURVE ( 'NONE', #6252, #2049, #4580, .T. ) ;
#3370 = CARTESIAN_POINT ( 'NONE',  ( -1.430000000000000160, 0.08000000000000000167, 0.6999999999999899636 ) ) ;
#3371 = EDGE_CURVE ( 'NONE', #1902, #1280, #1042, .T. ) ;
#3372 = CARTESIAN_POINT ( 'NONE',  ( -1.000000000000004441, -1.084202172485504434E-16, 1.130000000000000338 ) ) ;
#3373 = SURFACE_SIDE_STYLE ('',( #6844 ) ) ;
#3374 = ORIENTED_EDGE ( 'NONE', *, *, #164, .T. ) ;
#3375 = CARTESIAN_POINT ( 'NONE',  ( -1.099999999999994760, 0.5005948168962619516, -1.130000000000014326 ) ) ;
#3376 = SURFACE_STYLE_USAGE ( .BOTH. , #4066 ) ;
#3377 = MANIFOLD_SOLID_BREP ( 'Boss-Extrude3[4]', #467 ) ;
#3378 = ORIENTED_EDGE ( 'NONE', *, *, #2194, .T. ) ;
#3379 = VERTEX_POINT ( 'NONE', #1646 ) ;
#3380 = VECTOR ( 'NONE', #3605, 1000.000000000000000 ) ;
#3381 = DIRECTION ( 'NONE',  ( -1.000000000000000000, 0.000000000000000000, 0.000000000000000000 ) ) ;
#3382 = ORIENTED_EDGE ( 'NONE', *, *, #7821, .T. ) ;
#3383 = ORIENTED_EDGE ( 'NONE', *, *, #1993, .F. ) ;
#3384 = PLANE ( 'NONE',  #8356 ) ;
#3385 = VECTOR ( 'NONE', #3873, 1000.000000000000000 ) ;
#3386 = VECTOR ( 'NONE', #6854, 1000.000000000000000 ) ;
#3387 = ORIENTED_EDGE ( 'NONE', *, *, #8259, .F. ) ;
#3388 = PLANE ( 'NONE',  #644 ) ;
#3389 = COLOUR_RGB ( '',0.7921568627450980005, 0.8196078431372548767, 0.9333333333333333481 ) ;
#3390 = LINE ( 'NONE', #8359, #769 ) ;
#3391 = ORIENTED_EDGE ( 'NONE', *, *, #8413, .T. ) ;
#3392 = DIRECTION ( 'NONE',  ( 0.000000000000000000, 0.000000000000000000, 1.000000000000000000 ) ) ;
#3393 = FACE_OUTER_BOUND ( 'NONE', #6154, .T. ) ;
#3394 = SURFACE_STYLE_FILL_AREA ( #454 ) ;
#3395 = MANIFOLD_SOLID_BREP ( 'Mirror2[8]', #5818 ) ;
#3396 = EDGE_LOOP ( 'NONE', ( #4031, #3669, #5847, #239 ) ) ;
#3397 = CARTESIAN_POINT ( 'NONE',  ( 0.9000000000000051292, 0.000000000000000000, -1.130000000000000338 ) ) ;
#3398 = DIRECTION ( 'NONE',  ( 0.7071067811865536790, 0.000000000000000000, 0.7071067811865414665 ) ) ;
#3399 = CARTESIAN_POINT ( 'NONE',  ( 0.000000000000000000, 0.000000000000000000, 0.000000000000000000 ) ) ;
#3400 = LINE ( 'NONE', #6245, #3089 ) ;
#3401 = CARTESIAN_POINT ( 'NONE',  ( 0.5000000000000052180, 0.08000000000000000167, -1.130000000000003668 ) ) ;
#3402 = CARTESIAN_POINT ( 'NONE',  ( 1.130000000000010330, 0.000000000000000000, -0.9999999999999900080 ) ) ;
#3403 = CARTESIAN_POINT ( 'NONE',  ( 0.06500000000001285305, 0.08000000000000000167, 0.06500000000001369960 ) ) ;
#3404 = ORIENTED_EDGE ( 'NONE', *, *, #8048, .T. ) ;
#3405 = ORIENTED_EDGE ( 'NONE', *, *, #8915, .T. ) ;
#3406 =( GEOMETRIC_REPRESENTATION_CONTEXT ( 3 ) GLOBAL_UNCERTAINTY_ASSIGNED_CONTEXT ( ( #7843 ) ) GLOBAL_UNIT_ASSIGNED_CONTEXT ( ( #2776, #4939, #1438 ) ) REPRESENTATION_CONTEXT ( 'NONE', 'WORKASPACE' ) );
#3407 = ORIENTED_EDGE ( 'NONE', *, *, #926, .F. ) ;
#3408 = ORIENTED_EDGE ( 'NONE', *, *, #2725, .F. ) ;
#3409 = MANIFOLD_SOLID_BREP ( 'LPattern2[3]', #2979 ) ;
#3410 = VECTOR ( 'NONE', #3680, 1000.000000000000000 ) ;
#3411 = DIRECTION ( 'NONE',  ( 0.000000000000000000, 0.000000000000000000, -1.000000000000000000 ) ) ;
#3412 = LINE ( 'NONE', #7632, #9262 ) ;
#3413 = EDGE_CURVE ( 'NONE', #2222, #140, #8335, .T. ) ;
#3414 =( NAMED_UNIT ( * ) PLANE_ANGLE_UNIT ( ) SI_UNIT ( $, .RADIAN. ) );
#3415 = VECTOR ( 'NONE', #2999, 1000.000000000000000 ) ;
#3416 = DIRECTION ( 'NONE',  ( 1.000000000000000000, 0.000000000000000000, 0.000000000000000000 ) ) ;
#3417 = DIRECTION ( 'NONE',  ( -1.000000000000000000, 0.000000000000000000, 0.000000000000000000 ) ) ;
#3418 = CARTESIAN_POINT ( 'NONE',  ( -0.06500000000001263101, 0.08000000000000000167, 0.06500000000001178446 ) ) ;
#3419 = EDGE_CURVE ( 'NONE', #8297, #2715, #897, .T. ) ;
#3420 = DIRECTION ( 'NONE',  ( -0.000000000000000000, -1.000000000000000000, -0.000000000000000000 ) ) ;
#3421 = CARTESIAN_POINT ( 'NONE',  ( -1.000000000000004441, 0.08000000000000000167, 1.130000000000000338 ) ) ;
#3422 =( NAMED_UNIT ( * ) SI_UNIT ( $, .STERADIAN. ) SOLID_ANGLE_UNIT ( ) );
#3423 = MANIFOLD_SOLID_BREP ( 'Mirror1[1]', #1800 ) ;
#3424 = ORIENTED_EDGE ( 'NONE', *, *, #6514, .F. ) ;
#3425 = EDGE_CURVE ( 'NONE', #39, #699, #1230, .T. ) ;
#3426 = ADVANCED_FACE ( 'NONE', ( #1270 ), #4812, .T. ) ;
#3427 = EDGE_CURVE ( 'NONE', #4829, #8258, #4669, .T. ) ;
#3428 = ORIENTED_EDGE ( 'NONE', *, *, #627, .F. ) ;
#3429 = ORIENTED_EDGE ( 'NONE', *, *, #8519, .F. ) ;
#3430 = CARTESIAN_POINT ( 'NONE',  ( 1.130000000000005000, 0.5005948168962619516, 0.5000000000000099920 ) ) ;
#3431 = EDGE_CURVE ( 'NONE', #1326, #7085, #1129, .T. ) ;
#3432 = AXIS2_PLACEMENT_3D ( 'NONE', #5272, #4568, #7445 ) ;
#3433 = AXIS2_PLACEMENT_3D ( 'NONE', #5866, #6485, #1526 ) ;
#3434 = PLANE ( 'NONE',  #6069 ) ;
#3435 = VERTEX_POINT ( 'NONE', #8292 ) ;
#3436 = FACE_OUTER_BOUND ( 'NONE', #8315, .T. ) ;
#3437 = EDGE_CURVE ( 'NONE', #991, #6421, #4714, .T. ) ;
#3438 = CARTESIAN_POINT ( 'NONE',  ( 1.130000000000010330, 0.08000000000000000167, -0.8999999999999896971 ) ) ;
#3439 =( GEOMETRIC_REPRESENTATION_CONTEXT ( 3 ) GLOBAL_UNCERTAINTY_ASSIGNED_CONTEXT ( ( #78 ) ) GLOBAL_UNIT_ASSIGNED_CONTEXT ( ( #7166, #5779, #9274 ) ) REPRESENTATION_CONTEXT ( 'NONE', 'WORKASPACE' ) );
#3440 = PLANE ( 'NONE',  #65 ) ;
#3441 = FACE_OUTER_BOUND ( 'NONE', #6758, .T. ) ;
#3442 = SURFACE_SIDE_STYLE ('',( #2678 ) ) ;
#3443 = EDGE_LOOP ( 'NONE', ( #8015, #5794, #1197, #5837 ) ) ;
#3444 = PLANE ( 'NONE',  #3212 ) ;
#3445 = DIRECTION ( 'NONE',  ( -0.7071067811865536790, 0.000000000000000000, 0.7071067811865414665 ) ) ;
#3446 = DIRECTION ( 'NONE',  ( -0.000000000000000000, -1.000000000000000000, -0.000000000000000000 ) ) ;
#3447 = DIRECTION ( 'NONE',  ( 0.000000000000000000, 0.000000000000000000, 1.000000000000000000 ) ) ;
#3448 = VECTOR ( 'NONE', #8286, 1000.000000000000000 ) ;
#3449 = EDGE_CURVE ( 'NONE', #3827, #7192, #708, .T. ) ;
#3450 = VECTOR ( 'NONE', #3626, 1000.000000000000000 ) ;
#3451 = FACE_OUTER_BOUND ( 'NONE', #4649, .T. ) ;
#3452 = FILL_AREA_STYLE ('',( #782 ) ) ;
#3453 = MECHANICAL_DESIGN_GEOMETRIC_PRESENTATION_REPRESENTATION (  '', ( #8676 ), #166 ) ;
#3454 = PRESENTATION_STYLE_ASSIGNMENT (( #7809 ) ) ;
#3455 = ORIENTED_EDGE ( 'NONE', *, *, #795, .F. ) ;
#3456 = AXIS2_PLACEMENT_3D ( 'NONE', #9071, #9119, #2545 ) ;
#3457 = MANIFOLD_SOLID_BREP ( 'Mirror1[3]', #1356 ) ;
#3458 = VECTOR ( 'NONE', #8177, 1000.000000000000000 ) ;
#3459 = CARTESIAN_POINT ( 'NONE',  ( -0.9750000000000000888, 0.000000000000000000, -0.5750000000000119460 ) ) ;
#3460 =( NAMED_UNIT ( * ) PLANE_ANGLE_UNIT ( ) SI_UNIT ( $, .RADIAN. ) );
#3461 = FILL_AREA_STYLE ('',( #4763 ) ) ;
#3462 = CARTESIAN_POINT ( 'NONE',  ( 1.130000000000007443, 0.07999999999999998779, -0.09999999999998984701 ) ) ;
#3463 = DIRECTION ( 'NONE',  ( -1.000000000000000000, 0.000000000000000000, 0.000000000000000000 ) ) ;
#3464 = DIRECTION ( 'NONE',  ( -0.000000000000000000, 1.000000000000000000, -0.000000000000000000 ) ) ;
#3465 = FACE_OUTER_BOUND ( 'NONE', #6791, .T. ) ;
#3466 = EDGE_CURVE ( 'NONE', #1571, #2321, #2919, .T. ) ;
#3467 = CARTESIAN_POINT ( 'NONE',  ( -1.500000000000006661, 0.5005948168962619516, 0.9000000000000101252 ) ) ;
#3468 = MANIFOLD_SOLID_BREP ( 'Boss-Extrude3[3]', #7323 ) ;
#3469 = ORIENTED_EDGE ( 'NONE', *, *, #8413, .F. ) ;
#3470 = FILL_AREA_STYLE_COLOUR ( '', #4847 ) ;
#3471 = EDGE_CURVE ( 'NONE', #1101, #8999, #3498, .T. ) ;
#3472 = ORIENTED_EDGE ( 'NONE', *, *, #8670, .F. ) ;
#3473 = APPLICATION_CONTEXT ( 'automotive_design' ) ;
#3474 = CARTESIAN_POINT ( 'NONE',  ( 0.3000000000000052625, 0.08000000000000000167, -1.430000000000000382 ) ) ;
#3475 = CARTESIAN_POINT ( 'NONE',  ( 0.7000000000000052847, 0.08000000000000000167, -1.130000000000003668 ) ) ;
#3476 = EDGE_CURVE ( 'NONE', #4783, #298, #132, .T. ) ;
#3477 = EDGE_LOOP ( 'NONE', ( #6656, #4765, #92, #6889 ) ) ;
#3478 = DIRECTION ( 'NONE',  ( -1.000000000000000000, 0.000000000000000000, 0.000000000000000000 ) ) ;
#3479 = DIRECTION ( 'NONE',  ( -1.000000000000000000, 0.000000000000000000, -0.000000000000000000 ) ) ;
#3480 = ADVANCED_FACE ( 'NONE', ( #2975 ), #6495, .F. ) ;
#3481 = ORIENTED_EDGE ( 'NONE', *, *, #1199, .F. ) ;
#3482 = DIRECTION ( 'NONE',  ( 0.7071067811865430208, -0.000000000000000000, 0.7071067811865520136 ) ) ;
#3483 = DIRECTION ( 'NONE',  ( 1.000000000000000000, -0.000000000000000000, -0.000000000000000000 ) ) ;
#3484 = CARTESIAN_POINT ( 'NONE',  ( 0.7000000000000050626, 0.07999999999999998779, 1.130000000000018767 ) ) ;
#3485 = MANIFOLD_SOLID_BREP ( 'Boss-Extrude4', #8246 ) ;
#3486 = ORIENTED_EDGE ( 'NONE', *, *, #794, .T. ) ;
#3487 = EDGE_CURVE ( 'NONE', #1944, #8058, #5078, .T. ) ;
#3488 = CARTESIAN_POINT ( 'NONE',  ( -1.130000000000008997, -1.084202172485504434E-16, 0.6999999999999899636 ) ) ;
#3489 = CARTESIAN_POINT ( 'NONE',  ( -1.099999999999994982, 0.07999999999999998779, 1.230000000000006644 ) ) ;
#3490 = LINE ( 'NONE', #3614, #1361 ) ;
#3491 = DIRECTION ( 'NONE',  ( -1.000000000000000000, 0.000000000000000000, 0.000000000000000000 ) ) ;
#3492 =( NAMED_UNIT ( * ) PLANE_ANGLE_UNIT ( ) SI_UNIT ( $, .RADIAN. ) );
#3493 = VERTEX_POINT ( 'NONE', #4418 ) ;
#3494 = ORIENTED_EDGE ( 'NONE', *, *, #5811, .F. ) ;
#3495 = EDGE_LOOP ( 'NONE', ( #6512, #6083, #6354, #2947 ) ) ;
#3496 = EDGE_CURVE ( 'NONE', #3356, #8871, #278, .T. ) ;
#3497 = PRESENTATION_STYLE_ASSIGNMENT (( #6344 ) ) ;
#3498 = LINE ( 'NONE', #3544, #8661 ) ;
#3499 = LINE ( 'NONE', #6347, #6240 ) ;
#3500 = EDGE_LOOP ( 'NONE', ( #1931, #2772, #5697, #590 ) ) ;
#3501 = DIRECTION ( 'NONE',  ( -0.000000000000000000, 1.000000000000000000, -0.000000000000000000 ) ) ;
#3502 = CARTESIAN_POINT ( 'NONE',  ( 1.130000000000010330, 0.08000000000000000167, -0.9999999999999900080 ) ) ;
#3503 =( NAMED_UNIT ( * ) SI_UNIT ( $, .STERADIAN. ) SOLID_ANGLE_UNIT ( ) );
#3504 = EDGE_LOOP ( 'NONE', ( #8638, #7302, #8566, #2848 ) ) ;
#3505 = CARTESIAN_POINT ( 'NONE',  ( 1.430000000000000160, -1.084202172485504434E-16, -0.6999999999999899636 ) ) ;
#3506 = MANIFOLD_SOLID_BREP ( 'Mirror1[2]', #163 ) ;
#3507 = VERTEX_POINT ( 'NONE', #3166 ) ;
#3508 = ORIENTED_EDGE ( 'NONE', *, *, #8001, .F. ) ;
#3509 = FILL_AREA_STYLE_COLOUR ( '', #3945 ) ;
#3510 = STYLED_ITEM ( 'NONE', ( #4751 ), #1662 ) ;
#3511 = ORIENTED_EDGE ( 'NONE', *, *, #8926, .F. ) ;
#3512 = VECTOR ( 'NONE', #4012, 1000.000000000000000 ) ;
#3513 = CARTESIAN_POINT ( 'NONE',  ( -0.7000000000000052847, 0.000000000000000000, 1.130000000000003668 ) ) ;
#3514 = CARTESIAN_POINT ( 'NONE',  ( -1.499999999999999778, 0.000000000000000000, 1.499999999999999778 ) ) ;
#3515 = VERTEX_POINT ( 'NONE', #1681 ) ;
#3516 = PRESENTATION_LAYER_ASSIGNMENT (  '', '', ( #2155 ) ) ;
#3517 = FACE_OUTER_BOUND ( 'NONE', #3942, .T. ) ;
#3518 = LINE ( 'NONE', #6190, #695 ) ;
#3519 = DIRECTION ( 'NONE',  ( -0.000000000000000000, 0.000000000000000000, -1.000000000000000000 ) ) ;
#3520 = EDGE_CURVE ( 'NONE', #7836, #7645, #8045, .T. ) ;
#3521 = STYLED_ITEM ( 'NONE', ( #9254 ), #4715 ) ;
#3522 = EDGE_CURVE ( 'NONE', #7684, #7263, #3020, .T. ) ;
#3523 = VECTOR ( 'NONE', #6391, 1000.000000000000000 ) ;
#3524 = PLANE ( 'NONE',  #3968 ) ;
#3525 = VECTOR ( 'NONE', #1643, 1000.000000000000000 ) ;
#3526 = CARTESIAN_POINT ( 'NONE',  ( -0.9750000000000000888, 0.1000000000000000056, -0.8250000000000119460 ) ) ;
#3527 = CARTESIAN_POINT ( 'NONE',  ( 0.9000000000000051292, 0.5005948168962619516, -1.130000000000000338 ) ) ;
#3528 = CARTESIAN_POINT ( 'NONE',  ( 0.5000000000000048850, 0.5005948168962619516, 1.130000000000018767 ) ) ;
#3529 = FACE_OUTER_BOUND ( 'NONE', #1883, .T. ) ;
#3530 = EDGE_CURVE ( 'NONE', #9126, #3783, #6026, .T. ) ;
#3531 = EDGE_CURVE ( 'NONE', #6253, #5725, #5974, .T. ) ;
#3532 = ADVANCED_FACE ( 'NONE', ( #2408 ), #6789, .T. ) ;
#3533 = FACE_OUTER_BOUND ( 'NONE', #8072, .T. ) ;
#3534 = ADVANCED_FACE ( 'NONE', ( #5222 ), #8099, .F. ) ;
#3535 = CARTESIAN_POINT ( 'NONE',  ( -1.230000000000011973, -0.3605551275463988459, -1.099999999999989875 ) ) ;
#3536 = ORIENTED_EDGE ( 'NONE', *, *, #8558, .F. ) ;
#3537 = EDGE_LOOP ( 'NONE', ( #6477, #7466, #1131, #7218 ) ) ;
#3538 =( NAMED_UNIT ( * ) PLANE_ANGLE_UNIT ( ) SI_UNIT ( $, .RADIAN. ) );
#3539 = CARTESIAN_POINT ( 'NONE',  ( -1.130000000000008997, -1.084202172485504434E-16, -0.2999999999999898859 ) ) ;
#3540 = PLANE ( 'NONE',  #8674 ) ;
#3541 = UNCERTAINTY_MEASURE_WITH_UNIT (LENGTH_MEASURE( 1.000000000000000082E-05 ), #6987, 'distance_accuracy_value', 'NONE');
#3542 =( GEOMETRIC_REPRESENTATION_CONTEXT ( 3 ) GLOBAL_UNCERTAINTY_ASSIGNED_CONTEXT ( ( #3677 ) ) GLOBAL_UNIT_ASSIGNED_CONTEXT ( ( #1471, #5673, #7803 ) ) REPRESENTATION_CONTEXT ( 'NONE', 'WORKASPACE' ) );
#3543 = SURFACE_STYLE_USAGE ( .BOTH. , #9131 ) ;
#3544 = CARTESIAN_POINT ( 'NONE',  ( -1.130000000000001226, 0.000000000000000000, -0.6999999999999899636 ) ) ;
#3545 = AXIS2_PLACEMENT_3D ( 'NONE', #2460, #1733, #5133 ) ;
#3546 = ORIENTED_EDGE ( 'NONE', *, *, #271, .T. ) ;
#3547 = CARTESIAN_POINT ( 'NONE',  ( 0.3000000000000052625, 0.08000000000000000167, 1.130000000000003668 ) ) ;
#3548 = CARTESIAN_POINT ( 'NONE',  ( -1.130000000000004112, 0.07999999999999998779, 0.1000000000000100253 ) ) ;
#3549 = CARTESIAN_POINT ( 'NONE',  ( 0.000000000000000000, 0.08000000000000000167, 0.000000000000000000 ) ) ;
#3550 =( GEOMETRIC_REPRESENTATION_CONTEXT ( 3 ) GLOBAL_UNCERTAINTY_ASSIGNED_CONTEXT ( ( #3615 ) ) GLOBAL_UNIT_ASSIGNED_CONTEXT ( ( #3317, #6491, #6341 ) ) REPRESENTATION_CONTEXT ( 'NONE', 'WORKASPACE' ) );
#3551 = CARTESIAN_POINT ( 'NONE',  ( 1.500000000000000222, 0.000000000000000000, 1.499999999999999778 ) ) ;
#3552 = VECTOR ( 'NONE', #5930, 1000.000000000000000 ) ;
#3553 = VERTEX_POINT ( 'NONE', #8878 ) ;
#3554 = AXIS2_PLACEMENT_3D ( 'NONE', #7061, #5490, #6325 ) ;
#3555 = LINE ( 'NONE', #5224, #7175 ) ;
#3556 = VECTOR ( 'NONE', #3751, 1000.000000000000000 ) ;
#3557 = LINE ( 'NONE', #6414, #6984 ) ;
#3558 = EDGE_LOOP ( 'NONE', ( #2362, #6404, #5723, #5665 ) ) ;
#3559 =( GEOMETRIC_REPRESENTATION_CONTEXT ( 3 ) GLOBAL_UNCERTAINTY_ASSIGNED_CONTEXT ( ( #4967 ) ) GLOBAL_UNIT_ASSIGNED_CONTEXT ( ( #4358, #822, #62 ) ) REPRESENTATION_CONTEXT ( 'NONE', 'WORKASPACE' ) );
#3560 = DIRECTION ( 'NONE',  ( -1.000000000000000000, 0.000000000000000000, -8.673617379884027583E-16 ) ) ;
#3561 = ORIENTED_EDGE ( 'NONE', *, *, #8628, .F. ) ;
#3562 = PRESENTATION_LAYER_ASSIGNMENT (  '', '', ( #8218 ) ) ;
#3563 = DIRECTION ( 'NONE',  ( 0.000000000000000000, 0.000000000000000000, -1.000000000000000000 ) ) ;
#3564 = UNCERTAINTY_MEASURE_WITH_UNIT (LENGTH_MEASURE( 1.000000000000000082E-05 ), #8173, 'distance_accuracy_value', 'NONE');
#3565 = VECTOR ( 'NONE', #1222, 1000.000000000000000 ) ;
#3566 = DIRECTION ( 'NONE',  ( 0.000000000000000000, 0.000000000000000000, 1.000000000000000000 ) ) ;
#3567 = EDGE_LOOP ( 'NONE', ( #4053, #4525, #6268, #2532 ) ) ;
#3568 = DIRECTION ( 'NONE',  ( 1.000000000000000000, 0.000000000000000000, 0.000000000000000000 ) ) ;
#3569 = FACE_OUTER_BOUND ( 'NONE', #3698, .T. ) ;
#3570 = VECTOR ( 'NONE', #8122, 1000.000000000000000 ) ;
#3571 = LINE ( 'NONE', #3034, #3087 ) ;
#3572 =( LENGTH_UNIT ( ) NAMED_UNIT ( * ) SI_UNIT ( .MILLI., .METRE. ) );
#3573 = ADVANCED_FACE ( 'NONE', ( #2454 ), #8735, .F. ) ;
#3574 = LINE ( 'NONE', #4185, #9056 ) ;
#3575 = CARTESIAN_POINT ( 'NONE',  ( 0.7000000000000052847, 0.07999999999999998779, -1.130000000000003668 ) ) ;
#3576 = EDGE_CURVE ( 'NONE', #801, #764, #7353, .T. ) ;
#3577 = VERTEX_POINT ( 'NONE', #8243 ) ;
#3578 = DIRECTION ( 'NONE',  ( 0.000000000000000000, 0.000000000000000000, 1.000000000000000000 ) ) ;
#3579 = ORIENTED_EDGE ( 'NONE', *, *, #3413, .F. ) ;
#3580 = EDGE_CURVE ( 'NONE', #475, #1128, #2550, .T. ) ;
#3581 = VECTOR ( 'NONE', #5518, 1000.000000000000000 ) ;
#3582 = DIRECTION ( 'NONE',  ( 0.000000000000000000, 1.000000000000000000, 0.000000000000000000 ) ) ;
#3583 = AXIS2_PLACEMENT_3D ( 'NONE', #6065, #2540, #8920 ) ;
#3584 = DIRECTION ( 'NONE',  ( 0.000000000000000000, 0.000000000000000000, -1.000000000000000000 ) ) ;
#3585 = ADVANCED_FACE ( 'NONE', ( #5459 ), #568, .F. ) ;
#3586 = FACE_OUTER_BOUND ( 'NONE', #1593, .T. ) ;
#3587 =( NAMED_UNIT ( * ) SI_UNIT ( $, .STERADIAN. ) SOLID_ANGLE_UNIT ( ) );
#3588 = ORIENTED_EDGE ( 'NONE', *, *, #2489, .T. ) ;
#3589 = EDGE_LOOP ( 'NONE', ( #8172, #8948, #547, #5231 ) ) ;
#3590 = VECTOR ( 'NONE', #2637, 1000.000000000000000 ) ;
#3591 = PRESENTATION_LAYER_ASSIGNMENT (  '', '', ( #772 ) ) ;
#3592 = DIRECTION ( 'NONE',  ( -1.000000000000000000, 0.000000000000000000, 0.000000000000000000 ) ) ;
#3593 =( NAMED_UNIT ( * ) SI_UNIT ( $, .STERADIAN. ) SOLID_ANGLE_UNIT ( ) );
#3594 = LINE ( 'NONE', #5649, #5180 ) ;
#3595 = VERTEX_POINT ( 'NONE', #5502 ) ;
#3596 = VECTOR ( 'NONE', #6188, 1000.000000000000000 ) ;
#3597 = DIRECTION ( 'NONE',  ( 1.000000000000000000, 0.000000000000000000, 0.000000000000000000 ) ) ;
#3598 = COLOUR_RGB ( '',1.000000000000000000, 0.8117647058823529438, 0.5019607843137254832 ) ;
#3599 = DIRECTION ( 'NONE',  ( 1.000000000000000000, -0.000000000000000000, 8.673617379884028570E-16 ) ) ;
#3600 = ORIENTED_EDGE ( 'NONE', *, *, #4381, .T. ) ;
#3601 =( GEOMETRIC_REPRESENTATION_CONTEXT ( 3 ) GLOBAL_UNCERTAINTY_ASSIGNED_CONTEXT ( ( #7854 ) ) GLOBAL_UNIT_ASSIGNED_CONTEXT ( ( #7275, #3692, #2137 ) ) REPRESENTATION_CONTEXT ( 'NONE', 'WORKASPACE' ) );
#3602 = VERTEX_POINT ( 'NONE', #5417 ) ;
#3603 = ORIENTED_EDGE ( 'NONE', *, *, #23, .F. ) ;
#3604 = FACE_OUTER_BOUND ( 'NONE', #97, .T. ) ;
#3605 = DIRECTION ( 'NONE',  ( -1.000000000000000000, 0.000000000000000000, 0.000000000000000000 ) ) ;
#3606 = STYLED_ITEM ( 'NONE', ( #1502 ), #6455 ) ;
#3607 = ORIENTED_EDGE ( 'NONE', *, *, #855, .F. ) ;
#3608 = FACE_OUTER_BOUND ( 'NONE', #1857, .T. ) ;
#3609 = CARTESIAN_POINT ( 'NONE',  ( 0.3000000000000052625, -0.3605551275463988459, -1.430000000000000382 ) ) ;
#3610 = CARTESIAN_POINT ( 'NONE',  ( -0.9750000000000000888, 0.1000000000000000056, -0.8250000000000119460 ) ) ;
#3611 = DIRECTION ( 'NONE',  ( 0.000000000000000000, 0.000000000000000000, -1.000000000000000000 ) ) ;
#3612 = DIRECTION ( 'NONE',  ( -1.000000000000000000, 0.000000000000000000, 0.000000000000000000 ) ) ;
#3613 = LINE ( 'NONE', #3656, #6145 ) ;
#3614 = CARTESIAN_POINT ( 'NONE',  ( -1.430000000000000160, 0.000000000000000000, -0.8999999999999896971 ) ) ;
#3615 = UNCERTAINTY_MEASURE_WITH_UNIT (LENGTH_MEASURE( 1.000000000000000082E-05 ), #3317, 'distance_accuracy_value', 'NONE');
#3616 = CARTESIAN_POINT ( 'NONE',  ( 1.500000000000005995, 0.000000000000000000, 0.1000000000000100253 ) ) ;
#3617 = CARTESIAN_POINT ( 'NONE',  ( -0.9000000000000051292, 0.000000000000000000, -1.430000000000000382 ) ) ;
#3618 = DIRECTION ( 'NONE',  ( -1.000000000000000000, 0.000000000000000000, 0.000000000000000000 ) ) ;
#3619 = SURFACE_SIDE_STYLE ('',( #1482 ) ) ;
#3620 =( NAMED_UNIT ( * ) SI_UNIT ( $, .STERADIAN. ) SOLID_ANGLE_UNIT ( ) );
#3621 = VERTEX_POINT ( 'NONE', #517 ) ;
#3622 = ORIENTED_EDGE ( 'NONE', *, *, #4271, .F. ) ;
#3623 = ADVANCED_FACE ( 'NONE', ( #9074 ), #7625, .F. ) ;
#3624 = ADVANCED_FACE ( 'NONE', ( #1862 ), #2640, .T. ) ;
#3625 = CARTESIAN_POINT ( 'NONE',  ( -1.130000000000008997, 0.08000000000000000167, 0.4999999999999898415 ) ) ;
#3626 = DIRECTION ( 'NONE',  ( -0.000000000000000000, -1.000000000000000000, -0.000000000000000000 ) ) ;
#3627 = LINE ( 'NONE', #5833, #3749 ) ;
#3628 = CARTESIAN_POINT ( 'NONE',  ( 0.7000000000000052847, 0.000000000000000000, 1.430000000000000382 ) ) ;
#3629 = LINE ( 'NONE', #2213, #3898 ) ;
#3630 = ORIENTED_EDGE ( 'NONE', *, *, #5109, .T. ) ;
#3631 = UNCERTAINTY_MEASURE_WITH_UNIT (LENGTH_MEASURE( 1.000000000000000082E-05 ), #4645, 'distance_accuracy_value', 'NONE');
#3632 = EDGE_CURVE ( 'NONE', #7527, #3135, #1953, .T. ) ;
#3633 = DIRECTION ( 'NONE',  ( 0.000000000000000000, 0.000000000000000000, -1.000000000000000000 ) ) ;
#3634 = PLANE ( 'NONE',  #1769 ) ;
#3635 = FACE_OUTER_BOUND ( 'NONE', #6450, .T. ) ;
#3636 = VERTEX_POINT ( 'NONE', #6206 ) ;
#3637 = CARTESIAN_POINT ( 'NONE',  ( 1.100000000000004974, 0.000000000000000000, -1.130000000000000338 ) ) ;
#3638 = ORIENTED_EDGE ( 'NONE', *, *, #3803, .T. ) ;
#3639 =( LENGTH_UNIT ( ) NAMED_UNIT ( * ) SI_UNIT ( .MILLI., .METRE. ) );
#3640 = ORIENTED_EDGE ( 'NONE', *, *, #3466, .T. ) ;
#3641 = ORIENTED_EDGE ( 'NONE', *, *, #4263, .F. ) ;
#3642 = ADVANCED_FACE ( 'NONE', ( #4805 ), #6162, .F. ) ;
#3643 = ADVANCED_FACE ( 'NONE', ( #7016 ), #6071, .F. ) ;
#3644 = EDGE_CURVE ( 'NONE', #6898, #8330, #8928, .T. ) ;
#3645 = FACE_OUTER_BOUND ( 'NONE', #85, .T. ) ;
#3646 = VERTEX_POINT ( 'NONE', #7535 ) ;
#3647 = CARTESIAN_POINT ( 'NONE',  ( -0.2999999999999948264, -0.3605551275463988459, -1.130000000000003668 ) ) ;
#3648 = CARTESIAN_POINT ( 'NONE',  ( 1.130000000000008997, 0.08000000000000000167, 0.4999999999999898415 ) ) ;
#3649 = DIRECTION ( 'NONE',  ( 0.000000000000000000, 0.000000000000000000, 1.000000000000000000 ) ) ;
#3650 = VECTOR ( 'NONE', #5168, 1000.000000000000000 ) ;
#3651 = PRESENTATION_LAYER_ASSIGNMENT (  '', '', ( #3953 ) ) ;
#3652 = LINE ( 'NONE', #8715, #4750 ) ;
#3653 = ORIENTED_EDGE ( 'NONE', *, *, #8791, .F. ) ;
#3655 = VECTOR ( 'NONE', #5150, 1000.000000000000000 ) ;
#3654 = SURFACE_STYLE_FILL_AREA ( #2899 ) ;
#3656 = CARTESIAN_POINT ( 'NONE',  ( -0.2999999999999947153, 0.000000000000000000, -1.130000000000009219 ) ) ;
#3657 =( NAMED_UNIT ( * ) PLANE_ANGLE_UNIT ( ) SI_UNIT ( $, .RADIAN. ) );
#3658 = MECHANICAL_DESIGN_GEOMETRIC_PRESENTATION_REPRESENTATION (  '', ( #9217 ), #7716 ) ;
#3659 = SURFACE_STYLE_USAGE ( .BOTH. , #111 ) ;
#3660 = CARTESIAN_POINT ( 'NONE',  ( -1.430000000000000160, 0.000000000000000000, 0.1000000000000101225 ) ) ;
#3661 = VECTOR ( 'NONE', #5152, 1000.000000000000000 ) ;
#3662 = DIRECTION ( 'NONE',  ( 1.000000000000000000, 0.000000000000000000, -0.000000000000000000 ) ) ;
#3663 = CARTESIAN_POINT ( 'NONE',  ( -1.100000000000004974, -0.3605551275463988459, 1.229999999999999760 ) ) ;
#3664 = DIRECTION ( 'NONE',  ( -0.000000000000000000, 1.000000000000000000, -0.000000000000000000 ) ) ;
#3665 = ORIENTED_EDGE ( 'NONE', *, *, #2609, .T. ) ;
#3666 = AXIS2_PLACEMENT_3D ( 'NONE', #8334, #3964, #4010 ) ;
#3667 = CARTESIAN_POINT ( 'NONE',  ( 0.1000000000000052514, 0.000000000000000000, -1.130000000000006333 ) ) ;
#3668 = ORIENTED_EDGE ( 'NONE', *, *, #2728, .T. ) ;
#3669 = ORIENTED_EDGE ( 'NONE', *, *, #2258, .T. ) ;
#3670 = DIRECTION ( 'NONE',  ( 0.000000000000000000, 0.000000000000000000, -1.000000000000000000 ) ) ;
#3671 = CARTESIAN_POINT ( 'NONE',  ( 1.500000000000000222, 0.1049999999999999545, -1.500000000000000222 ) ) ;
#3672 = DIRECTION ( 'NONE',  ( 0.000000000000000000, 0.000000000000000000, -1.000000000000000000 ) ) ;
#3673 = DIRECTION ( 'NONE',  ( 0.000000000000000000, -1.000000000000000000, 0.000000000000000000 ) ) ;
#3674 = CARTESIAN_POINT ( 'NONE',  ( 1.430000000000000160, 0.08000000000000000167, 1.099999999999989875 ) ) ;
#3675 = DIRECTION ( 'NONE',  ( 1.000000000000000000, 0.000000000000000000, 0.000000000000000000 ) ) ;
#3676 = SURFACE_STYLE_FILL_AREA ( #792 ) ;
#3677 = UNCERTAINTY_MEASURE_WITH_UNIT (LENGTH_MEASURE( 1.000000000000000082E-05 ), #1471, 'distance_accuracy_value', 'NONE');
#3678 = ORIENTED_EDGE ( 'NONE', *, *, #2767, .F. ) ;
#3679 = FACE_OUTER_BOUND ( 'NONE', #6277, .T. ) ;
#3680 = DIRECTION ( 'NONE',  ( 1.084202172485504040E-15, 0.000000000000000000, -1.000000000000000000 ) ) ;
#3681 = ORIENTED_EDGE ( 'NONE', *, *, #6456, .F. ) ;
#3682 = CARTESIAN_POINT ( 'NONE',  ( 0.5000000000000052180, -1.084202172485504434E-16, -1.430000000000000382 ) ) ;
#3683 = DIRECTION ( 'NONE',  ( -2.930276141852713954E-16, 0.000000000000000000, 1.000000000000000000 ) ) ;
#3684 = ORIENTED_EDGE ( 'NONE', *, *, #6349, .F. ) ;
#3685 = SURFACE_STYLE_FILL_AREA ( #5702 ) ;
#3686 = ORIENTED_EDGE ( 'NONE', *, *, #6038, .T. ) ;
#3687 = ORIENTED_EDGE ( 'NONE', *, *, #23, .T. ) ;
#3688 = FILL_AREA_STYLE_COLOUR ( '', #9287 ) ;
#3689 = AXIS2_PLACEMENT_3D ( 'NONE', #6305, #4276, #9222 ) ;
#3690 = LINE ( 'NONE', #5991, #2383 ) ;
#3691 = ORIENTED_EDGE ( 'NONE', *, *, #3879, .T. ) ;
#3692 =( NAMED_UNIT ( * ) PLANE_ANGLE_UNIT ( ) SI_UNIT ( $, .RADIAN. ) );
#3693 = EDGE_CURVE ( 'NONE', #7543, #4958, #3955, .T. ) ;
#3694 = EDGE_CURVE ( 'NONE', #4965, #2788, #412, .T. ) ;
#3695 = CARTESIAN_POINT ( 'NONE',  ( 1.430000000000000160, 0.08000000000000000167, -1.099999999999989875 ) ) ;
#3696 = VECTOR ( 'NONE', #3483, 1000.000000000000000 ) ;
#3697 = DIRECTION ( 'NONE',  ( 2.930276141852713954E-16, 0.000000000000000000, 1.000000000000000000 ) ) ;
#3698 = EDGE_LOOP ( 'NONE', ( #8531, #1089, #6062, #1640 ) ) ;
#3699 = LINE ( 'NONE', #6570, #5306 ) ;
#3700 = EDGE_CURVE ( 'NONE', #6421, #5274, #6334, .T. ) ;
#3701 = VECTOR ( 'NONE', #8616, 1000.000000000000000 ) ;
#3702 = PLANE ( 'NONE',  #3253 ) ;
#3703 = EDGE_CURVE ( 'NONE', #7473, #5826, #63, .T. ) ;
#3704 = MECHANICAL_DESIGN_GEOMETRIC_PRESENTATION_REPRESENTATION (  '', ( #6856 ), #4897 ) ;
#3705 = PLANE ( 'NONE',  #5614 ) ;
#3706 = CARTESIAN_POINT ( 'NONE',  ( 1.130000000000008997, -1.084202172485504434E-16, -0.2999999999999898859 ) ) ;
#3707 = PRESENTATION_LAYER_ASSIGNMENT (  '', '', ( #882 ) ) ;
#3708 = DIRECTION ( 'NONE',  ( 0.000000000000000000, 1.000000000000000000, 0.000000000000000000 ) ) ;
#3709 = DIRECTION ( 'NONE',  ( 0.7071067811865536790, 0.000000000000000000, 0.7071067811865414665 ) ) ;
#3710 = VECTOR ( 'NONE', #7447, 1000.000000000000000 ) ;
#3711 = FACE_OUTER_BOUND ( 'NONE', #7603, .T. ) ;
#3712 = FILL_AREA_STYLE ('',( #929 ) ) ;
#3713 = PLANE ( 'NONE',  #894 ) ;
#3715 = AXIS2_PLACEMENT_3D ( 'NONE', #8695, #2262, #7995 ) ;
#3714 = PLANE ( 'NONE',  #6427 ) ;
#3716 = EDGE_LOOP ( 'NONE', ( #8230, #8987, #3210, #1720 ) ) ;
#3717 = VECTOR ( 'NONE', #6534, 1000.000000000000000 ) ;
#3718 = ORIENTED_EDGE ( 'NONE', *, *, #1091, .F. ) ;
#3719 = ADVANCED_FACE ( 'NONE', ( #9210 ), #5589, .F. ) ;
#3720 = LINE ( 'NONE', #5872, #5618 ) ;
#3721 = CARTESIAN_POINT ( 'NONE',  ( 0.7000000000000052847, -0.3605551275463988459, -1.430000000000000382 ) ) ;
#3722 = SURFACE_STYLE_FILL_AREA ( #1023 ) ;
#3723 = AXIS2_PLACEMENT_3D ( 'NONE', #3399, #3347, #6926 ) ;
#3724 = DIRECTION ( 'NONE',  ( 0.000000000000000000, 1.000000000000000000, 0.000000000000000000 ) ) ;
#3725 = FILL_AREA_STYLE ('',( #73 ) ) ;
#3726 = VECTOR ( 'NONE', #3417, 1000.000000000000000 ) ;
#3727 = LINE ( 'NONE', #3019, #9279 ) ;
#3728 = ORIENTED_EDGE ( 'NONE', *, *, #3187, .T. ) ;
#3729 = PRESENTATION_LAYER_ASSIGNMENT (  '', '', ( #4028 ) ) ;
#3730 = CARTESIAN_POINT ( 'NONE',  ( 1.130000000000003446, 0.000000000000000000, 1.000000000000008660 ) ) ;
#3731 = CARTESIAN_POINT ( 'NONE',  ( 0.7000000000000052847, 0.07999999999999998779, -1.130000000000003668 ) ) ;
#3732 = PRESENTATION_STYLE_ASSIGNMENT (( #7308 ) ) ;
#3733 = VERTEX_POINT ( 'NONE', #2026 ) ;
#3734 = LINE ( 'NONE', #1038, #5045 ) ;
#3735 = LINE ( 'NONE', #290, #2160 ) ;
#3736 = ORIENTED_EDGE ( 'NONE', *, *, #5130, .F. ) ;
#3737 = VERTEX_POINT ( 'NONE', #2862 ) ;
#3738 = VECTOR ( 'NONE', #5958, 1000.000000000000000 ) ;
#3739 = FILL_AREA_STYLE ('',( #4482 ) ) ;
#3740 = VECTOR ( 'NONE', #2318, 1000.000000000000000 ) ;
#3741 = ORIENTED_EDGE ( 'NONE', *, *, #851, .T. ) ;
#3742 = ORIENTED_EDGE ( 'NONE', *, *, #8060, .F. ) ;
#3743 = CARTESIAN_POINT ( 'NONE',  ( 1.130000000000010330, -1.084202172485504434E-16, 0.8999999999999896971 ) ) ;
#3744 = LINE ( 'NONE', #1602, #1664 ) ;
#3745 = COLOUR_RGB ( '',1.000000000000000000, 0.8117647058823529438, 0.5019607843137254832 ) ;
#3746 = ORIENTED_EDGE ( 'NONE', *, *, #2537, .F. ) ;
#3747 = ADVANCED_FACE ( 'NONE', ( #3529 ), #5677, .F. ) ;
#3748 = PRESENTATION_STYLE_ASSIGNMENT (( #7412 ) ) ;
#3749 = VECTOR ( 'NONE', #6693, 1000.000000000000000 ) ;
#3750 = PRESENTATION_LAYER_ASSIGNMENT (  '', '', ( #5840 ) ) ;
#3751 = DIRECTION ( 'NONE',  ( 0.000000000000000000, 1.000000000000000000, 0.000000000000000000 ) ) ;
#3752 = EDGE_CURVE ( 'NONE', #6793, #1139, #8503, .T. ) ;
#3753 = LINE ( 'NONE', #8071, #9127 ) ;
#3754 = ORIENTED_EDGE ( 'NONE', *, *, #2478, .F. ) ;
#3755 = CARTESIAN_POINT ( 'NONE',  ( -0.09999999999999473199, -1.084202172485504434E-16, 1.430000000000000382 ) ) ;
#3756 = DIRECTION ( 'NONE',  ( -0.7071067811865536790, 0.000000000000000000, 0.7071067811865414665 ) ) ;
#3757 = VECTOR ( 'NONE', #536, 1000.000000000000000 ) ;
#3758 = EDGE_CURVE ( 'NONE', #3135, #673, #1524, .T. ) ;
#3759 = LINE ( 'NONE', #7475, #3661 ) ;
#3760 = DIRECTION ( 'NONE',  ( 1.084202172485503448E-15, 0.000000000000000000, 1.000000000000000000 ) ) ;
#3761 = DIRECTION ( 'NONE',  ( 1.000000000000000000, -0.000000000000000000, -0.000000000000000000 ) ) ;
#3762 = CARTESIAN_POINT ( 'NONE',  ( 1.100000000000004974, 0.08000000000000000167, 1.229999999999999760 ) ) ;
#3763 = DIRECTION ( 'NONE',  ( 0.000000000000000000, 0.000000000000000000, 1.000000000000000000 ) ) ;
#3764 = EDGE_CURVE ( 'NONE', #7615, #676, #8582, .T. ) ;
#3765 = CARTESIAN_POINT ( 'NONE',  ( -0.5000000000000052180, 0.08000000000000000167, 1.130000000000003668 ) ) ;
#3766 = EDGE_CURVE ( 'NONE', #4069, #6768, #2363, .T. ) ;
#3767 = PLANE ( 'NONE',  #9064 ) ;
#3768 = ORIENTED_EDGE ( 'NONE', *, *, #3882, .F. ) ;
#3769 = ORIENTED_EDGE ( 'NONE', *, *, #3007, .T. ) ;
#3770 = CARTESIAN_POINT ( 'NONE',  ( -1.130000000000006777, 0.000000000000000000, 0.9000000000000101252 ) ) ;
#3771 = CARTESIAN_POINT ( 'NONE',  ( 1.130000000000008997, 0.000000000000000000, 0.3000000000000102029 ) ) ;
#3772 = FACE_OUTER_BOUND ( 'NONE', #5634, .T. ) ;
#3773 = CARTESIAN_POINT ( 'NONE',  ( 0.7000000000000052847, 0.08000000000000000167, 1.430000000000000382 ) ) ;
#3774 =( NAMED_UNIT ( * ) SI_UNIT ( $, .STERADIAN. ) SOLID_ANGLE_UNIT ( ) );
#3775 = CARTESIAN_POINT ( 'NONE',  ( -1.130000000000010330, -0.3605551275463988459, 0.8999999999999896971 ) ) ;
#3776 = UNCERTAINTY_MEASURE_WITH_UNIT (LENGTH_MEASURE( 1.000000000000000082E-05 ), #6941, 'distance_accuracy_value', 'NONE');
#3777 = CARTESIAN_POINT ( 'NONE',  ( -1.430000000000000160, 0.08000000000000000167, 1.099999999999989875 ) ) ;
#3778 = ORIENTED_EDGE ( 'NONE', *, *, #4051, .F. ) ;
#3779 = PLANE ( 'NONE',  #8207 ) ;
#3780 = PRESENTATION_STYLE_ASSIGNMENT (( #8053 ) ) ;
#3781 = VERTEX_POINT ( 'NONE', #2157 ) ;
#3782 =( LENGTH_UNIT ( ) NAMED_UNIT ( * ) SI_UNIT ( .MILLI., .METRE. ) );
#3783 = VERTEX_POINT ( 'NONE', #2731 ) ;
#3784 = CARTESIAN_POINT ( 'NONE',  ( -0.09999999999999473199, -0.3605551275463988459, -1.130000000000003668 ) ) ;
#3785 = ORIENTED_EDGE ( 'NONE', *, *, #1312, .F. ) ;
#3786 = ORIENTED_EDGE ( 'NONE', *, *, #9199, .F. ) ;
#3787 = SURFACE_STYLE_USAGE ( .BOTH. , #5239 ) ;
#3788 = FACE_OUTER_BOUND ( 'NONE', #2207, .T. ) ;
#3789 = ORIENTED_EDGE ( 'NONE', *, *, #9022, .F. ) ;
#3790 = CARTESIAN_POINT ( 'NONE',  ( 1.500000000000009992, 0.5005948168962619516, -0.8999999999999896971 ) ) ;
#3791 = SURFACE_STYLE_FILL_AREA ( #345 ) ;
#3792 = LINE ( 'NONE', #8119, #3126 ) ;
#3793 = EDGE_LOOP ( 'NONE', ( #4826, #3958, #4813, #4708 ) ) ;
#3794 = EDGE_LOOP ( 'NONE', ( #5402, #8090, #2943, #4945, #6388 ) ) ;
#3795 = DIRECTION ( 'NONE',  ( -0.000000000000000000, -0.000000000000000000, 1.000000000000000000 ) ) ;
#3796 = DIRECTION ( 'NONE',  ( 0.000000000000000000, 0.000000000000000000, 1.000000000000000000 ) ) ;
#3797 = DIRECTION ( 'NONE',  ( 0.000000000000000000, 1.000000000000000000, 0.000000000000000000 ) ) ;
#3798 = DIRECTION ( 'NONE',  ( 0.000000000000000000, -1.000000000000000000, 0.000000000000000000 ) ) ;
#3799 = PRESENTATION_STYLE_ASSIGNMENT (( #963 ) ) ;
#3800 = LINE ( 'NONE', #8817, #5952 ) ;
#3801 = AXIS2_PLACEMENT_3D ( 'NONE', #1952, #5552, #3491 ) ;
#3802 = DIRECTION ( 'NONE',  ( -1.000000000000000000, -0.000000000000000000, -0.000000000000000000 ) ) ;
#3803 = EDGE_CURVE ( 'NONE', #7192, #9238, #8632, .T. ) ;
#3804 =( GEOMETRIC_REPRESENTATION_CONTEXT ( 3 ) GLOBAL_UNCERTAINTY_ASSIGNED_CONTEXT ( ( #2871 ) ) GLOBAL_UNIT_ASSIGNED_CONTEXT ( ( #4832, #1291, #7006 ) ) REPRESENTATION_CONTEXT ( 'NONE', 'WORKASPACE' ) );
#3805 = ORIENTED_EDGE ( 'NONE', *, *, #8188, .T. ) ;
#3806 = EDGE_CURVE ( 'NONE', #4239, #2125, #738, .T. ) ;
#3807 = PLANE ( 'NONE',  #3070 ) ;
#3808 = CARTESIAN_POINT ( 'NONE',  ( 0.9000000000000051292, 0.08000000000000000167, 1.130000000000000338 ) ) ;
#3809 =( LENGTH_UNIT ( ) NAMED_UNIT ( * ) SI_UNIT ( .MILLI., .METRE. ) );
#3810 = ADVANCED_FACE ( 'NONE', ( #7203 ), #9169, .F. ) ;
#3811 = VECTOR ( 'NONE', #6293, 1000.000000000000000 ) ;
#3812 = EDGE_CURVE ( 'NONE', #8067, #5181, #7808, .T. ) ;
#3813 = ADVANCED_FACE ( 'NONE', ( #6434 ), #7889, .F. ) ;
#3814 = CARTESIAN_POINT ( 'NONE',  ( -0.7000000000000052847, 0.000000000000000000, -1.430000000000000382 ) ) ;
#3815 = DIRECTION ( 'NONE',  ( -0.000000000000000000, -1.000000000000000000, -0.000000000000000000 ) ) ;
#3816 = PRESENTATION_STYLE_ASSIGNMENT (( #884 ) ) ;
#3817 =( GEOMETRIC_REPRESENTATION_CONTEXT ( 3 ) GLOBAL_UNCERTAINTY_ASSIGNED_CONTEXT ( ( #3340 ) ) GLOBAL_UNIT_ASSIGNED_CONTEXT ( ( #7856, #1441, #2828 ) ) REPRESENTATION_CONTEXT ( 'NONE', 'WORKASPACE' ) );
#3818 = ADVANCED_FACE ( 'NONE', ( #6731 ), #6533, .F. ) ;
#3819 = DIRECTION ( 'NONE',  ( 0.000000000000000000, 1.000000000000000000, 0.000000000000000000 ) ) ;
#3820 = VERTEX_POINT ( 'NONE', #8035 ) ;
#3821 = AXIS2_PLACEMENT_3D ( 'NONE', #57, #732, #4223 ) ;
#3822 = DIRECTION ( 'NONE',  ( -1.000000000000000000, 0.000000000000000000, -1.084202172485504631E-15 ) ) ;
#3823 = FILL_AREA_STYLE_COLOUR ( '', #2781 ) ;
#3824 = ORIENTED_EDGE ( 'NONE', *, *, #6263, .F. ) ;
#3825 = CARTESIAN_POINT ( 'NONE',  ( 1.430000000000000160, 0.000000000000000000, -0.09999999999998980538 ) ) ;
#3826 = LINE ( 'NONE', #989, #1155 ) ;
#3827 = VERTEX_POINT ( 'NONE', #115 ) ;
#3828 = ORIENTED_EDGE ( 'NONE', *, *, #5309, .F. ) ;
#3829 = LINE ( 'NONE', #6709, #1037 ) ;
#3830 =( LENGTH_UNIT ( ) NAMED_UNIT ( * ) SI_UNIT ( .MILLI., .METRE. ) );
#3831 = EDGE_LOOP ( 'NONE', ( #3687, #4122, #5266, #2131 ) ) ;
#3832 = CARTESIAN_POINT ( 'NONE',  ( -1.130000000000001226, 0.000000000000000000, -0.4999999999999898415 ) ) ;
#3833 = ORIENTED_EDGE ( 'NONE', *, *, #6094, .T. ) ;
#3834 = FACE_OUTER_BOUND ( 'NONE', #1409, .T. ) ;
#3835 = DIRECTION ( 'NONE',  ( -1.000000000000000000, 0.000000000000000000, 0.000000000000000000 ) ) ;
#3836 = SURFACE_STYLE_USAGE ( .BOTH. , #7060 ) ;
#3837 = CARTESIAN_POINT ( 'NONE',  ( -1.500000000000006661, 0.07999999999999998779, 0.9000000000000101252 ) ) ;
#3838 = DIRECTION ( 'NONE',  ( 1.000000000000000000, 0.000000000000000000, 0.000000000000000000 ) ) ;
#3839 = EDGE_LOOP ( 'NONE', ( #2633, #2733, #4035, #2691 ) ) ;
#3840 = FACE_OUTER_BOUND ( 'NONE', #5328, .T. ) ;
#3841 = VECTOR ( 'NONE', #5121, 1000.000000000000000 ) ;
#3842 = AXIS2_PLACEMENT_3D ( 'NONE', #4288, #667, #4376 ) ;
#3843 = CARTESIAN_POINT ( 'NONE',  ( -0.4999999999999946154, 0.5005948168962619516, -1.500000000000011990 ) ) ;
#3844 = FACE_OUTER_BOUND ( 'NONE', #5194, .T. ) ;
#3845 =( LENGTH_UNIT ( ) NAMED_UNIT ( * ) SI_UNIT ( .MILLI., .METRE. ) );
#3846 = CARTESIAN_POINT ( 'NONE',  ( -1.130000000000010330, -1.084202172485504434E-16, 0.9999999999999900080 ) ) ;
#3847 = VECTOR ( 'NONE', #7551, 1000.000000000000000 ) ;
#3848 = LINE ( 'NONE', #8182, #2508 ) ;
#3849 =( NAMED_UNIT ( * ) PLANE_ANGLE_UNIT ( ) SI_UNIT ( $, .RADIAN. ) );
#3850 = STYLED_ITEM ( 'NONE', ( #1290 ), #2133 ) ;
#3851 = ORIENTED_EDGE ( 'NONE', *, *, #1984, .F. ) ;
#3852 =( GEOMETRIC_REPRESENTATION_CONTEXT ( 3 ) GLOBAL_UNCERTAINTY_ASSIGNED_CONTEXT ( ( #736 ) ) GLOBAL_UNIT_ASSIGNED_CONTEXT ( ( #2223, #9285, #2089 ) ) REPRESENTATION_CONTEXT ( 'NONE', 'WORKASPACE' ) );
#3853 = FILL_AREA_STYLE_COLOUR ( '', #4555 ) ;
#3854 = STYLED_ITEM ( 'NONE', ( #6203 ), #221 ) ;
#3855 = EDGE_LOOP ( 'NONE', ( #5505, #4755, #3221, #2369 ) ) ;
#3856 = EDGE_CURVE ( 'NONE', #4148, #3636, #1013, .T. ) ;
#3857 = DIRECTION ( 'NONE',  ( 0.000000000000000000, 0.000000000000000000, -1.000000000000000000 ) ) ;
#3858 = DIRECTION ( 'NONE',  ( 0.000000000000000000, 0.000000000000000000, -1.000000000000000000 ) ) ;
#3859 = SURFACE_STYLE_USAGE ( .BOTH. , #2449 ) ;
#3860 = VECTOR ( 'NONE', #1756, 1000.000000000000000 ) ;
#3861 = ADVANCED_FACE ( 'NONE', ( #8766 ), #5305, .F. ) ;
#3862 = LINE ( 'NONE', #8097, #4391 ) ;
#3863 = LINE ( 'NONE', #1410, #2356 ) ;
#3864 = ORIENTED_EDGE ( 'NONE', *, *, #7142, .F. ) ;
#3865 = EDGE_LOOP ( 'NONE', ( #3242, #7700, #7528, #2441 ) ) ;
#3866 = MECHANICAL_DESIGN_GEOMETRIC_PRESENTATION_REPRESENTATION (  '', ( #1486 ), #5651 ) ;
#3867 = EDGE_CURVE ( 'NONE', #3356, #8258, #263, .T. ) ;
#3868 = CARTESIAN_POINT ( 'NONE',  ( 1.000000000000004441, -1.084202172485504434E-16, -1.130000000000000338 ) ) ;
#3869 = CARTESIAN_POINT ( 'NONE',  ( 0.000000000000000000, 0.000000000000000000, 0.4000000000000000222 ) ) ;
#3870 = EDGE_CURVE ( 'NONE', #268, #6801, #7291, .T. ) ;
#3871 = VERTEX_POINT ( 'NONE', #8185 ) ;
#3872 = CARTESIAN_POINT ( 'NONE',  ( 0.3000000000000052625, 0.000000000000000000, -1.130000000000003668 ) ) ;
#3873 = DIRECTION ( 'NONE',  ( -0.000000000000000000, 1.000000000000000000, -0.000000000000000000 ) ) ;
#3874 = ORIENTED_EDGE ( 'NONE', *, *, #4177, .T. ) ;
#3875 = FACE_OUTER_BOUND ( 'NONE', #2128, .T. ) ;
#3876 = DIRECTION ( 'NONE',  ( -1.000000000000000000, 0.000000000000000000, 0.000000000000000000 ) ) ;
#3877 = ORIENTED_EDGE ( 'NONE', *, *, #8915, .F. ) ;
#3878 = EDGE_LOOP ( 'NONE', ( #8169, #504, #6718, #3607 ) ) ;
#3879 = EDGE_CURVE ( 'NONE', #2773, #3325, #871, .T. ) ;
#3880 = VECTOR ( 'NONE', #8023, 1000.000000000000000 ) ;
#3881 = CARTESIAN_POINT ( 'NONE',  ( 0.000000000000000000, 0.08000000000000000167, 0.4000000000000000222 ) ) ;
#3882 = EDGE_CURVE ( 'NONE', #8872, #8824, #1567, .T. ) ;
#3883 = LINE ( 'NONE', #3131, #4653 ) ;
#3884 = STYLED_ITEM ( 'NONE', ( #5887 ), #7547 ) ;
#3885 =( NAMED_UNIT ( * ) PLANE_ANGLE_UNIT ( ) SI_UNIT ( $, .RADIAN. ) );
#3886 = CARTESIAN_POINT ( 'NONE',  ( 0.1000000000000052514, 0.5005948168962619516, -1.130000000000006333 ) ) ;
#3887 = ORIENTED_EDGE ( 'NONE', *, *, #4796, .T. ) ;
#3888 =( GEOMETRIC_REPRESENTATION_CONTEXT ( 3 ) GLOBAL_UNCERTAINTY_ASSIGNED_CONTEXT ( ( #8508 ) ) GLOBAL_UNIT_ASSIGNED_CONTEXT ( ( #3082, #7410, #3129 ) ) REPRESENTATION_CONTEXT ( 'NONE', 'WORKASPACE' ) );
#3889 = LINE ( 'NONE', #2331, #3570 ) ;
#3890 = ORIENTED_EDGE ( 'NONE', *, *, #5752, .T. ) ;
#3891 = SURFACE_STYLE_USAGE ( .BOTH. , #5252 ) ;
#3892 = VECTOR ( 'NONE', #1564, 1000.000000000000000 ) ;
#3893 = DIRECTION ( 'NONE',  ( -0.000000000000000000, -1.000000000000000000, -0.000000000000000000 ) ) ;
#3894 = EDGE_CURVE ( 'NONE', #7966, #4958, #3096, .T. ) ;
#3895 = DIRECTION ( 'NONE',  ( 0.000000000000000000, 0.000000000000000000, -1.000000000000000000 ) ) ;
#3896 = DIRECTION ( 'NONE',  ( 1.000000000000000000, 0.000000000000000000, 0.000000000000000000 ) ) ;
#3897 = EDGE_LOOP ( 'NONE', ( #4471, #8890, #6553, #7652, #4343, #2414, #1365, #710, #7295, #8148, #4868, #3641, #8757, #3173, #2879, #2708, #4995, #3099, #2254, #3266, #7565, #429, #1360, #5883, #8658, #4383, #2115, #3157 ) ) ;
#3898 = VECTOR ( 'NONE', #8556, 1000.000000000000000 ) ;
#3899 =( LENGTH_UNIT ( ) NAMED_UNIT ( * ) SI_UNIT ( .MILLI., .METRE. ) );
#3900 = AXIS2_PLACEMENT_3D ( 'NONE', #809, #2939, #8536 ) ;
#3901 = ORIENTED_EDGE ( 'NONE', *, *, #2030, .F. ) ;
#3902 = LINE ( 'NONE', #1673, #6513 ) ;
#3903 = VERTEX_POINT ( 'NONE', #6638 ) ;
#3904 = DIRECTION ( 'NONE',  ( 0.000000000000000000, 0.000000000000000000, -1.000000000000000000 ) ) ;
#3905 = VECTOR ( 'NONE', #6784, 1000.000000000000000 ) ;
#3906 = CARTESIAN_POINT ( 'NONE',  ( -1.130000000000010330, 0.08000000000000000167, -0.9999999999999900080 ) ) ;
#3907 = FACE_OUTER_BOUND ( 'NONE', #9123, .T. ) ;
#3908 = DIRECTION ( 'NONE',  ( -1.000000000000000000, 0.000000000000000000, 0.000000000000000000 ) ) ;
#3909 = DIRECTION ( 'NONE',  ( 1.000000000000000000, 0.000000000000000000, -0.000000000000000000 ) ) ;
#3910 = DIRECTION ( 'NONE',  ( 0.000000000000000000, 0.000000000000000000, 1.000000000000000000 ) ) ;
#3911 = CARTESIAN_POINT ( 'NONE',  ( -1.000000000000004441, 0.000000000000000000, -1.130000000000000338 ) ) ;
#3912 = CARTESIAN_POINT ( 'NONE',  ( -1.130000000000001226, 0.07999999999999998779, -0.4999999999999898415 ) ) ;
#3913 = ORIENTED_EDGE ( 'NONE', *, *, #3879, .F. ) ;
#3914 = ORIENTED_EDGE ( 'NONE', *, *, #4328, .F. ) ;
#3915 = ADVANCED_FACE ( 'NONE', ( #5207 ), #3153, .F. ) ;
#3916 = LINE ( 'NONE', #2604, #6070 ) ;
#3917 = DIRECTION ( 'NONE',  ( 1.000000000000000000, 0.000000000000000000, 0.000000000000000000 ) ) ;
#3918 = ORIENTED_EDGE ( 'NONE', *, *, #6866, .F. ) ;
#3919 = CARTESIAN_POINT ( 'NONE',  ( -1.430000000000000160, 0.08000000000000000167, -0.8999999999999896971 ) ) ;
#3920 = ORIENTED_EDGE ( 'NONE', *, *, #1108, .F. ) ;
#3921 = EDGE_CURVE ( 'NONE', #6029, #583, #2439, .T. ) ;
#3922 = EDGE_LOOP ( 'NONE', ( #8912, #5301, #2524, #4529 ) ) ;
#3923 = ORIENTED_EDGE ( 'NONE', *, *, #104, .F. ) ;
#3924 = DIRECTION ( 'NONE',  ( 1.000000000000000000, 0.000000000000000000, 0.000000000000000000 ) ) ;
#3925 = SURFACE_STYLE_FILL_AREA ( #1097 ) ;
#3926 = ORIENTED_EDGE ( 'NONE', *, *, #3121, .F. ) ;
#3927 = FILL_AREA_STYLE_COLOUR ( '', #8153 ) ;
#3928 = EDGE_CURVE ( 'NONE', #4863, #2551, #6862, .T. ) ;
#3929 = EDGE_CURVE ( 'NONE', #135, #2513, #1110, .T. ) ;
#3930 = VERTEX_POINT ( 'NONE', #6238 ) ;
#3931 = DIRECTION ( 'NONE',  ( 0.000000000000000000, -1.000000000000000000, 0.000000000000000000 ) ) ;
#3932 = ADVANCED_FACE ( 'NONE', ( #1901 ), #5539, .F. ) ;
#3933 = ADVANCED_FACE ( 'NONE', ( #2679 ), #404, .F. ) ;
#3934 = DIRECTION ( 'NONE',  ( 0.000000000000000000, -0.000000000000000000, -1.000000000000000000 ) ) ;
#3935 = DIRECTION ( 'NONE',  ( -1.000000000000000000, -0.000000000000000000, -8.673617379884027583E-16 ) ) ;
#3936 = EDGE_CURVE ( 'NONE', #1826, #956, #8275, .T. ) ;
#3937 = LINE ( 'NONE', #2531, #5988 ) ;
#3938 = VERTEX_POINT ( 'NONE', #9063 ) ;
#3939 = CARTESIAN_POINT ( 'NONE',  ( 0.1000000000000051958, -1.084202172485504434E-16, 1.130000000000003668 ) ) ;
#3940 = SURFACE_STYLE_FILL_AREA ( #5260 ) ;
#3941 = SURFACE_SIDE_STYLE ('',( #3394 ) ) ;
#3942 = EDGE_LOOP ( 'NONE', ( #8224, #5409, #4319, #7484 ) ) ;
#3943 =( NAMED_UNIT ( * ) SI_UNIT ( $, .STERADIAN. ) SOLID_ANGLE_UNIT ( ) );
#3944 = ORIENTED_EDGE ( 'NONE', *, *, #1095, .F. ) ;
#3945 = COLOUR_RGB ( '',1.000000000000000000, 0.8117647058823529438, 0.5019607843137254832 ) ;
#3946 = ORIENTED_EDGE ( 'NONE', *, *, #4266, .F. ) ;
#3947 = PLANE ( 'NONE',  #3583 ) ;
#3948 = CARTESIAN_POINT ( 'NONE',  ( -0.9750000000000000888, 0.4535533905932740972, -0.8250000000000119460 ) ) ;
#3949 = CARTESIAN_POINT ( 'NONE',  ( -1.499999999999999778, 0.9699999999999999734, 1.499999999999999778 ) ) ;
#3950 = CARTESIAN_POINT ( 'NONE',  ( -1.430000000000000160, 0.08000000000000000167, -0.2999999999999898859 ) ) ;
#3951 = VECTOR ( 'NONE', #6741, 1000.000000000000000 ) ;
#3952 = AXIS2_PLACEMENT_3D ( 'NONE', #8228, #7613, #5491 ) ;
#3953 = STYLED_ITEM ( 'NONE', ( #7367 ), #3377 ) ;
#3954 = PLANE ( 'NONE',  #4994 ) ;
#3955 = LINE ( 'NONE', #3255, #141 ) ;
#3956 = CARTESIAN_POINT ( 'NONE',  ( 0.000000000000000000, 0.08000000000000000167, 0.000000000000000000 ) ) ;
#3957 = VERTEX_POINT ( 'NONE', #6102 ) ;
#3958 = ORIENTED_EDGE ( 'NONE', *, *, #5750, .F. ) ;
#3959 = ORIENTED_EDGE ( 'NONE', *, *, #5360, .T. ) ;
#3960 = VECTOR ( 'NONE', #203, 1000.000000000000000 ) ;
#3961 = PLANE ( 'NONE',  #1294 ) ;
#3962 = ORIENTED_EDGE ( 'NONE', *, *, #6986, .T. ) ;
#3963 = COLOUR_RGB ( '',1.000000000000000000, 0.8117647058823529438, 0.5019607843137254832 ) ;
#3964 = DIRECTION ( 'NONE',  ( 0.000000000000000000, -0.000000000000000000, 1.000000000000000000 ) ) ;
#3965 = ORIENTED_EDGE ( 'NONE', *, *, #7599, .F. ) ;
#3966 = CARTESIAN_POINT ( 'NONE',  ( 0.3000000000000053180, 0.000000000000000000, -1.130000000000006333 ) ) ;
#3967 = ORIENTED_EDGE ( 'NONE', *, *, #7436, .F. ) ;
#3968 = AXIS2_PLACEMENT_3D ( 'NONE', #7238, #4925, #3004 ) ;
#3969 = PRESENTATION_LAYER_ASSIGNMENT (  '', '', ( #251 ) ) ;
#3970 = STYLED_ITEM ( 'NONE', ( #3497 ), #9223 ) ;
#3971 = CARTESIAN_POINT ( 'NONE',  ( -1.499999999999999778, 0.000000000000000000, -1.099999999999989875 ) ) ;
#3972 = EDGE_LOOP ( 'NONE', ( #6361, #3036, #1529, #2665 ) ) ;
#3973 = ORIENTED_EDGE ( 'NONE', *, *, #7649, .F. ) ;
#3974 = ORIENTED_EDGE ( 'NONE', *, *, #329, .F. ) ;
#3975 = ORIENTED_EDGE ( 'NONE', *, *, #8975, .T. ) ;
#3976 = FILL_AREA_STYLE ('',( #6045 ) ) ;
#3977 = STYLED_ITEM ( 'NONE', ( #939 ), #509 ) ;
#3978 = ORIENTED_EDGE ( 'NONE', *, *, #1975, .T. ) ;
#3979 = ORIENTED_EDGE ( 'NONE', *, *, #6389, .T. ) ;
#3980 = CARTESIAN_POINT ( 'NONE',  ( 0.9000000000000051292, -0.3605551275463988459, 1.130000000000000338 ) ) ;
#3981 = CARTESIAN_POINT ( 'NONE',  ( -1.430000000000000160, 0.000000000000000000, -0.2999999999999898859 ) ) ;
#3982 = EDGE_CURVE ( 'NONE', #1172, #1607, #1251, .T. ) ;
#3983 = FACE_OUTER_BOUND ( 'NONE', #3865, .T. ) ;
#3984 = CARTESIAN_POINT ( 'NONE',  ( -1.099999999999994538, 0.5005948168962619516, -1.500000000000014433 ) ) ;
#3985 = ORIENTED_EDGE ( 'NONE', *, *, #2480, .T. ) ;
#3986 = DIRECTION ( 'NONE',  ( 0.000000000000000000, 1.000000000000000000, 0.000000000000000000 ) ) ;
#3987 = DIRECTION ( 'NONE',  ( 0.000000000000000000, 0.000000000000000000, 1.000000000000000000 ) ) ;
#3988 = ADVANCED_FACE ( 'NONE', ( #2486 ), #5345, .F. ) ;
#3989 = DIRECTION ( 'NONE',  ( 0.000000000000000000, 0.000000000000000000, -1.000000000000000000 ) ) ;
#3990 = ORIENTED_EDGE ( 'NONE', *, *, #7951, .T. ) ;
#3991 = AXIS2_PLACEMENT_3D ( 'NONE', #4325, #787, #3858 ) ;
#3992 = DIRECTION ( 'NONE',  ( 0.000000000000000000, 0.000000000000000000, -1.000000000000000000 ) ) ;
#3993 = FACE_OUTER_BOUND ( 'NONE', #3839, .T. ) ;
#3994 = DIRECTION ( 'NONE',  ( 0.000000000000000000, 0.000000000000000000, -1.000000000000000000 ) ) ;
#3995 = CARTESIAN_POINT ( 'NONE',  ( -0.7000000000000052847, -0.3605551275463988459, 1.130000000000003668 ) ) ;
#3996 = PRESENTATION_LAYER_ASSIGNMENT (  '', '', ( #8633 ) ) ;
#3997 = VECTOR ( 'NONE', #6278, 1000.000000000000000 ) ;
#3998 = DIRECTION ( 'NONE',  ( -0.000000000000000000, -1.000000000000000000, -0.000000000000000000 ) ) ;
#3999 =( GEOMETRIC_REPRESENTATION_CONTEXT ( 3 ) GLOBAL_UNCERTAINTY_ASSIGNED_CONTEXT ( ( #2110 ) ) GLOBAL_UNIT_ASSIGNED_CONTEXT ( ( #2328, #4818, #7689 ) ) REPRESENTATION_CONTEXT ( 'NONE', 'WORKASPACE' ) );
#4000 = CARTESIAN_POINT ( 'NONE',  ( 1.430000000000000160, -1.084202172485504434E-16, 0.8999999999999896971 ) ) ;
#4001 = VERTEX_POINT ( 'NONE', #8962 ) ;
#4002 = EDGE_LOOP ( 'NONE', ( #1718, #6474, #5741, #3684, #6661, #2017, #804, #4477, #6732, #7787, #4676, #2267, #3428, #1112, #3678, #4432, #2992, #3075, #8106, #2977, #2401, #8310, #785, #7810, #8610, #8139, #6523, #9276, #3081, #3022, #5051, #2783, #5967, #7497, #5565, #7449, #949, #8317, #5948, #4064, #1734, #6753, #982, #5800, #645, #1644, #4480, #3310, #4556, #8979, #3686, #2445, #5492, #6935, #2567, #8865, #7230, #303, #6179, #2891, #815, #2878, #6196, #8329, #2506, #4579, #6864, #3914, #1552, #2608, #2584, #5213, #6942, #8159, #7559, #6139, #4663, #7461, #5290, #3321, #4978, #1795, #1069, #7849, #2427, #2680, #6368, #6627, #6011, #8291, #9059, #1175, #2417, #1871, #7181, #3913, #3967, #9028, #5557, #3588, #4163, #7604, #8901, #7048, #7427, #5001, #4726, #4536 ) ) ;
#4003 = DIRECTION ( 'NONE',  ( 0.7071067811865521247, 0.000000000000000000, -0.7071067811865430208 ) ) ;
#4004 = ORIENTED_EDGE ( 'NONE', *, *, #7100, .F. ) ;
#4005 = AXIS2_PLACEMENT_3D ( 'NONE', #4404, #3662, #928 ) ;
#4006 = CARTESIAN_POINT ( 'NONE',  ( 0.5000000000000052180, 0.5005948168962619516, -1.130000000000003668 ) ) ;
#4007 = SURFACE_STYLE_USAGE ( .BOTH. , #4759 ) ;
#4008 = VERTEX_POINT ( 'NONE', #1854 ) ;
#4009 = STYLED_ITEM ( 'NONE', ( #3732 ), #6566 ) ;
#4010 = DIRECTION ( 'NONE',  ( 1.000000000000000000, 0.000000000000000000, -0.000000000000000000 ) ) ;
#4011 = AXIS2_PLACEMENT_3D ( 'NONE', #2690, #5722, #7758 ) ;
#4012 = DIRECTION ( 'NONE',  ( -0.000000000000000000, 1.000000000000000000, -0.000000000000000000 ) ) ;
#4013 = ORIENTED_EDGE ( 'NONE', *, *, #4495, .F. ) ;
#4014 = CARTESIAN_POINT ( 'NONE',  ( 0.1000000000000049183, 0.07999999999999998779, 1.500000000000015543 ) ) ;
#4015 = ORIENTED_EDGE ( 'NONE', *, *, #2135, .T. ) ;
#4016 = PLANE ( 'NONE',  #8516 ) ;
#4017 = ORIENTED_EDGE ( 'NONE', *, *, #174, .F. ) ;
#4018 = FACE_OUTER_BOUND ( 'NONE', #5740, .T. ) ;
#4019 = CARTESIAN_POINT ( 'NONE',  ( -0.9999999999999950040, 0.000000000000000000, -1.130000000000014326 ) ) ;
#4020 = ORIENTED_EDGE ( 'NONE', *, *, #2740, .F. ) ;
#4021 = CARTESIAN_POINT ( 'NONE',  ( 1.430000000000000160, -0.3605551275463988459, -0.4999999999999898415 ) ) ;
#4022 = CIRCLE ( 'NONE', #1499, 0.1250000000000003331 ) ;
#4023 = VECTOR ( 'NONE', #1216, 1000.000000000000000 ) ;
#4024 = EDGE_LOOP ( 'NONE', ( #2650, #8844, #7419, #852 ) ) ;
#4025 = VERTEX_POINT ( 'NONE', #1808 ) ;
#4026 = LINE ( 'NONE', #1193, #3260 ) ;
#4027 = EDGE_CURVE ( 'NONE', #363, #640, #2535, .T. ) ;
#4028 = STYLED_ITEM ( 'NONE', ( #5329 ), #444 ) ;
#4029 = LINE ( 'NONE', #9053, #9220 ) ;
#4030 = VECTOR ( 'NONE', #4410, 1000.000000000000000 ) ;
#4031 = ORIENTED_EDGE ( 'NONE', *, *, #8458, .T. ) ;
#4032 = ADVANCED_FACE ( 'NONE', ( #3292 ), #1205, .F. ) ;
#4033 = CARTESIAN_POINT ( 'NONE',  ( -0.2999999999999947153, 0.07999999999999998779, -1.130000000000009219 ) ) ;
#4034 = DIRECTION ( 'NONE',  ( 0.000000000000000000, -1.000000000000000000, 0.000000000000000000 ) ) ;
#4035 = ORIENTED_EDGE ( 'NONE', *, *, #2138, .T. ) ;
#4036 =( LENGTH_UNIT ( ) NAMED_UNIT ( * ) SI_UNIT ( .MILLI., .METRE. ) );
#4037 = SURFACE_STYLE_FILL_AREA ( #6151 ) ;
#4038 = EDGE_CURVE ( 'NONE', #4976, #1371, #5270, .T. ) ;
#4039 = STYLED_ITEM ( 'NONE', ( #6738 ), #7826 ) ;
#4040 = ORIENTED_EDGE ( 'NONE', *, *, #604, .F. ) ;
#4041 = VECTOR ( 'NONE', #7381, 1000.000000000000000 ) ;
#4042 = CARTESIAN_POINT ( 'NONE',  ( -0.09999999999999506506, 0.000000000000000000, 1.500000000000013101 ) ) ;
#4043 = ORIENTED_EDGE ( 'NONE', *, *, #2740, .T. ) ;
#4044 = EDGE_CURVE ( 'NONE', #5334, #3172, #1679, .T. ) ;
#4045 = VECTOR ( 'NONE', #3761, 1000.000000000000000 ) ;
#4046 = CARTESIAN_POINT ( 'NONE',  ( 0.7000000000000050626, 0.000000000000000000, 1.130000000000018767 ) ) ;
#4047 = DIRECTION ( 'NONE',  ( 0.000000000000000000, 0.000000000000000000, -1.000000000000000000 ) ) ;
#4048 = DIRECTION ( 'NONE',  ( -0.000000000000000000, 1.000000000000000000, 0.000000000000000000 ) ) ;
#4049 = CARTESIAN_POINT ( 'NONE',  ( -1.499999999999999778, 0.000000000000000000, 1.499999999999999778 ) ) ;
#4050 = DIRECTION ( 'NONE',  ( 0.000000000000000000, 0.000000000000000000, 1.000000000000000000 ) ) ;
#4051 = EDGE_CURVE ( 'NONE', #6466, #8189, #6542, .T. ) ;
#4052 = PRESENTATION_STYLE_ASSIGNMENT (( #7587 ) ) ;
#4053 = ORIENTED_EDGE ( 'NONE', *, *, #271, .F. ) ;
#4054 = EDGE_LOOP ( 'NONE', ( #69, #5393, #8437, #687 ) ) ;
#4055 = LINE ( 'NONE', #4092, #8672 ) ;
#4056 = AXIS2_PLACEMENT_3D ( 'NONE', #5996, #5243, #6665 ) ;
#4057 = VERTEX_POINT ( 'NONE', #4566 ) ;
#4058 = CARTESIAN_POINT ( 'NONE',  ( 0.000000000000000000, 0.000000000000000000, 0.000000000000000000 ) ) ;
#4059 = CARTESIAN_POINT ( 'NONE',  ( 1.100000000000004974, 0.000000000000000000, 1.229999999999999760 ) ) ;
#4060 = CARTESIAN_POINT ( 'NONE',  ( 0.5000000000000052180, 0.08000000000000000167, 1.130000000000003668 ) ) ;
#4061 = CARTESIAN_POINT ( 'NONE',  ( -1.000000000000004441, -0.3605551275463988459, -1.130000000000000338 ) ) ;
#4062 = DIRECTION ( 'NONE',  ( 0.000000000000000000, 0.000000000000000000, 1.000000000000000000 ) ) ;
#4063 =( NAMED_UNIT ( * ) PLANE_ANGLE_UNIT ( ) SI_UNIT ( $, .RADIAN. ) );
#4064 = ORIENTED_EDGE ( 'NONE', *, *, #393, .F. ) ;
#4065 = PLANE ( 'NONE',  #1465 ) ;
#4066 = SURFACE_SIDE_STYLE ('',( #5476 ) ) ;
#4067 = ORIENTED_EDGE ( 'NONE', *, *, #4850, .T. ) ;
#4068 = VERTEX_POINT ( 'NONE', #938 ) ;
#4069 = VERTEX_POINT ( 'NONE', #224 ) ;
#4070 = CARTESIAN_POINT ( 'NONE',  ( 1.430000000000000160, 0.000000000000000000, 1.099999999999989875 ) ) ;
#4071 = ORIENTED_EDGE ( 'NONE', *, *, #4322, .T. ) ;
#4072 = CARTESIAN_POINT ( 'NONE',  ( 1.130000000000003446, 0.5005948168962619516, 1.000000000000008660 ) ) ;
#4073 = LINE ( 'NONE', #8273, #6432 ) ;
#4074 = VERTEX_POINT ( 'NONE', #8732 ) ;
#4075 = DIRECTION ( 'NONE',  ( 0.000000000000000000, 0.000000000000000000, -1.000000000000000000 ) ) ;
#4076 = UNCERTAINTY_MEASURE_WITH_UNIT (LENGTH_MEASURE( 1.000000000000000082E-05 ), #585, 'distance_accuracy_value', 'NONE');
#4077 = PLANE ( 'NONE',  #2341 ) ;
#4078 = DIRECTION ( 'NONE',  ( 1.000000000000000000, 0.000000000000000000, 0.000000000000000000 ) ) ;
#4079 = ORIENTED_EDGE ( 'NONE', *, *, #3437, .T. ) ;
#4080 = DIRECTION ( 'NONE',  ( 0.000000000000000000, 0.000000000000000000, -1.000000000000000000 ) ) ;
#4081 = PLANE ( 'NONE',  #9146 ) ;
#4082 = FILL_AREA_STYLE ('',( #1256 ) ) ;
#4083 = CARTESIAN_POINT ( 'NONE',  ( -1.129999999999999893, 0.5005948168962619516, -0.9999999999999892308 ) ) ;
#4084 = CARTESIAN_POINT ( 'NONE',  ( 1.000000000000005107, 0.000000000000000000, 1.130000000000021210 ) ) ;
#4085 = DIRECTION ( 'NONE',  ( 0.000000000000000000, 0.000000000000000000, -1.000000000000000000 ) ) ;
#4086 =( NAMED_UNIT ( * ) PLANE_ANGLE_UNIT ( ) SI_UNIT ( $, .RADIAN. ) );
#4087 = CARTESIAN_POINT ( 'NONE',  ( -1.130000000000008997, 0.08000000000000000167, -0.2999999999999898859 ) ) ;
#4088 = ORIENTED_EDGE ( 'NONE', *, *, #520, .F. ) ;
#4089 = ORIENTED_EDGE ( 'NONE', *, *, #4623, .T. ) ;
#4090 = VECTOR ( 'NONE', #3381, 1000.000000000000000 ) ;
#4091 = EDGE_CURVE ( 'NONE', #2513, #3938, #8145, .T. ) ;
#4092 = CARTESIAN_POINT ( 'NONE',  ( 1.100000000000004974, 0.000000000000000000, -1.130000000000000338 ) ) ;
#4093 = ORIENTED_EDGE ( 'NONE', *, *, #8469, .T. ) ;
#4094 = EDGE_CURVE ( 'NONE', #7319, #8845, #1534, .T. ) ;
#4095 = EDGE_CURVE ( 'NONE', #765, #2050, #4514, .T. ) ;
#4096 = EDGE_CURVE ( 'NONE', #7478, #119, #5832, .T. ) ;
#4097 = CARTESIAN_POINT ( 'NONE',  ( -1.430000000000000160, -0.3605551275463988459, 0.3000000000000102029 ) ) ;
#4098 = LINE ( 'NONE', #6795, #2507 ) ;
#4099 = MECHANICAL_DESIGN_GEOMETRIC_PRESENTATION_REPRESENTATION (  '', ( #6053 ), #3804 ) ;
#4100 = VECTOR ( 'NONE', #2322, 1000.000000000000000 ) ;
#4101 = ADVANCED_FACE ( 'NONE', ( #2260 ), #975, .F. ) ;
#4102 = CARTESIAN_POINT ( 'NONE',  ( 0.3000000000000053180, 0.07999999999999998779, -1.130000000000006333 ) ) ;
#4103 = CARTESIAN_POINT ( 'NONE',  ( -0.7000000000000052847, -0.3605551275463988459, -1.430000000000000382 ) ) ;
#4104 = SURFACE_STYLE_FILL_AREA ( #624 ) ;
#4105 = ORIENTED_EDGE ( 'NONE', *, *, #9036, .T. ) ;
#4106 = EDGE_CURVE ( 'NONE', #5379, #4845, #5219, .T. ) ;
#4107 = DIRECTION ( 'NONE',  ( 1.000000000000000000, 0.000000000000000000, 0.000000000000000000 ) ) ;
#4108 = LINE ( 'NONE', #581, #7799 ) ;
#4109 = SURFACE_SIDE_STYLE ('',( #8341 ) ) ;
#4110 = CARTESIAN_POINT ( 'NONE',  ( -1.130000000000002780, 0.000000000000000000, -0.2999999999999899414 ) ) ;
#4111 = CARTESIAN_POINT ( 'NONE',  ( 0.7000000000000052847, 0.08000000000000000167, -1.130000000000003668 ) ) ;
#4112 = ORIENTED_EDGE ( 'NONE', *, *, #7562, .T. ) ;
#4113 = ORIENTED_EDGE ( 'NONE', *, *, #7674, .F. ) ;
#4114 = VECTOR ( 'NONE', #2949, 1000.000000000000000 ) ;
#4115 = CARTESIAN_POINT ( 'NONE',  ( 0.5000000000000052180, 0.08000000000000000167, -1.130000000000003668 ) ) ;
#4116 = ORIENTED_EDGE ( 'NONE', *, *, #632, .T. ) ;
#4117 = EDGE_LOOP ( 'NONE', ( #4004, #830, #7019, #5965, #145 ) ) ;
#4118 =( GEOMETRIC_REPRESENTATION_CONTEXT ( 3 ) GLOBAL_UNCERTAINTY_ASSIGNED_CONTEXT ( ( #6604 ) ) GLOBAL_UNIT_ASSIGNED_CONTEXT ( ( #7811, #3538, #9267 ) ) REPRESENTATION_CONTEXT ( 'NONE', 'WORKASPACE' ) );
#4119 = DIRECTION ( 'NONE',  ( -0.000000000000000000, 0.000000000000000000, -1.000000000000000000 ) ) ;
#4121 = CARTESIAN_POINT ( 'NONE',  ( -1.130000000000008997, -0.3605551275463988459, -0.6999999999999899636 ) ) ;
#4120 = VECTOR ( 'NONE', #4208, 1000.000000000000000 ) ;
#4122 = ORIENTED_EDGE ( 'NONE', *, *, #9199, .T. ) ;
#4123 = DIRECTION ( 'NONE',  ( -0.000000000000000000, -1.000000000000000000, -0.000000000000000000 ) ) ;
#4124 = CARTESIAN_POINT ( 'NONE',  ( -0.09999999999999473199, 0.08000000000000000167, 1.130000000000003668 ) ) ;
#4125 = ORIENTED_EDGE ( 'NONE', *, *, #99, .T. ) ;
#4126 = PLANE ( 'NONE',  #8161 ) ;
#4127 = CARTESIAN_POINT ( 'NONE',  ( 1.430000000000000160, -0.3605551275463988459, 0.8999999999999896971 ) ) ;
#4128 = ORIENTED_EDGE ( 'NONE', *, *, #2497, .F. ) ;
#4129 = CARTESIAN_POINT ( 'NONE',  ( -0.8999999999999952482, 0.5005948168962619516, 1.130000000000007221 ) ) ;
#4130 = DIRECTION ( 'NONE',  ( 0.000000000000000000, -1.000000000000000000, 0.000000000000000000 ) ) ;
#4131 = CARTESIAN_POINT ( 'NONE',  ( 0.3000000000000053180, 0.5005948168962619516, -1.130000000000006333 ) ) ;
#4132 = LINE ( 'NONE', #2729, #1582 ) ;
#4133 = FACE_OUTER_BOUND ( 'NONE', #6796, .T. ) ;
#4134 = DIRECTION ( 'NONE',  ( 0.000000000000000000, 0.000000000000000000, 1.000000000000000000 ) ) ;
#4135 = DIRECTION ( 'NONE',  ( -0.000000000000000000, -0.000000000000000000, -1.000000000000000000 ) ) ;
#4136 = EDGE_LOOP ( 'NONE', ( #5422, #2756, #5772, #2565 ) ) ;
#4137 = MECHANICAL_DESIGN_GEOMETRIC_PRESENTATION_REPRESENTATION (  '', ( #8952 ), #3550 ) ;
#4138 = EDGE_LOOP ( 'NONE', ( #7733, #8951, #990, #7880 ) ) ;
#4139 = EDGE_CURVE ( 'NONE', #6028, #8872, #3862, .T. ) ;
#4140 = VECTOR ( 'NONE', #6700, 1000.000000000000000 ) ;
#4141 = EDGE_CURVE ( 'NONE', #4001, #1485, #7352, .T. ) ;
#4142 = LINE ( 'NONE', #7160, #3224 ) ;
#4143 = SURFACE_STYLE_USAGE ( .BOTH. , #9175 ) ;
#4144 = CARTESIAN_POINT ( 'NONE',  ( -0.7249999999999998668, 0.1000000000000000056, -0.8250000000000117240 ) ) ;
#4145 = VECTOR ( 'NONE', #7913, 1000.000000000000000 ) ;
#4146 = FACE_OUTER_BOUND ( 'NONE', #2320, .T. ) ;
#4147 = FACE_OUTER_BOUND ( 'NONE', #43, .T. ) ;
#4148 = VERTEX_POINT ( 'NONE', #1025 ) ;
#4149 = ADVANCED_FACE ( 'NONE', ( #4415 ), #7299, .T. ) ;
#4150 = COLOUR_RGB ( '',1.000000000000000000, 0.8117647058823529438, 0.5019607843137254832 ) ;
#4151 = EDGE_CURVE ( 'NONE', #8422, #4408, #6740, .T. ) ;
#4152 =( GEOMETRIC_REPRESENTATION_CONTEXT ( 3 ) GLOBAL_UNCERTAINTY_ASSIGNED_CONTEXT ( ( #7198 ) ) GLOBAL_UNIT_ASSIGNED_CONTEXT ( ( #5373, #8290, #8253 ) ) REPRESENTATION_CONTEXT ( 'NONE', 'WORKASPACE' ) );
#4153 = PLANE ( 'NONE',  #6137 ) ;
#4154 = CARTESIAN_POINT ( 'NONE',  ( 1.430000000000000160, -0.3605551275463988459, -0.6999999999999899636 ) ) ;
#4155 = CARTESIAN_POINT ( 'NONE',  ( 1.130000000000008997, -0.3605551275463988459, -0.09999999999998980538 ) ) ;
#4156 = AXIS2_PLACEMENT_3D ( 'NONE', #6163, #8929, #4806 ) ;
#4157 = LINE ( 'NONE', #8300, #8941 ) ;
#4158 = SURFACE_STYLE_FILL_AREA ( #1450 ) ;
#4159 = VERTEX_POINT ( 'NONE', #5922 ) ;
#4160 = ORIENTED_EDGE ( 'NONE', *, *, #7834, .T. ) ;
#4161 = EDGE_CURVE ( 'NONE', #3379, #8047, #8693, .T. ) ;
#4162 = CARTESIAN_POINT ( 'NONE',  ( -0.9750000000000000888, 0.000000000000000000, -0.8250000000000119460 ) ) ;
#4163 = ORIENTED_EDGE ( 'NONE', *, *, #6448, .F. ) ;
#4164 = VERTEX_POINT ( 'NONE', #3106 ) ;
#4165 = CARTESIAN_POINT ( 'NONE',  ( 0.1000000000000051958, -0.3605551275463988459, -1.430000000000000382 ) ) ;
#4166 = VECTOR ( 'NONE', #2500, 1000.000000000000000 ) ;
#4167 = VECTOR ( 'NONE', #8590, 1000.000000000000000 ) ;
#4168 = DIRECTION ( 'NONE',  ( 0.000000000000000000, 1.000000000000000000, 0.000000000000000000 ) ) ;
#4169 = EDGE_LOOP ( 'NONE', ( #5700, #5324, #8567, #4559 ) ) ;
#4170 = DIRECTION ( 'NONE',  ( -0.000000000000000000, -1.000000000000000000, -0.000000000000000000 ) ) ;
#4171 =( GEOMETRIC_REPRESENTATION_CONTEXT ( 3 ) GLOBAL_UNCERTAINTY_ASSIGNED_CONTEXT ( ( #885 ) ) GLOBAL_UNIT_ASSIGNED_CONTEXT ( ( #7667, #6110, #8370 ) ) REPRESENTATION_CONTEXT ( 'NONE', 'WORKASPACE' ) );
#4172 = DIRECTION ( 'NONE',  ( 0.000000000000000000, -1.000000000000000000, 0.000000000000000000 ) ) ;
#4173 = COLOUR_RGB ( '',1.000000000000000000, 0.8117647058823529438, 0.5019607843137254832 ) ;
#4174 = DIRECTION ( 'NONE',  ( -0.000000000000000000, -1.000000000000000000, -0.000000000000000000 ) ) ;
#4175 = CARTESIAN_POINT ( 'NONE',  ( -1.129999999999999893, 0.000000000000000000, -1.099999999999989875 ) ) ;
#4176 = LINE ( 'NONE', #4127, #2663 ) ;
#4177 = EDGE_CURVE ( 'NONE', #2529, #6652, #2450, .T. ) ;
#4178 = VECTOR ( 'NONE', #7279, 1000.000000000000000 ) ;
#4179 = CARTESIAN_POINT ( 'NONE',  ( 1.500000000000000222, 0.000000000000000000, 1.499999999999999778 ) ) ;
#4180 = DIRECTION ( 'NONE',  ( 0.000000000000000000, 0.000000000000000000, 1.000000000000000000 ) ) ;
#4181 = CARTESIAN_POINT ( 'NONE',  ( -1.500000000000000888, 0.000000000000000000, -0.4999999999999898415 ) ) ;
#4182 = CLOSED_SHELL ( 'NONE', ( #2566, #5014, #6646, #5576, #5144, #6160 ) ) ;
#4183 = MECHANICAL_DESIGN_GEOMETRIC_PRESENTATION_REPRESENTATION (  '', ( #3884 ), #2082 ) ;
#4184 = DIRECTION ( 'NONE',  ( 0.000000000000000000, -1.000000000000000000, 0.000000000000000000 ) ) ;
#4185 = CARTESIAN_POINT ( 'NONE',  ( -1.430000000000000160, 0.000000000000000000, 0.4999999999999898415 ) ) ;
#4186 = SURFACE_STYLE_FILL_AREA ( #3452 ) ;
#4187 = AXIS2_PLACEMENT_3D ( 'NONE', #711, #7079, #3633 ) ;
#4188 = STYLED_ITEM ( 'NONE', ( #6529 ), #8125 ) ;
#4189 = AXIS2_PLACEMENT_3D ( 'NONE', #2860, #5717, #7935 ) ;
#4190 = PLANE ( 'NONE',  #1739 ) ;
#4191 = PRESENTATION_STYLE_ASSIGNMENT (( #4143 ) ) ;
#4192 =( LENGTH_UNIT ( ) NAMED_UNIT ( * ) SI_UNIT ( .MILLI., .METRE. ) );
#4193 = LINE ( 'NONE', #3418, #9252 ) ;
#4194 = VECTOR ( 'NONE', #9010, 1000.000000000000000 ) ;
#4195 = ADVANCED_FACE ( 'NONE', ( #7248 ), #7992, .T. ) ;
#4196 = CARTESIAN_POINT ( 'NONE',  ( -0.7000000000000052847, 0.000000000000000000, -1.430000000000000382 ) ) ;
#4197 = DIRECTION ( 'NONE',  ( 0.000000000000000000, 0.000000000000000000, 1.000000000000000000 ) ) ;
#4198 = FILL_AREA_STYLE ('',( #7173 ) ) ;
#4199 = ORIENTED_EDGE ( 'NONE', *, *, #6878, .F. ) ;
#4200 = EDGE_CURVE ( 'NONE', #637, #4605, #6600, .T. ) ;
#4201 = DIRECTION ( 'NONE',  ( 0.000000000000000000, 0.000000000000000000, 1.000000000000000000 ) ) ;
#4202 = DIRECTION ( 'NONE',  ( -0.000000000000000000, 0.000000000000000000, -1.000000000000000000 ) ) ;
#4203 = ORIENTED_EDGE ( 'NONE', *, *, #8174, .T. ) ;
#4204 = CARTESIAN_POINT ( 'NONE',  ( -1.149999999999999689, 0.9699999999999999734, -1.150000000000000133 ) ) ;
#4205 = ORIENTED_EDGE ( 'NONE', *, *, #1874, .T. ) ;
#4206 = ADVANCED_FACE ( 'NONE', ( #1982 ), #4784, .F. ) ;
#4207 = PLANE ( 'NONE',  #7305 ) ;
#4208 = DIRECTION ( 'NONE',  ( 0.000000000000000000, 0.000000000000000000, -1.000000000000000000 ) ) ;
#4209 = ORIENTED_EDGE ( 'NONE', *, *, #5113, .T. ) ;
#4210 = CARTESIAN_POINT ( 'NONE',  ( 1.500000000000003331, 0.5005948168962619516, 0.9000000000000101252 ) ) ;
#4211 = ADVANCED_FACE ( 'NONE', ( #2059 ), #3440, .T. ) ;
#4212 = ADVANCED_FACE ( 'NONE', ( #4830 ), #4126, .F. ) ;
#4213 = EDGE_CURVE ( 'NONE', #1172, #2798, #6957, .T. ) ;
#4214 = FACE_OUTER_BOUND ( 'NONE', #6770, .T. ) ;
#4215 = ORIENTED_EDGE ( 'NONE', *, *, #3580, .F. ) ;
#4216 = CARTESIAN_POINT ( 'NONE',  ( 1.100000000000004974, 0.08000000000000000167, 1.430000000000000382 ) ) ;
#4217 = EDGE_CURVE ( 'NONE', #4074, #2748, #1249, .T. ) ;
#4218 = CARTESIAN_POINT ( 'NONE',  ( 1.130000000000008997, 0.000000000000000000, 0.4999999999999898415 ) ) ;
#4219 = FACE_OUTER_BOUND ( 'NONE', #6231, .T. ) ;
#4220 = EDGE_CURVE ( 'NONE', #4848, #3781, #8447, .T. ) ;
#4221 = ORIENTED_EDGE ( 'NONE', *, *, #966, .T. ) ;
#4222 = EDGE_CURVE ( 'NONE', #4458, #900, #8360, .T. ) ;
#4223 = DIRECTION ( 'NONE',  ( -1.000000000000000000, 0.000000000000000000, 0.000000000000000000 ) ) ;
#4224 = CARTESIAN_POINT ( 'NONE',  ( -1.230000000000008420, 0.000000000000000000, 1.100000000000010303 ) ) ;
#4225 = SURFACE_STYLE_FILL_AREA ( #2811 ) ;
#4226 = FILL_AREA_STYLE_COLOUR ( '', #4400 ) ;
#4227 = LINE ( 'NONE', #7106, #4704 ) ;
#4228 = DIRECTION ( 'NONE',  ( -0.000000000000000000, -1.000000000000000000, -0.000000000000000000 ) ) ;
#4229 = CARTESIAN_POINT ( 'NONE',  ( 0.3000000000000049294, 0.000000000000000000, 1.500000000000015765 ) ) ;
#4230 = ORIENTED_EDGE ( 'NONE', *, *, #8506, .T. ) ;
#4231 = VERTEX_POINT ( 'NONE', #5580 ) ;
#4232 = DIRECTION ( 'NONE',  ( -1.000000000000000000, 0.000000000000000000, 0.000000000000000000 ) ) ;
#4233 = FILL_AREA_STYLE_COLOUR ( '', #112 ) ;
#4234 = DIRECTION ( 'NONE',  ( 0.000000000000000000, 1.000000000000000000, 0.000000000000000000 ) ) ;
#4235 = SURFACE_STYLE_FILL_AREA ( #9225 ) ;
#4236 = DIRECTION ( 'NONE',  ( 0.000000000000000000, -0.000000000000000000, 1.000000000000000000 ) ) ;
#4237 = SURFACE_SIDE_STYLE ('',( #6447 ) ) ;
#4238 = VERTEX_POINT ( 'NONE', #9248 ) ;
#4239 = VERTEX_POINT ( 'NONE', #1382 ) ;
#4240 = DIRECTION ( 'NONE',  ( -0.000000000000000000, -1.000000000000000000, -0.000000000000000000 ) ) ;
#4241 =( GEOMETRIC_REPRESENTATION_CONTEXT ( 3 ) GLOBAL_UNCERTAINTY_ASSIGNED_CONTEXT ( ( #886 ) ) GLOBAL_UNIT_ASSIGNED_CONTEXT ( ( #5738, #1547, #5138 ) ) REPRESENTATION_CONTEXT ( 'NONE', 'WORKASPACE' ) );
#4242 = DIRECTION ( 'NONE',  ( 0.000000000000000000, -0.000000000000000000, 1.000000000000000000 ) ) ;
#4243 = FACE_OUTER_BOUND ( 'NONE', #5857, .T. ) ;
#4244 = VERTEX_POINT ( 'NONE', #2757 ) ;
#4245 = SURFACE_SIDE_STYLE ('',( #4952 ) ) ;
#4246 = ORIENTED_EDGE ( 'NONE', *, *, #8186, .T. ) ;
#4247 = EDGE_LOOP ( 'NONE', ( #6807, #1842, #1738, #1051 ) ) ;
#4248 =( NAMED_UNIT ( * ) PLANE_ANGLE_UNIT ( ) SI_UNIT ( $, .RADIAN. ) );
#4249 = MECHANICAL_DESIGN_GEOMETRIC_PRESENTATION_REPRESENTATION (  '', ( #3510 ), #1873 ) ;
#4250 = ORIENTED_EDGE ( 'NONE', *, *, #5059, .T. ) ;
#4251 = VECTOR ( 'NONE', #276, 1000.000000000000000 ) ;
#4252 = CARTESIAN_POINT ( 'NONE',  ( 0.3000000000000051514, 0.5005948168962619516, 1.130000000000015881 ) ) ;
#4253 = DIRECTION ( 'NONE',  ( 0.000000000000000000, 0.000000000000000000, -1.000000000000000000 ) ) ;
#4254 = EDGE_LOOP ( 'NONE', ( #282, #8421, #347, #8245 ) ) ;
#4255 = ADVANCED_FACE ( 'NONE', ( #2676 ), #2719, .T. ) ;
#4256 = PLANE ( 'NONE',  #5997 ) ;
#4257 = VECTOR ( 'NONE', #9203, 1000.000000000000000 ) ;
#4258 = CARTESIAN_POINT ( 'NONE',  ( 1.100000000000004974, -1.084202172485504434E-16, 1.430000000000000382 ) ) ;
#4259 = ORIENTED_EDGE ( 'NONE', *, *, #7050, .F. ) ;
#4260 = PRESENTATION_STYLE_ASSIGNMENT (( #2105 ) ) ;
#4261 = CARTESIAN_POINT ( 'NONE',  ( 0.3000000000000052625, 0.08000000000000000167, 1.430000000000000382 ) ) ;
#4262 = VECTOR ( 'NONE', #6050, 1000.000000000000000 ) ;
#4263 = EDGE_CURVE ( 'NONE', #7159, #8187, #7492, .T. ) ;
#4264 = LINE ( 'NONE', #5012, #4403 ) ;
#4265 = AXIS2_PLACEMENT_3D ( 'NONE', #4624, #7633, #482 ) ;
#4266 = EDGE_CURVE ( 'NONE', #6056, #850, #6235, .T. ) ;
#4267 = CARTESIAN_POINT ( 'NONE',  ( 1.130000000000008997, -0.3605551275463988459, -0.2999999999999898859 ) ) ;
#4268 = SURFACE_SIDE_STYLE ('',( #7196 ) ) ;
#4269 = DIRECTION ( 'NONE',  ( 0.000000000000000000, 0.000000000000000000, 1.000000000000000000 ) ) ;
#4270 = UNCERTAINTY_MEASURE_WITH_UNIT (LENGTH_MEASURE( 1.000000000000000082E-05 ), #4586, 'distance_accuracy_value', 'NONE');
#4271 = EDGE_CURVE ( 'NONE', #7131, #8994, #3518, .T. ) ;
#4272 = LINE ( 'NONE', #8548, #7113 ) ;
#4273 = DIRECTION ( 'NONE',  ( 0.000000000000000000, 0.000000000000000000, 1.000000000000000000 ) ) ;
#4274 = CARTESIAN_POINT ( 'NONE',  ( 1.130000000000008997, 0.08000000000000000167, -0.6999999999999899636 ) ) ;
#4275 = SURFACE_STYLE_USAGE ( .BOTH. , #621 ) ;
#4276 = DIRECTION ( 'NONE',  ( 0.000000000000000000, 0.000000000000000000, -1.000000000000000000 ) ) ;
#4277 = CARTESIAN_POINT ( 'NONE',  ( -0.6999999999999946265, 0.5005948168962619516, -1.130000000000012106 ) ) ;
#4278 = UNCERTAINTY_MEASURE_WITH_UNIT (LENGTH_MEASURE( 1.000000000000000082E-05 ), #6624, 'distance_accuracy_value', 'NONE');
#4279 = STYLED_ITEM ( 'NONE', ( #7463 ), #392 ) ;
#4280 = FACE_OUTER_BOUND ( 'NONE', #3477, .T. ) ;
#4281 = PLANE ( 'NONE',  #6572 ) ;
#4282 = FILL_AREA_STYLE ('',( #2166 ) ) ;
#4283 = VECTOR ( 'NONE', #4440, 1000.000000000000000 ) ;
#4284 = ORIENTED_EDGE ( 'NONE', *, *, #8738, .F. ) ;
#4285 = UNCERTAINTY_MEASURE_WITH_UNIT (LENGTH_MEASURE( 1.000000000000000082E-05 ), #3899, 'distance_accuracy_value', 'NONE');
#4286 = ORIENTED_EDGE ( 'NONE', *, *, #7331, .T. ) ;
#4287 = LINE ( 'NONE', #4196, #478 ) ;
#4288 = CARTESIAN_POINT ( 'NONE',  ( 0.000000000000000000, 0.08000000000000000167, 0.000000000000000000 ) ) ;
#4289 = DIRECTION ( 'NONE',  ( 1.000000000000000000, 0.000000000000000000, 0.000000000000000000 ) ) ;
#4290 = AXIS2_PLACEMENT_3D ( 'NONE', #6180, #1319, #2744 ) ;
#4291 = ORIENTED_EDGE ( 'NONE', *, *, #2659, .F. ) ;
#4292 = DIRECTION ( 'NONE',  ( 5.860552283705431852E-16, 0.000000000000000000, -1.000000000000000000 ) ) ;
#4293 = EDGE_LOOP ( 'NONE', ( #8008, #2399, #1017, #6166 ) ) ;
#4294 = ORIENTED_EDGE ( 'NONE', *, *, #5684, .F. ) ;
#4295 = ORIENTED_EDGE ( 'NONE', *, *, #8124, .T. ) ;
#4296 = VECTOR ( 'NONE', #545, 1000.000000000000000 ) ;
#4297 = ORIENTED_EDGE ( 'NONE', *, *, #1715, .F. ) ;
#4298 = DIRECTION ( 'NONE',  ( 0.000000000000000000, 0.000000000000000000, 1.000000000000000000 ) ) ;
#4299 = VECTOR ( 'NONE', #4304, 1000.000000000000000 ) ;
#4300 = LINE ( 'NONE', #2752, #4120 ) ;
#4301 = VERTEX_POINT ( 'NONE', #7059 ) ;
#4302 = CARTESIAN_POINT ( 'NONE',  ( -1.149999999999999689, 0.8699999999999998845, -1.150000000000000133 ) ) ;
#4303 = AXIS2_PLACEMENT_3D ( 'NONE', #6780, #8316, #359 ) ;
#4304 = DIRECTION ( 'NONE',  ( -1.000000000000000000, 0.000000000000000000, 0.000000000000000000 ) ) ;
#4305 = CARTESIAN_POINT ( 'NONE',  ( -1.430000000000000160, -0.3605551275463988459, 0.6999999999999899636 ) ) ;
#4306 =( NAMED_UNIT ( * ) PLANE_ANGLE_UNIT ( ) SI_UNIT ( $, .RADIAN. ) );
#4307 = VECTOR ( 'NONE', #6436, 1000.000000000000000 ) ;
#4308 = ADVANCED_FACE ( 'NONE', ( #7096 ), #9197, .T. ) ;
#4309 = EDGE_LOOP ( 'NONE', ( #1451, #407, #839, #2097 ) ) ;
#4310 = ADVANCED_FACE ( 'NONE', ( #8490 ), #684, .F. ) ;
#4311 = DIRECTION ( 'NONE',  ( 0.000000000000000000, 0.000000000000000000, -1.000000000000000000 ) ) ;
#4312 = SURFACE_STYLE_USAGE ( .BOTH. , #1469 ) ;
#4313 = ADVANCED_FACE ( 'NONE', ( #1941 ), #4612, .F. ) ;
#4314 = CARTESIAN_POINT ( 'NONE',  ( -0.8999999999999950262, 0.5005948168962619516, -1.130000000000014326 ) ) ;
#4315 = FACE_OUTER_BOUND ( 'NONE', #8571, .T. ) ;
#4316 = DIRECTION ( 'NONE',  ( 0.000000000000000000, 0.000000000000000000, -1.000000000000000000 ) ) ;
#4317 = VECTOR ( 'NONE', #3134, 1000.000000000000000 ) ;
#4318 = DIRECTION ( 'NONE',  ( -0.000000000000000000, -1.000000000000000000, -0.000000000000000000 ) ) ;
#4319 = ORIENTED_EDGE ( 'NONE', *, *, #1935, .T. ) ;
#4320 = FACE_OUTER_BOUND ( 'NONE', #2802, .T. ) ;
#4321 = ORIENTED_EDGE ( 'NONE', *, *, #1030, .T. ) ;
#4322 = EDGE_CURVE ( 'NONE', #2276, #2355, #9110, .T. ) ;
#4323 = VECTOR ( 'NONE', #703, 1000.000000000000000 ) ;
#4324 = DIRECTION ( 'NONE',  ( -1.000000000000000000, 0.000000000000000000, 0.000000000000000000 ) ) ;
#4325 = CARTESIAN_POINT ( 'NONE',  ( 0.000000000000000000, 0.08000000000000000167, 0.000000000000000000 ) ) ;
#4326 = PLANE ( 'NONE',  #477 ) ;
#4327 = VECTOR ( 'NONE', #904, 1000.000000000000000 ) ;
#4328 = EDGE_CURVE ( 'NONE', #6489, #543, #2944, .T. ) ;
#4329 = EDGE_CURVE ( 'NONE', #6824, #2028, #914, .T. ) ;
#4330 =( LENGTH_UNIT ( ) NAMED_UNIT ( * ) SI_UNIT ( .MILLI., .METRE. ) );
#4331 = EDGE_CURVE ( 'NONE', #341, #2923, #813, .T. ) ;
#4332 = ORIENTED_EDGE ( 'NONE', *, *, #2836, .T. ) ;
#4333 = ORIENTED_EDGE ( 'NONE', *, *, #2147, .F. ) ;
#4334 = VECTOR ( 'NONE', #3447, 1000.000000000000000 ) ;
#4335 = VECTOR ( 'NONE', #8677, 1000.000000000000000 ) ;
#4336 = CARTESIAN_POINT ( 'NONE',  ( -1.130000000000002780, 0.5005948168962619516, -0.09999999999998984701 ) ) ;
#4337 = FACE_OUTER_BOUND ( 'NONE', #5593, .T. ) ;
#4338 =( NAMED_UNIT ( * ) PLANE_ANGLE_UNIT ( ) SI_UNIT ( $, .RADIAN. ) );
#4339 = ORIENTED_EDGE ( 'NONE', *, *, #9154, .F. ) ;
#4340 = VECTOR ( 'NONE', #5127, 1000.000000000000000 ) ;
#4341 =( NAMED_UNIT ( * ) SI_UNIT ( $, .STERADIAN. ) SOLID_ANGLE_UNIT ( ) );
#4342 = ORIENTED_EDGE ( 'NONE', *, *, #7145, .T. ) ;
#4343 = ORIENTED_EDGE ( 'NONE', *, *, #3530, .T. ) ;
#4344 = MECHANICAL_DESIGN_GEOMETRIC_PRESENTATION_REPRESENTATION (  '', ( #6765 ), #3601 ) ;
#4345 = EDGE_LOOP ( 'NONE', ( #2571, #9240, #8594, #4390 ) ) ;
#4346 = ORIENTED_EDGE ( 'NONE', *, *, #8741, .T. ) ;
#4347 = CARTESIAN_POINT ( 'NONE',  ( -0.2999999999999947153, 0.5005948168962619516, -1.500000000000008882 ) ) ;
#4348 = ORIENTED_EDGE ( 'NONE', *, *, #7726, .F. ) ;
#4349 = LINE ( 'NONE', #1299, #4446 ) ;
#4350 = CARTESIAN_POINT ( 'NONE',  ( -0.8000000000000000444, 0.000000000000000000, 0.000000000000000000 ) ) ;
#4351 = ORIENTED_EDGE ( 'NONE', *, *, #349, .F. ) ;
#4352 = DIRECTION ( 'NONE',  ( 0.000000000000000000, 0.000000000000000000, 1.000000000000000000 ) ) ;
#4353 = CARTESIAN_POINT ( 'NONE',  ( 1.000000000000004441, 0.5005948168962619516, -1.130000000000000338 ) ) ;
#4354 = VERTEX_POINT ( 'NONE', #4966 ) ;
#4355 = CARTESIAN_POINT ( 'NONE',  ( 1.130000000000008997, 0.08000000000000000167, 0.1000000000000101225 ) ) ;
#4356 = CARTESIAN_POINT ( 'NONE',  ( -1.430000000000000160, 0.08000000000000000167, -0.2999999999999898859 ) ) ;
#4357 = CARTESIAN_POINT ( 'NONE',  ( -0.6999999999999946265, 0.000000000000000000, -1.130000000000012106 ) ) ;
#4358 =( LENGTH_UNIT ( ) NAMED_UNIT ( * ) SI_UNIT ( .MILLI., .METRE. ) );
#4359 = CARTESIAN_POINT ( 'NONE',  ( 1.130000000000010330, 0.07999999999999998779, -1.099999999999989875 ) ) ;
#4360 = LINE ( 'NONE', #8634, #6258 ) ;
#4361 = EDGE_LOOP ( 'NONE', ( #2601, #9082, #2366, #5173 ) ) ;
#4362 = EDGE_CURVE ( 'NONE', #1041, #2054, #1558, .T. ) ;
#4363 = DIRECTION ( 'NONE',  ( -0.000000000000000000, -1.000000000000000000, -0.000000000000000000 ) ) ;
#4364 = ORIENTED_EDGE ( 'NONE', *, *, #6878, .T. ) ;
#4365 = CARTESIAN_POINT ( 'NONE',  ( 1.500000000000007327, 0.07999999999999998779, -0.2999999999999899414 ) ) ;
#4366 = CARTESIAN_POINT ( 'NONE',  ( -0.9750000000000000888, 0.000000000000000000, -0.8250000000000119460 ) ) ;
#4367 = DIRECTION ( 'NONE',  ( 0.000000000000000000, 0.000000000000000000, -1.000000000000000000 ) ) ;
#4368 = DIRECTION ( 'NONE',  ( 0.000000000000000000, 0.000000000000000000, -1.000000000000000000 ) ) ;
#4369 = EDGE_CURVE ( 'NONE', #5425, #661, #4393, .T. ) ;
#4370 = ORIENTED_EDGE ( 'NONE', *, *, #9192, .T. ) ;
#4371 = VERTEX_POINT ( 'NONE', #3755 ) ;
#4372 = ADVANCED_FACE ( 'NONE', ( #5756 ), #5104, .T. ) ;
#4373 = EDGE_CURVE ( 'NONE', #8904, #5041, #3699, .T. ) ;
#4374 = LINE ( 'NONE', #7486, #3905 ) ;
#4375 = EDGE_CURVE ( 'NONE', #3577, #2739, #7191, .T. ) ;
#4376 = DIRECTION ( 'NONE',  ( 0.000000000000000000, 0.000000000000000000, -1.000000000000000000 ) ) ;
#4377 = ORIENTED_EDGE ( 'NONE', *, *, #4623, .F. ) ;
#4378 = DIRECTION ( 'NONE',  ( -0.000000000000000000, -1.000000000000000000, -0.000000000000000000 ) ) ;
#4379 = ORIENTED_EDGE ( 'NONE', *, *, #6639, .F. ) ;
#4380 = SURFACE_STYLE_FILL_AREA ( #7180 ) ;
#4381 = EDGE_CURVE ( 'NONE', #8429, #637, #1464, .T. ) ;
#4382 = VERTEX_POINT ( 'NONE', #5858 ) ;
#4383 = ORIENTED_EDGE ( 'NONE', *, *, #5559, .T. ) ;
#4384 = CARTESIAN_POINT ( 'NONE',  ( -1.130000000000008997, 0.08000000000000000167, -0.09999999999998980538 ) ) ;
#4385 = DIRECTION ( 'NONE',  ( 1.000000000000000000, 0.000000000000000000, 0.000000000000000000 ) ) ;
#4386 = ORIENTED_EDGE ( 'NONE', *, *, #588, .T. ) ;
#4387 = CARTESIAN_POINT ( 'NONE',  ( -0.9000000000000051292, -0.3605551275463988459, -1.430000000000000382 ) ) ;
#4388 = CARTESIAN_POINT ( 'NONE',  ( 1.130000000000007443, 0.07999999999999998779, -0.09999999999998984701 ) ) ;
#4389 = COLOUR_RGB ( '',1.000000000000000000, 0.8117647058823529438, 0.5019607843137254832 ) ;
#4390 = ORIENTED_EDGE ( 'NONE', *, *, #2268, .F. ) ;
#4391 = VECTOR ( 'NONE', #129, 1000.000000000000000 ) ;
#4392 = STYLED_ITEM ( 'NONE', ( #5327 ), #3395 ) ;
#4393 = LINE ( 'NONE', #5806, #1731 ) ;
#4394 = PLANE ( 'NONE',  #4444 ) ;
#4395 = EDGE_CURVE ( 'NONE', #440, #3515, #7879, .T. ) ;
#4397 = STYLED_ITEM ( 'NONE', ( #8823 ), #4552 ) ;
#4396 = LINE ( 'NONE', #777, #6519 ) ;
#4398 = PLANE ( 'NONE',  #4189 ) ;
#4399 = FACE_OUTER_BOUND ( 'NONE', #7398, .T. ) ;
#4400 = COLOUR_RGB ( '',1.000000000000000000, 1.000000000000000000, 1.000000000000000000 ) ;
#4401 = CARTESIAN_POINT ( 'NONE',  ( -1.130000000000002780, 0.000000000000000000, -0.2999999999999899414 ) ) ;
#4402 = SURFACE_STYLE_FILL_AREA ( #171 ) ;
#4403 = VECTOR ( 'NONE', #7882, 1000.000000000000000 ) ;
#4404 = CARTESIAN_POINT ( 'NONE',  ( -0.7000000000000052847, -0.3605551275463988459, -1.430000000000000382 ) ) ;
#4405 = CARTESIAN_POINT ( 'NONE',  ( 1.130000000000008997, 0.08000000000000000167, -0.4999999999999898415 ) ) ;
#4406 = LINE ( 'NONE', #3765, #2805 ) ;
#4407 = AXIS2_PLACEMENT_3D ( 'NONE', #2163, #2031, #2118 ) ;
#4408 = VERTEX_POINT ( 'NONE', #725 ) ;
#4409 = VECTOR ( 'NONE', #1394, 1000.000000000000000 ) ;
#4410 = DIRECTION ( 'NONE',  ( 1.000000000000000000, 0.000000000000000000, 0.000000000000000000 ) ) ;
#4411 = ORIENTED_EDGE ( 'NONE', *, *, #3764, .F. ) ;
#4412 = CARTESIAN_POINT ( 'NONE',  ( 0.000000000000000000, 0.1049999999999999961, 0.000000000000000000 ) ) ;
#4413 = DIRECTION ( 'NONE',  ( 0.000000000000000000, -1.000000000000000000, 0.000000000000000000 ) ) ;
#4414 = DIRECTION ( 'NONE',  ( -0.000000000000000000, -1.000000000000000000, -0.000000000000000000 ) ) ;
#4415 = FACE_OUTER_BOUND ( 'NONE', #5381, .T. ) ;
#4416 = APPLICATION_PROTOCOL_DEFINITION ( 'draft international standard', 'automotive_design', 1998, #3473 ) ;
#4417 = PLANE ( 'NONE',  #7359 ) ;
#4418 = CARTESIAN_POINT ( 'NONE',  ( 0.9000000000000051292, 0.07999999999999998779, -1.130000000000000338 ) ) ;
#4419 =( NAMED_UNIT ( * ) SI_UNIT ( $, .STERADIAN. ) SOLID_ANGLE_UNIT ( ) );
#4420 = UNCERTAINTY_MEASURE_WITH_UNIT (LENGTH_MEASURE( 1.000000000000000082E-05 ), #9179, 'distance_accuracy_value', 'NONE');
#4421 = UNCERTAINTY_MEASURE_WITH_UNIT (LENGTH_MEASURE( 1.000000000000000082E-05 ), #3139, 'distance_accuracy_value', 'NONE');
#4422 = ORIENTED_EDGE ( 'NONE', *, *, #688, .F. ) ;
#4423 = ORIENTED_EDGE ( 'NONE', *, *, #7929, .F. ) ;
#4424 = EDGE_CURVE ( 'NONE', #7704, #5440, #6423, .T. ) ;
#4425 = EDGE_CURVE ( 'NONE', #8871, #6339, #8, .T. ) ;
#4426 = CARTESIAN_POINT ( 'NONE',  ( -1.430000000000000160, 0.08000000000000000167, 0.6999999999999899636 ) ) ;
#4427 = PLANE ( 'NONE',  #3251 ) ;
#4428 = DIRECTION ( 'NONE',  ( 0.000000000000000000, 1.000000000000000000, 0.000000000000000000 ) ) ;
#4429 = VERTEX_POINT ( 'NONE', #7327 ) ;
#4430 = CARTESIAN_POINT ( 'NONE',  ( 0.7000000000000052847, 0.08000000000000000167, -1.430000000000000382 ) ) ;
#4431 = DIRECTION ( 'NONE',  ( 0.000000000000000000, -1.000000000000000000, 0.000000000000000000 ) ) ;
#4432 = ORIENTED_EDGE ( 'NONE', *, *, #7557, .F. ) ;
#4433 = ORIENTED_EDGE ( 'NONE', *, *, #7269, .F. ) ;
#4434 = ADVANCED_FACE ( 'NONE', ( #7837 ), #3767, .F. ) ;
#4435 = ORIENTED_EDGE ( 'NONE', *, *, #4161, .T. ) ;
#4436 = ORIENTED_EDGE ( 'NONE', *, *, #7720, .F. ) ;
#4437 = CARTESIAN_POINT ( 'NONE',  ( -0.7000000000000052847, 0.000000000000000000, -1.130000000000003668 ) ) ;
#4438 = CARTESIAN_POINT ( 'NONE',  ( 1.130000000000010330, 0.000000000000000000, -1.099999999999989875 ) ) ;
#4439 = ADVANCED_FACE ( 'NONE', ( #406 ), #4558, .F. ) ;
#4440 = DIRECTION ( 'NONE',  ( 0.000000000000000000, 0.000000000000000000, 1.000000000000000000 ) ) ;
#4441 = VECTOR ( 'NONE', #5696, 1000.000000000000000 ) ;
#4442 = LINE ( 'NONE', #6717, #8811 ) ;
#4443 = ORIENTED_EDGE ( 'NONE', *, *, #6284, .F. ) ;
#4444 = AXIS2_PLACEMENT_3D ( 'NONE', #7285, #2332, #8576 ) ;
#4445 = DIRECTION ( 'NONE',  ( 0.000000000000000000, 0.000000000000000000, -1.000000000000000000 ) ) ;
#4446 = VECTOR ( 'NONE', #7924, 1000.000000000000000 ) ;
#4447 = FACE_OUTER_BOUND ( 'NONE', #5990, .T. ) ;
#4448 = AXIS2_PLACEMENT_3D ( 'NONE', #7982, #5820, #1478 ) ;
#4449 =( NAMED_UNIT ( * ) PLANE_ANGLE_UNIT ( ) SI_UNIT ( $, .RADIAN. ) );
#4450 = VECTOR ( 'NONE', #1686, 1000.000000000000000 ) ;
#4451 = DIRECTION ( 'NONE',  ( 0.000000000000000000, 0.000000000000000000, 1.000000000000000000 ) ) ;
#4452 = LINE ( 'NONE', #8180, #7638 ) ;
#4453 = VECTOR ( 'NONE', #5657, 1000.000000000000000 ) ;
#4454 = DIRECTION ( 'NONE',  ( 0.000000000000000000, 0.000000000000000000, 1.000000000000000000 ) ) ;
#4455 = CARTESIAN_POINT ( 'NONE',  ( -0.09999999999999484301, 0.07999999999999998779, 1.130000000000013216 ) ) ;
#4456 = CARTESIAN_POINT ( 'NONE',  ( 0.7000000000000052847, -0.3605551275463988459, -1.130000000000003668 ) ) ;
#4457 = DIRECTION ( 'NONE',  ( 0.000000000000000000, -0.000000000000000000, 1.000000000000000000 ) ) ;
#4458 = VERTEX_POINT ( 'NONE', #8769 ) ;
#4460 = AXIS2_PLACEMENT_3D ( 'NONE', #1345, #6382, #612 ) ;
#4459 = LINE ( 'NONE', #6487, #1506 ) ;
#4461 = ORIENTED_EDGE ( 'NONE', *, *, #3921, .T. ) ;
#4462 = COLOUR_RGB ( '',1.000000000000000000, 0.8117647058823529438, 0.5019607843137254832 ) ;
#4463 = CARTESIAN_POINT ( 'NONE',  ( -1.099999999999994760, 0.000000000000000000, -1.130000000000014326 ) ) ;
#4464 = LINE ( 'NONE', #3771, #5028 ) ;
#4465 = LINE ( 'NONE', #3058, #2542 ) ;
#4466 = AXIS2_PLACEMENT_3D ( 'NONE', #4544, #7596, #4062 ) ;
#4467 = DIRECTION ( 'NONE',  ( 0.000000000000000000, 0.000000000000000000, -1.000000000000000000 ) ) ;
#4468 =( NAMED_UNIT ( * ) SI_UNIT ( $, .STERADIAN. ) SOLID_ANGLE_UNIT ( ) );
#4469 = DIRECTION ( 'NONE',  ( 0.000000000000000000, -0.000000000000000000, -1.000000000000000000 ) ) ;
#4470 = DIRECTION ( 'NONE',  ( 0.000000000000000000, -0.000000000000000000, 1.000000000000000000 ) ) ;
#4471 = ORIENTED_EDGE ( 'NONE', *, *, #6699, .F. ) ;
#4472 = ORIENTED_EDGE ( 'NONE', *, *, #7153, .F. ) ;
#4473 = CLOSED_SHELL ( 'NONE', ( #3252, #3810, #3573, #9250, #4900, #5939 ) ) ;
#4474 = VECTOR ( 'NONE', #202, 1000.000000000000000 ) ;
#4475 = DIRECTION ( 'NONE',  ( -0.000000000000000000, 0.000000000000000000, 1.000000000000000000 ) ) ;
#4476 = DIRECTION ( 'NONE',  ( -0.000000000000000000, -1.000000000000000000, -0.000000000000000000 ) ) ;
#4477 = ORIENTED_EDGE ( 'NONE', *, *, #828, .F. ) ;
#4478 = CARTESIAN_POINT ( 'NONE',  ( 1.100000000000004974, 0.08000000000000000167, -1.430000000000000382 ) ) ;
#4479 = DIRECTION ( 'NONE',  ( 0.000000000000000000, 0.000000000000000000, -1.000000000000000000 ) ) ;
#4480 = ORIENTED_EDGE ( 'NONE', *, *, #529, .F. ) ;
#4481 = ORIENTED_EDGE ( 'NONE', *, *, #5559, .F. ) ;
#4482 = FILL_AREA_STYLE_COLOUR ( '', #1572 ) ;
#4483 = COLOUR_RGB ( '',1.000000000000000000, 0.8117647058823529438, 0.5019607843137254832 ) ;
#4484 = ORIENTED_EDGE ( 'NONE', *, *, #349, .T. ) ;
#4485 = MECHANICAL_DESIGN_GEOMETRIC_PRESENTATION_REPRESENTATION (  '', ( #1811 ), #6303 ) ;
#4486 = DIRECTION ( 'NONE',  ( 0.000000000000000000, 0.000000000000000000, -1.000000000000000000 ) ) ;
#4487 = CARTESIAN_POINT ( 'NONE',  ( -0.8999999999999952482, 0.000000000000000000, 1.130000000000007221 ) ) ;
#4488 = EDGE_CURVE ( 'NONE', #2125, #106, #267, .T. ) ;
#4489 = VECTOR ( 'NONE', #1342, 1000.000000000000000 ) ;
#4490 = ORIENTED_EDGE ( 'NONE', *, *, #2029, .F. ) ;
#4491 = DIRECTION ( 'NONE',  ( 0.000000000000000000, 0.000000000000000000, 1.000000000000000000 ) ) ;
#4492 = VECTOR ( 'NONE', #2634, 1000.000000000000000 ) ;
#4493 = CARTESIAN_POINT ( 'NONE',  ( 1.130000000000006111, 0.5005948168962619516, 0.1000000000000100253 ) ) ;
#4494 = CARTESIAN_POINT ( 'NONE',  ( 1.230000000000011973, -0.3605551275463988459, 1.099999999999989875 ) ) ;
#4495 = EDGE_CURVE ( 'NONE', #8278, #6084, #3241, .T. ) ;
#4496 = CARTESIAN_POINT ( 'NONE',  ( 0.000000000000000000, 0.08000000000000000167, 0.000000000000000000 ) ) ;
#4497 = CARTESIAN_POINT ( 'NONE',  ( 0.5000000000000052180, -0.3605551275463988459, 1.130000000000003668 ) ) ;
#4498 = VECTOR ( 'NONE', #7186, 1000.000000000000000 ) ;
#4499 = EDGE_CURVE ( 'NONE', #8513, #5307, #3902, .T. ) ;
#4500 = FILL_AREA_STYLE ('',( #2479 ) ) ;
#4501 = EDGE_CURVE ( 'NONE', #5189, #812, #2538, .T. ) ;
#4502 = EDGE_CURVE ( 'NONE', #4068, #7543, #4509, .T. ) ;
#4503 = LINE ( 'NONE', #7476, #2845 ) ;
#4504 = ADVANCED_FACE ( 'NONE', ( #8277 ), #1717, .F. ) ;
#4505 = CARTESIAN_POINT ( 'NONE',  ( 0.3000000000000049294, 0.07999999999999998779, 1.500000000000015765 ) ) ;
#4506 = DIRECTION ( 'NONE',  ( 0.000000000000000000, 0.000000000000000000, 1.000000000000000000 ) ) ;
#4507 = DIRECTION ( 'NONE',  ( 0.000000000000000000, -1.000000000000000000, 0.000000000000000000 ) ) ;
#4508 = ORIENTED_EDGE ( 'NONE', *, *, #5195, .F. ) ;
#4509 = LINE ( 'NONE', #3198, #1579 ) ;
#4510 = VERTEX_POINT ( 'NONE', #3101 ) ;
#4511 = CARTESIAN_POINT ( 'NONE',  ( 0.000000000000000000, 0.08000000000000000167, 0.000000000000000000 ) ) ;
#4512 = LINE ( 'NONE', #1022, #2787 ) ;
#4513 = LINE ( 'NONE', #974, #1064 ) ;
#4514 = LINE ( 'NONE', #3773, #691 ) ;
#4515 = FACE_OUTER_BOUND ( 'NONE', #6904, .T. ) ;
#4516 = CARTESIAN_POINT ( 'NONE',  ( 1.130000000000003446, 0.07999999999999998779, 1.100000000000010303 ) ) ;
#4517 = PLANE ( 'NONE',  #7763 ) ;
#4518 = ORIENTED_EDGE ( 'NONE', *, *, #3520, .T. ) ;
#4519 = ORIENTED_EDGE ( 'NONE', *, *, #5992, .T. ) ;
#4520 = CARTESIAN_POINT ( 'NONE',  ( -0.09999999999999462097, 0.000000000000000000, -1.130000000000009219 ) ) ;
#4521 = FILL_AREA_STYLE_COLOUR ( '', #9242 ) ;
#4522 = ORIENTED_EDGE ( 'NONE', *, *, #2259, .F. ) ;
#4523 = LINE ( 'NONE', #3116, #3740 ) ;
#4524 = LINE ( 'NONE', #896, #5469 ) ;
#4525 = ORIENTED_EDGE ( 'NONE', *, *, #8558, .T. ) ;
#4526 = VERTEX_POINT ( 'NONE', #1856 ) ;
#4527 = DIRECTION ( 'NONE',  ( 1.084202172485504040E-15, 0.000000000000000000, -1.000000000000000000 ) ) ;
#4528 = SURFACE_STYLE_USAGE ( .BOTH. , #7506 ) ;
#4529 = ORIENTED_EDGE ( 'NONE', *, *, #4542, .T. ) ;
#4530 = VERTEX_POINT ( 'NONE', #362 ) ;
#4531 = DIRECTION ( 'NONE',  ( 1.000000000000000000, 0.000000000000000000, 0.000000000000000000 ) ) ;
#4532 = DIRECTION ( 'NONE',  ( 0.000000000000000000, 0.000000000000000000, 1.000000000000000000 ) ) ;
#4533 = SURFACE_STYLE_FILL_AREA ( #1697 ) ;
#4534 = PLANE ( 'NONE',  #7010 ) ;
#4535 = DIRECTION ( 'NONE',  ( -0.000000000000000000, -1.000000000000000000, -0.000000000000000000 ) ) ;
#4536 = ORIENTED_EDGE ( 'NONE', *, *, #3067, .F. ) ;
#4537 = LINE ( 'NONE', #6671, #2884 ) ;
#4538 = ORIENTED_EDGE ( 'NONE', *, *, #7666, .F. ) ;
#4539 = DIRECTION ( 'NONE',  ( 0.000000000000000000, -1.000000000000000000, 0.000000000000000000 ) ) ;
#4540 = ADVANCED_FACE ( 'NONE', ( #6733 ), #5963, .F. ) ;
#4541 = CARTESIAN_POINT ( 'NONE',  ( 1.500000000000000222, 0.9699999999999999734, 1.499999999999999778 ) ) ;
#4542 = EDGE_CURVE ( 'NONE', #4301, #7615, #6061, .T. ) ;
#4543 = DIRECTION ( 'NONE',  ( 0.000000000000000000, 1.000000000000000000, 0.000000000000000000 ) ) ;
#4544 = CARTESIAN_POINT ( 'NONE',  ( 1.100000000000004974, -0.3605551275463988459, -1.430000000000000382 ) ) ;
#4545 = VECTOR ( 'NONE', #8404, 1000.000000000000000 ) ;
#4546 = AXIS2_PLACEMENT_3D ( 'NONE', #4204, #1972, #7644 ) ;
#4547 = CARTESIAN_POINT ( 'NONE',  ( 1.130000000000007443, 0.000000000000000000, -0.09999999999998984701 ) ) ;
#4548 = ORIENTED_EDGE ( 'NONE', *, *, #6699, .T. ) ;
#4549 = DIRECTION ( 'NONE',  ( -1.000000000000000000, -0.000000000000000000, -8.673617379884027583E-16 ) ) ;
#4550 = PRESENTATION_STYLE_ASSIGNMENT (( #3152 ) ) ;
#4551 = DIRECTION ( 'NONE',  ( 0.000000000000000000, 0.000000000000000000, -1.000000000000000000 ) ) ;
#4552 = ADVANCED_FACE ( 'NONE', ( #5210 ), #1016, .T. ) ;
#4553 = COLOUR_RGB ( '',1.000000000000000000, 0.8117647058823529438, 0.5019607843137254832 ) ;
#4554 =( NAMED_UNIT ( * ) SI_UNIT ( $, .STERADIAN. ) SOLID_ANGLE_UNIT ( ) );
#4555 = COLOUR_RGB ( '',1.000000000000000000, 0.8117647058823529438, 0.5019607843137254832 ) ;
#4556 = ORIENTED_EDGE ( 'NONE', *, *, #679, .F. ) ;
#4557 = ADVANCED_FACE ( 'NONE', ( #3297 ), #605, .F. ) ;
#4558 = PLANE ( 'NONE',  #3367 ) ;
#4559 = ORIENTED_EDGE ( 'NONE', *, *, #7145, .F. ) ;
#4560 = ORIENTED_EDGE ( 'NONE', *, *, #167, .T. ) ;
#4561 = LINE ( 'NONE', #7989, #398 ) ;
#4562 = FACE_OUTER_BOUND ( 'NONE', #6074, .T. ) ;
#4563 = CARTESIAN_POINT ( 'NONE',  ( 0.5000000000000052180, -0.3605551275463988459, 1.130000000000003668 ) ) ;
#4564 = AXIS2_PLACEMENT_3D ( 'NONE', #5047, #4916, #8613 ) ;
#4565 = EDGE_CURVE ( 'NONE', #2923, #6999, #6153, .T. ) ;
#4566 = CARTESIAN_POINT ( 'NONE',  ( 1.430000000000000160, 0.08000000000000000167, -1.099999999999989875 ) ) ;
#4567 = AXIS2_PLACEMENT_3D ( 'NONE', #5267, #2208, #5073 ) ;
#4568 = DIRECTION ( 'NONE',  ( -0.000000000000000000, 1.000000000000000000, -0.000000000000000000 ) ) ;
#4569 = AXIS2_PLACEMENT_3D ( 'NONE', #3118, #4431, #1689 ) ;
#4570 = DIRECTION ( 'NONE',  ( 0.000000000000000000, 0.000000000000000000, 1.000000000000000000 ) ) ;
#4571 = ORIENTED_EDGE ( 'NONE', *, *, #6038, .F. ) ;
#4572 = EDGE_CURVE ( 'NONE', #1137, #364, #6193, .T. ) ;
#4573 = VECTOR ( 'NONE', #5660, 1000.000000000000000 ) ;
#4574 = CARTESIAN_POINT ( 'NONE',  ( 1.500000000000008882, 0.07999999999999998779, -0.6999999999999899636 ) ) ;
#4575 = ORIENTED_EDGE ( 'NONE', *, *, #4501, .T. ) ;
#4576 = DIRECTION ( 'NONE',  ( -1.000000000000000000, 0.000000000000000000, 0.000000000000000000 ) ) ;
#4577 = CARTESIAN_POINT ( 'NONE',  ( 1.000000000000004441, 0.000000000000000000, -1.130000000000000338 ) ) ;
#4578 = ORIENTED_EDGE ( 'NONE', *, *, #9277, .F. ) ;
#4579 = ORIENTED_EDGE ( 'NONE', *, *, #869, .F. ) ;
#4580 = LINE ( 'NONE', #4626, #8740 ) ;
#4581 = ORIENTED_EDGE ( 'NONE', *, *, #3427, .F. ) ;
#4582 = VERTEX_POINT ( 'NONE', #8318 ) ;
#4583 = FILL_AREA_STYLE_COLOUR ( '', #1909 ) ;
#4584 = DIRECTION ( 'NONE',  ( 0.000000000000000000, -1.000000000000000000, -0.000000000000000000 ) ) ;
#4585 = ORIENTED_EDGE ( 'NONE', *, *, #5013, .F. ) ;
#4586 =( LENGTH_UNIT ( ) NAMED_UNIT ( * ) SI_UNIT ( .MILLI., .METRE. ) );
#4587 = CARTESIAN_POINT ( 'NONE',  ( 1.130000000000010330, -0.3605551275463988459, -0.8999999999999896971 ) ) ;
#4588 = ORIENTED_EDGE ( 'NONE', *, *, #913, .F. ) ;
#4589 = FACE_OUTER_BOUND ( 'NONE', #7253, .T. ) ;
#4590 = ORIENTED_EDGE ( 'NONE', *, *, #2139, .T. ) ;
#4591 = DIRECTION ( 'NONE',  ( -1.000000000000000000, 0.000000000000000000, 0.000000000000000000 ) ) ;
#4592 = VECTOR ( 'NONE', #2916, 1000.000000000000000 ) ;
#4593 = SURFACE_STYLE_USAGE ( .BOTH. , #2288 ) ;
#4594 = VECTOR ( 'NONE', #7748, 1000.000000000000000 ) ;
#4595 = CARTESIAN_POINT ( 'NONE',  ( -1.500000000000002665, 0.000000000000000000, -0.2999999999999899414 ) ) ;
#4596 = CARTESIAN_POINT ( 'NONE',  ( -1.130000000000006777, 0.07999999999999998779, 1.100000000000010303 ) ) ;
#4597 = COLOUR_RGB ( '',1.000000000000000000, 0.8117647058823529438, 0.5019607843137254832 ) ;
#4598 = EDGE_CURVE ( 'NONE', #5850, #8872, #9015, .T. ) ;
#4599 = DIRECTION ( 'NONE',  ( 1.000000000000000000, 0.000000000000000000, -0.000000000000000000 ) ) ;
#4600 = SURFACE_STYLE_USAGE ( .BOTH. , #5158 ) ;
#4601 =( NAMED_UNIT ( * ) SI_UNIT ( $, .STERADIAN. ) SOLID_ANGLE_UNIT ( ) );
#4602 = ADVANCED_FACE ( 'NONE', ( #2632 ), #3444, .F. ) ;
#4603 = ORIENTED_EDGE ( 'NONE', *, *, #5542, .F. ) ;
#4604 =( NAMED_UNIT ( * ) PLANE_ANGLE_UNIT ( ) SI_UNIT ( $, .RADIAN. ) );
#4605 = VERTEX_POINT ( 'NONE', #5544 ) ;
#4606 = ORIENTED_EDGE ( 'NONE', *, *, #9091, .T. ) ;
#4607 = CARTESIAN_POINT ( 'NONE',  ( 1.130000000000010330, 0.5005948168962619516, -1.099999999999989875 ) ) ;
#4608 = EDGE_CURVE ( 'NONE', #4689, #5844, #1254, .T. ) ;
#4609 = FACE_OUTER_BOUND ( 'NONE', #1573, .T. ) ;
#4610 = LINE ( 'NONE', #2544, #8342 ) ;
#4611 = LINE ( 'NONE', #1074, #916 ) ;
#4612 = PLANE ( 'NONE',  #834 ) ;
#4613 = CARTESIAN_POINT ( 'NONE',  ( 1.500000000000000222, 0.000000000000000000, -0.4999999999999898415 ) ) ;
#4614 = PLANE ( 'NONE',  #1194 ) ;
#4615 = ORIENTED_EDGE ( 'NONE', *, *, #1848, .F. ) ;
#4616 = VECTOR ( 'NONE', #4135, 1000.000000000000000 ) ;
#4617 = EDGE_CURVE ( 'NONE', #716, #7159, #6923, .T. ) ;
#4618 = VECTOR ( 'NONE', #8098, 1000.000000000000000 ) ;
#4619 = EDGE_CURVE ( 'NONE', #1448, #363, #1986, .T. ) ;
#4620 = DIRECTION ( 'NONE',  ( 0.000000000000000000, 0.000000000000000000, -1.000000000000000000 ) ) ;
#4621 = PLANE ( 'NONE',  #3545 ) ;
#4622 = VECTOR ( 'NONE', #3675, 1000.000000000000000 ) ;
#4623 = EDGE_CURVE ( 'NONE', #3493, #8113, #4880, .T. ) ;
#4624 = CARTESIAN_POINT ( 'NONE',  ( 1.130000000000008997, -0.3605551275463988459, -0.09999999999998980538 ) ) ;
#4625 = VERTEX_POINT ( 'NONE', #2764 ) ;
#4626 = CARTESIAN_POINT ( 'NONE',  ( 1.100000000000004752, 0.07999999999999998779, 1.130000000000021210 ) ) ;
#4627 = ORIENTED_EDGE ( 'NONE', *, *, #579, .T. ) ;
#4628 = ADVANCED_FACE ( 'NONE', ( #5493 ), #656, .F. ) ;
#4629 = ORIENTED_EDGE ( 'NONE', *, *, #7156, .F. ) ;
#4630 = VECTOR ( 'NONE', #7325, 1000.000000000000000 ) ;
#4631 = SURFACE_SIDE_STYLE ('',( #6175 ) ) ;
#4632 = CARTESIAN_POINT ( 'NONE',  ( 0.7000000000000052847, 0.000000000000000000, -1.130000000000003668 ) ) ;
#4633 = ORIENTED_EDGE ( 'NONE', *, *, #7556, .T. ) ;
#4634 = LINE ( 'NONE', #907, #7805 ) ;
#4635 = STYLED_ITEM ( 'NONE', ( #3799 ), #153 ) ;
#4636 = COLOUR_RGB ( '',1.000000000000000000, 0.8117647058823529438, 0.5019607843137254832 ) ;
#4637 = CARTESIAN_POINT ( 'NONE',  ( 0.000000000000000000, 0.08000000000000000167, 0.000000000000000000 ) ) ;
#4638 =( NAMED_UNIT ( * ) SI_UNIT ( $, .STERADIAN. ) SOLID_ANGLE_UNIT ( ) );
#4639 = VERTEX_POINT ( 'NONE', #3488 ) ;
#4640 = ORIENTED_EDGE ( 'NONE', *, *, #353, .T. ) ;
#4641 = CARTESIAN_POINT ( 'NONE',  ( -0.2999999999999948264, -1.084202172485504434E-16, -1.130000000000003668 ) ) ;
#4642 = ORIENTED_EDGE ( 'NONE', *, *, #5987, .T. ) ;
#4643 = CARTESIAN_POINT ( 'NONE',  ( 0.3000000000000052625, -1.084202172485504434E-16, 1.430000000000000382 ) ) ;
#4644 = VECTOR ( 'NONE', #3290, 1000.000000000000000 ) ;
#4645 =( LENGTH_UNIT ( ) NAMED_UNIT ( * ) SI_UNIT ( .MILLI., .METRE. ) );
#4646 = AXIS2_PLACEMENT_3D ( 'NONE', #6294, #8497, #1255 ) ;
#4647 = CARTESIAN_POINT ( 'NONE',  ( -0.7000000000000052847, 0.08000000000000000167, -1.430000000000000382 ) ) ;
#4648 = LINE ( 'NONE', #6916, #1961 ) ;
#4649 = EDGE_LOOP ( 'NONE', ( #4435, #3124, #9235, #7744 ) ) ;
#4650 = DIRECTION ( 'NONE',  ( 0.000000000000000000, 0.000000000000000000, 1.000000000000000000 ) ) ;
#4651 = CARTESIAN_POINT ( 'NONE',  ( -0.7000000000000052847, 0.08000000000000000167, -1.430000000000000382 ) ) ;
#4652 = FILL_AREA_STYLE_COLOUR ( '', #9057 ) ;
#4653 = VECTOR ( 'NONE', #1096, 1000.000000000000000 ) ;
#4654 = ORIENTED_EDGE ( 'NONE', *, *, #669, .T. ) ;
#4655 = VERTEX_POINT ( 'NONE', #5626 ) ;
#4656 = CARTESIAN_POINT ( 'NONE',  ( -0.09999999999999473199, -0.3605551275463988459, 1.430000000000000382 ) ) ;
#4657 = SURFACE_STYLE_FILL_AREA ( #4082 ) ;
#4658 = PLANE ( 'NONE',  #421 ) ;
#4659 = DIRECTION ( 'NONE',  ( 0.000000000000000000, 1.000000000000000000, 0.000000000000000000 ) ) ;
#4660 = DIRECTION ( 'NONE',  ( -1.000000000000000000, 0.000000000000000000, 0.000000000000000000 ) ) ;
#4661 = CARTESIAN_POINT ( 'NONE',  ( -1.499999999999999778, 0.000000000000000000, 1.499999999999999778 ) ) ;
#4662 = CARTESIAN_POINT ( 'NONE',  ( -1.430000000000000160, 0.08000000000000000167, -1.099999999999989875 ) ) ;
#4663 = ORIENTED_EDGE ( 'NONE', *, *, #6330, .F. ) ;
#4664 = ORIENTED_EDGE ( 'NONE', *, *, #5091, .F. ) ;
#4665 = DIRECTION ( 'NONE',  ( -1.000000000000000000, 0.000000000000000000, 0.000000000000000000 ) ) ;
#4666 = PLANE ( 'NONE',  #1336 ) ;
#4667 = CARTESIAN_POINT ( 'NONE',  ( -1.130000000000004112, 0.5005948168962619516, 0.1000000000000100253 ) ) ;
#4668 = VERTEX_POINT ( 'NONE', #1340 ) ;
#4669 = LINE ( 'NONE', #7544, #1798 ) ;
#4671 = EDGE_LOOP ( 'NONE', ( #4333, #7825, #6129, #4508 ) ) ;
#4670 = ADVANCED_FACE ( 'NONE', ( #5450 ), #2724, .F. ) ;
#4672 = EDGE_CURVE ( 'NONE', #5796, #1406, #5585, .T. ) ;
#4673 = LINE ( 'NONE', #2466, #464 ) ;
#4674 = EDGE_CURVE ( 'NONE', #5889, #5379, #1947, .T. ) ;
#4675 = LINE ( 'NONE', #3370, #7500 ) ;
#4676 = ORIENTED_EDGE ( 'NONE', *, *, #2194, .F. ) ;
#4677 = SURFACE_STYLE_USAGE ( .BOTH. , #4109 ) ;
#4678 = ORIENTED_EDGE ( 'NONE', *, *, #2557, .T. ) ;
#4679 = LINE ( 'NONE', #5998, #279 ) ;
#4680 = DIRECTION ( 'NONE',  ( 0.000000000000000000, 0.000000000000000000, 1.000000000000000000 ) ) ;
#4681 = ORIENTED_EDGE ( 'NONE', *, *, #4898, .T. ) ;
#4682 = EDGE_CURVE ( 'NONE', #7344, #2657, #2063, .T. ) ;
#4683 = ORIENTED_EDGE ( 'NONE', *, *, #8408, .T. ) ;
#4684 = DIRECTION ( 'NONE',  ( -0.000000000000000000, -1.000000000000000000, -0.000000000000000000 ) ) ;
#4685 = ORIENTED_EDGE ( 'NONE', *, *, #4177, .F. ) ;
#4686 = ORIENTED_EDGE ( 'NONE', *, *, #95, .F. ) ;
#4687 = FILL_AREA_STYLE_COLOUR ( '', #4150 ) ;
#4688 = CARTESIAN_POINT ( 'NONE',  ( 0.9000000000000051292, -1.084202172485504434E-16, 1.130000000000000338 ) ) ;
#4689 = VERTEX_POINT ( 'NONE', #1903 ) ;
#4690 = DIRECTION ( 'NONE',  ( 1.000000000000000000, 0.000000000000000000, 0.000000000000000000 ) ) ;
#4691 = LINE ( 'NONE', #8958, #775 ) ;
#4692 = EDGE_LOOP ( 'NONE', ( #6983, #6657, #1836, #4519, #3140 ) ) ;
#4693 = EDGE_CURVE ( 'NONE', #2421, #2692, #4744, .T. ) ;
#4694 = CARTESIAN_POINT ( 'NONE',  ( -0.5000000000000052180, -0.3605551275463988459, -1.430000000000000382 ) ) ;
#4695 = DIRECTION ( 'NONE',  ( 0.000000000000000000, 1.000000000000000000, 0.000000000000000000 ) ) ;
#4696 = VERTEX_POINT ( 'NONE', #4042 ) ;
#4697 = DIRECTION ( 'NONE',  ( 0.000000000000000000, 0.000000000000000000, -1.000000000000000000 ) ) ;
#4698 = AXIS2_PLACEMENT_3D ( 'NONE', #6360, #6710, #6798 ) ;
#4699 = ORIENTED_EDGE ( 'NONE', *, *, #9087, .T. ) ;
#4700 = CARTESIAN_POINT ( 'NONE',  ( -1.100000000000004974, 0.000000000000000000, 1.430000000000000382 ) ) ;
#4701 = CARTESIAN_POINT ( 'NONE',  ( -0.8999999999999952482, 0.5005948168962619516, 1.500000000000007105 ) ) ;
#4702 = CARTESIAN_POINT ( 'NONE',  ( 1.430000000000000160, 0.08000000000000000167, -0.6999999999999899636 ) ) ;
#4703 = CARTESIAN_POINT ( 'NONE',  ( -0.9000000000000051292, 0.08000000000000000167, -1.130000000000000338 ) ) ;
#4704 = VECTOR ( 'NONE', #6381, 1000.000000000000000 ) ;
#4705 = MECHANICAL_DESIGN_GEOMETRIC_PRESENTATION_REPRESENTATION (  '', ( #3043 ), #3206 ) ;
#4706 = DIRECTION ( 'NONE',  ( 0.000000000000000000, 0.000000000000000000, -1.000000000000000000 ) ) ;
#4707 = CARTESIAN_POINT ( 'NONE',  ( 0.000000000000000000, 0.08000000000000000167, 0.000000000000000000 ) ) ;
#4708 = ORIENTED_EDGE ( 'NONE', *, *, #7083, .F. ) ;
#4709 = LINE ( 'NONE', #2504, #8980 ) ;
#4710 = AXIS2_PLACEMENT_3D ( 'NONE', #2018, #6787, #4876 ) ;
#4711 = CARTESIAN_POINT ( 'NONE',  ( -1.099999999999994760, 0.000000000000000000, -1.230000000000015747 ) ) ;
#4712 = ORIENTED_EDGE ( 'NONE', *, *, #4222, .T. ) ;
#4713 = CARTESIAN_POINT ( 'NONE',  ( 1.130000000000005000, 0.5005948168962619516, 0.7000000000000100586 ) ) ;
#4714 = LINE ( 'NONE', #483, #7034 ) ;
#4715 = ADVANCED_FACE ( 'NONE', ( #4795 ), #3343, .F. ) ;
#4716 = ORIENTED_EDGE ( 'NONE', *, *, #261, .T. ) ;
#4717 = PRESENTATION_LAYER_ASSIGNMENT (  '', '', ( #247 ) ) ;
#4718 = ADVANCED_FACE ( 'NONE', ( #2808 ), #3524, .F. ) ;
#4719 = VECTOR ( 'NONE', #1677, 1000.000000000000000 ) ;
#4720 = DIRECTION ( 'NONE',  ( -1.000000000000000000, 0.000000000000000000, 0.000000000000000000 ) ) ;
#4721 = DIRECTION ( 'NONE',  ( 1.000000000000000000, 0.000000000000000000, -0.000000000000000000 ) ) ;
#4722 = ORIENTED_EDGE ( 'NONE', *, *, #416, .F. ) ;
#4723 = EDGE_CURVE ( 'NONE', #6339, #4829, #4396, .T. ) ;
#4724 = DIRECTION ( 'NONE',  ( -5.860552283705427907E-16, 0.000000000000000000, 1.000000000000000000 ) ) ;
#4725 = CARTESIAN_POINT ( 'NONE',  ( -0.9750000000000000888, 0.1000000000000000056, -0.5750000000000119460 ) ) ;
#4726 = ORIENTED_EDGE ( 'NONE', *, *, #1887, .F. ) ;
#4727 = VERTEX_POINT ( 'NONE', #2107 ) ;
#4728 = CARTESIAN_POINT ( 'NONE',  ( 1.130000000000010330, 0.08000000000000000167, 0.8999999999999896971 ) ) ;
#4729 = ORIENTED_EDGE ( 'NONE', *, *, #283, .T. ) ;
#4730 = ORIENTED_EDGE ( 'NONE', *, *, #8418, .T. ) ;
#4731 = LINE ( 'NONE', #4165, #284 ) ;
#4732 = FACE_OUTER_BOUND ( 'NONE', #6622, .T. ) ;
#4733 = ADVANCED_FACE ( 'NONE', ( #5055 ), #5763, .F. ) ;
#4734 = ORIENTED_EDGE ( 'NONE', *, *, #8625, .F. ) ;
#4735 = PLANE ( 'NONE',  #492 ) ;
#4736 = COLOUR_RGB ( '',1.000000000000000000, 0.8117647058823529438, 0.5019607843137254832 ) ;
#4737 = EDGE_CURVE ( 'NONE', #2563, #3158, #4970, .T. ) ;
#4738 = CARTESIAN_POINT ( 'NONE',  ( 0.9000000000000051292, -1.084202172485504434E-16, -1.130000000000000338 ) ) ;
#4739 = ORIENTED_EDGE ( 'NONE', *, *, #6394, .F. ) ;
#4740 = UNCERTAINTY_MEASURE_WITH_UNIT (LENGTH_MEASURE( 1.000000000000000082E-05 ), #3782, 'distance_accuracy_value', 'NONE');
#4741 = CARTESIAN_POINT ( 'NONE',  ( 0.9000000000000051292, 0.08000000000000000167, -1.130000000000000338 ) ) ;
#4742 = CARTESIAN_POINT ( 'NONE',  ( 0.7000000000000050626, 0.5005948168962619516, 1.130000000000018767 ) ) ;
#4743 = ORIENTED_EDGE ( 'NONE', *, *, #4151, .F. ) ;
#4744 = LINE ( 'NONE', #458, #2152 ) ;
#4745 = VERTEX_POINT ( 'NONE', #7978 ) ;
#4746 = CARTESIAN_POINT ( 'NONE',  ( -0.6999999999999946265, 0.07999999999999998779, -1.130000000000012106 ) ) ;
#4747 = CARTESIAN_POINT ( 'NONE',  ( 0.3000000000000052625, 0.000000000000000000, 1.430000000000000382 ) ) ;
#4748 = FACE_OUTER_BOUND ( 'NONE', #7601, .T. ) ;
#4749 = AXIS2_PLACEMENT_3D ( 'NONE', #2876, #7962, #5786 ) ;
#4750 = VECTOR ( 'NONE', #3756, 1000.000000000000000 ) ;
#4751 = PRESENTATION_STYLE_ASSIGNMENT (( #369 ) ) ;
#4752 = DIRECTION ( 'NONE',  ( -1.000000000000000000, 0.000000000000000000, 0.000000000000000000 ) ) ;
#4753 = VECTOR ( 'NONE', #810, 1000.000000000000000 ) ;
#4754 = DIRECTION ( 'NONE',  ( -0.7071067811865414665, 0.000000000000000000, -0.7071067811865536790 ) ) ;
#4755 = ORIENTED_EDGE ( 'NONE', *, *, #1587, .T. ) ;
#4756 = LINE ( 'NONE', #6836, #5387 ) ;
#4757 = PRESENTATION_LAYER_ASSIGNMENT (  '', '', ( #5645 ) ) ;
#4758 = CARTESIAN_POINT ( 'NONE',  ( -1.499999999999999778, 0.000000000000000000, 1.499999999999999778 ) ) ;
#4759 = SURFACE_SIDE_STYLE ('',( #2001 ) ) ;
#4760 = MECHANICAL_DESIGN_GEOMETRIC_PRESENTATION_REPRESENTATION (  '', ( #8218 ), #4152 ) ;
#4761 = CARTESIAN_POINT ( 'NONE',  ( -1.130000000000006777, 0.000000000000000000, 0.9000000000000101252 ) ) ;
#4762 = VECTOR ( 'NONE', #6790, 1000.000000000000000 ) ;
#4763 = FILL_AREA_STYLE_COLOUR ( '', #9205 ) ;
#4764 = DIRECTION ( 'NONE',  ( -1.000000000000000000, 0.000000000000000000, 0.000000000000000000 ) ) ;
#4765 = ORIENTED_EDGE ( 'NONE', *, *, #6051, .T. ) ;
#4766 =( LENGTH_UNIT ( ) NAMED_UNIT ( * ) SI_UNIT ( .MILLI., .METRE. ) );
#4767 = STYLED_ITEM ( 'NONE', ( #3816 ), #3506 ) ;
#4768 =( GEOMETRIC_REPRESENTATION_CONTEXT ( 3 ) GLOBAL_UNCERTAINTY_ASSIGNED_CONTEXT ( ( #229 ) ) GLOBAL_UNIT_ASSIGNED_CONTEXT ( ( #8138, #6015, #4554 ) ) REPRESENTATION_CONTEXT ( 'NONE', 'WORKASPACE' ) );
#4769 = LINE ( 'NONE', #5516, #1796 ) ;
#4770 = LINE ( 'NONE', #1235, #6454 ) ;
#4771 = VERTEX_POINT ( 'NONE', #7101 ) ;
#4772 = FACE_OUTER_BOUND ( 'NONE', #2214, .T. ) ;
#4773 = LINE ( 'NONE', #494, #6418 ) ;
#4774 = VERTEX_POINT ( 'NONE', #2859 ) ;
#4775 = ORIENTED_EDGE ( 'NONE', *, *, #5119, .T. ) ;
#4776 = CARTESIAN_POINT ( 'NONE',  ( -1.130000000000006777, 0.07999999999999998779, 0.9000000000000101252 ) ) ;
#4777 = CARTESIAN_POINT ( 'NONE',  ( -0.4000000000000000222, 0.08000000000000000167, 0.000000000000000000 ) ) ;
#4778 = VECTOR ( 'NONE', #7158, 1000.000000000000000 ) ;
#4779 = ORIENTED_EDGE ( 'NONE', *, *, #4723, .F. ) ;
#4780 = CARTESIAN_POINT ( 'NONE',  ( 1.130000000000008997, 0.000000000000000000, -0.6999999999999899636 ) ) ;
#4781 = AXIS2_PLACEMENT_3D ( 'NONE', #2039, #2784, #4901 ) ;
#4782 = DIRECTION ( 'NONE',  ( 0.000000000000000000, 0.000000000000000000, -1.000000000000000000 ) ) ;
#4783 = VERTEX_POINT ( 'NONE', #817 ) ;
#4784 = PLANE ( 'NONE',  #5731 ) ;
#4785 = ADVANCED_FACE ( 'NONE', ( #864 ), #108, .T. ) ;
#4786 = EDGE_CURVE ( 'NONE', #351, #135, #7933, .T. ) ;
#4787 = DIRECTION ( 'NONE',  ( -0.000000000000000000, -1.000000000000000000, 0.000000000000000000 ) ) ;
#4788 = SURFACE_STYLE_USAGE ( .BOTH. , #6919 ) ;
#4789 = VECTOR ( 'NONE', #8082, 1000.000000000000000 ) ;
#4790 = EDGE_CURVE ( 'NONE', #5737, #3295, #4264, .T. ) ;
#4791 = ORIENTED_EDGE ( 'NONE', *, *, #1984, .T. ) ;
#4792 = VECTOR ( 'NONE', #4123, 1000.000000000000000 ) ;
#4793 = EDGE_CURVE ( 'NONE', #4783, #2715, #5861, .T. ) ;
#4794 = ADVANCED_FACE ( 'NONE', ( #5812 ), #3705, .F. ) ;
#4795 = FACE_OUTER_BOUND ( 'NONE', #6684, .T. ) ;
#4796 = EDGE_CURVE ( 'NONE', #4354, #7975, #5106, .T. ) ;
#4797 =( NAMED_UNIT ( * ) PLANE_ANGLE_UNIT ( ) SI_UNIT ( $, .RADIAN. ) );
#4798 = VECTOR ( 'NONE', #6148, 1000.000000000000000 ) ;
#4799 = PRESENTATION_LAYER_ASSIGNMENT (  '', '', ( #8837 ) ) ;
#4800 = FACE_OUTER_BOUND ( 'NONE', #3716, .T. ) ;
#4801 = LINE ( 'NONE', #7669, #7199 ) ;
#4802 = AXIS2_PLACEMENT_3D ( 'NONE', #2887, #5854, #8664 ) ;
#4803 = EDGE_CURVE ( 'NONE', #1082, #4668, #3041, .T. ) ;
#4804 = FACE_OUTER_BOUND ( 'NONE', #1574, .T. ) ;
#4805 = FACE_OUTER_BOUND ( 'NONE', #6126, .T. ) ;
#4806 = DIRECTION ( 'NONE',  ( 0.000000000000000000, 0.000000000000000000, -1.000000000000000000 ) ) ;
#4807 = VERTEX_POINT ( 'NONE', #5254 ) ;
#4808 = VERTEX_POINT ( 'NONE', #6814 ) ;
#4809 = CARTESIAN_POINT ( 'NONE',  ( -1.099999999999994982, 0.07999999999999998779, 1.130000000000007221 ) ) ;
#4810 = PRESENTATION_STYLE_ASSIGNMENT (( #4007 ) ) ;
#4811 =( LENGTH_UNIT ( ) NAMED_UNIT ( * ) SI_UNIT ( .MILLI., .METRE. ) );
#4812 = PLANE ( 'NONE',  #5666 ) ;
#4813 = ORIENTED_EDGE ( 'NONE', *, *, #8250, .F. ) ;
#4814 = CARTESIAN_POINT ( 'NONE',  ( 0.7000000000000052847, -0.3605551275463988459, -1.130000000000003668 ) ) ;
#4815 = DIRECTION ( 'NONE',  ( 1.000000000000000000, 0.000000000000000000, 0.000000000000000000 ) ) ;
#4816 = DIRECTION ( 'NONE',  ( 0.000000000000000000, 0.000000000000000000, 1.000000000000000000 ) ) ;
#4817 = ORIENTED_EDGE ( 'NONE', *, *, #7774, .T. ) ;
#4818 =( NAMED_UNIT ( * ) PLANE_ANGLE_UNIT ( ) SI_UNIT ( $, .RADIAN. ) );
#4819 = PRESENTATION_STYLE_ASSIGNMENT (( #3376 ) ) ;
#4820 = ORIENTED_EDGE ( 'NONE', *, *, #468, .T. ) ;
#4821 = LINE ( 'NONE', #497, #6494 ) ;
#4822 = ORIENTED_EDGE ( 'NONE', *, *, #6682, .T. ) ;
#4823 = EDGE_LOOP ( 'NONE', ( #7764, #1349, #7415, #8489, #4729, #4286, #7930, #7095, #1843, #3313, #8982, #5569, #7816, #6125, #8478, #4284, #4627, #6908, #6550, #8347, #8211, #1364, #6234, #2216, #7729, #6949, #6642, #6535 ) ) ;
#4824 = DIRECTION ( 'NONE',  ( -0.000000000000000000, -1.000000000000000000, -0.000000000000000000 ) ) ;
#4825 = CARTESIAN_POINT ( 'NONE',  ( 1.130000000000010330, 0.5005948168962619516, -0.8999999999999896971 ) ) ;
#4826 = ORIENTED_EDGE ( 'NONE', *, *, #2836, .F. ) ;
#4827 = CARTESIAN_POINT ( 'NONE',  ( 1.100000000000004752, 0.000000000000000000, 1.500000000000021094 ) ) ;
#4828 = DIRECTION ( 'NONE',  ( -0.000000000000000000, 0.000000000000000000, -1.000000000000000000 ) ) ;
#4829 = VERTEX_POINT ( 'NONE', #8810 ) ;
#4830 = FACE_OUTER_BOUND ( 'NONE', #317, .T. ) ;
#4831 = CARTESIAN_POINT ( 'NONE',  ( 0.9000000000000049072, 0.07999999999999998779, 1.130000000000021210 ) ) ;
#4832 =( LENGTH_UNIT ( ) NAMED_UNIT ( * ) SI_UNIT ( .MILLI., .METRE. ) );
#4833 = ADVANCED_FACE ( 'NONE', ( #1005 ), #6724, .F. ) ;
#4834 = ORIENTED_EDGE ( 'NONE', *, *, #1206, .T. ) ;
#4835 = EDGE_CURVE ( 'NONE', #7131, #6511, #8078, .T. ) ;
#4836 = CARTESIAN_POINT ( 'NONE',  ( -1.000000000000004441, 0.000000000000000000, 1.130000000000000338 ) ) ;
#4837 = CARTESIAN_POINT ( 'NONE',  ( -0.2999999999999950484, 0.5005948168962619516, 1.130000000000013216 ) ) ;
#4838 = LINE ( 'NONE', #6625, #5489 ) ;
#4839 = CARTESIAN_POINT ( 'NONE',  ( 1.000000000000004441, 0.08000000000000000167, -1.130000000000000338 ) ) ;
#4840 = ADVANCED_FACE ( 'NONE', ( #7332 ), #394, .F. ) ;
#4841 = LINE ( 'NONE', #3402, #8739 ) ;
#4842 = CARTESIAN_POINT ( 'NONE',  ( -1.130000000000005445, 0.5005948168962619516, 0.5000000000000099920 ) ) ;
#4843 = ADVANCED_FACE ( 'NONE', ( #3143 ), #5296, .T. ) ;
#4844 = FACE_OUTER_BOUND ( 'NONE', #6033, .T. ) ;
#4845 = VERTEX_POINT ( 'NONE', #256 ) ;
#4846 = VERTEX_POINT ( 'NONE', #5200 ) ;
#4847 = COLOUR_RGB ( '',1.000000000000000000, 0.8117647058823529438, 0.5019607843137254832 ) ;
#4848 = VERTEX_POINT ( 'NONE', #8175 ) ;
#4849 = ORIENTED_EDGE ( 'NONE', *, *, #1696, .F. ) ;
#4850 = EDGE_CURVE ( 'NONE', #4774, #7971, #3759, .T. ) ;
#4851 = LINE ( 'NONE', #8639, #2763 ) ;
#4852 = AXIS2_PLACEMENT_3D ( 'NONE', #5583, #8043, #5878 ) ;
#4853 = DIRECTION ( 'NONE',  ( -1.000000000000000000, 0.000000000000000000, 0.000000000000000000 ) ) ;
#4854 =( NAMED_UNIT ( * ) PLANE_ANGLE_UNIT ( ) SI_UNIT ( $, .RADIAN. ) );
#4855 = VECTOR ( 'NONE', #3001, 1000.000000000000000 ) ;
#4856 =( NAMED_UNIT ( * ) PLANE_ANGLE_UNIT ( ) SI_UNIT ( $, .RADIAN. ) );
#4857 = VECTOR ( 'NONE', #4184, 1000.000000000000000 ) ;
#4858 = CARTESIAN_POINT ( 'NONE',  ( 0.000000000000000000, 0.08000000000000000167, 0.000000000000000000 ) ) ;
#4859 = PLANE ( 'NONE',  #8547 ) ;
#4860 = ORIENTED_EDGE ( 'NONE', *, *, #3496, .T. ) ;
#4861 = DIRECTION ( 'NONE',  ( -0.000000000000000000, -1.000000000000000000, -0.000000000000000000 ) ) ;
#4862 = CARTESIAN_POINT ( 'NONE',  ( -1.130000000000001226, 0.5005948168962619516, -0.4999999999999898415 ) ) ;
#4863 = VERTEX_POINT ( 'NONE', #1801 ) ;
#4864 = ORIENTED_EDGE ( 'NONE', *, *, #6815, .F. ) ;
#4865 = AXIS2_PLACEMENT_3D ( 'NONE', #1706, #3796, #6007 ) ;
#4866 = EDGE_CURVE ( 'NONE', #39, #3228, #6095, .T. ) ;
#4867 = CARTESIAN_POINT ( 'NONE',  ( -0.7000000000000052847, -0.3605551275463988459, 1.430000000000000382 ) ) ;
#4868 = ORIENTED_EDGE ( 'NONE', *, *, #8463, .T. ) ;
#4869 = ORIENTED_EDGE ( 'NONE', *, *, #9104, .F. ) ;
#4870 = AXIS2_PLACEMENT_3D ( 'NONE', #8332, #527, #3411 ) ;
#4871 = LINE ( 'NONE', #9098, #7315 ) ;
#4872 = VECTOR ( 'NONE', #1833, 1000.000000000000000 ) ;
#4873 = PLANE ( 'NONE',  #1827 ) ;
#4874 = DIRECTION ( 'NONE',  ( 1.000000000000000000, -0.000000000000000000, 5.860552283705431852E-16 ) ) ;
#4875 = ORIENTED_EDGE ( 'NONE', *, *, #653, .T. ) ;
#4876 = DIRECTION ( 'NONE',  ( 0.000000000000000000, -0.000000000000000000, 1.000000000000000000 ) ) ;
#4877 = FILL_AREA_STYLE ('',( #5581 ) ) ;
#4878 = CARTESIAN_POINT ( 'NONE',  ( 1.130000000000010330, 0.07999999999999998779, -0.8999999999999896971 ) ) ;
#4879 = ORIENTED_EDGE ( 'NONE', *, *, #8720, .F. ) ;
#4880 = LINE ( 'NONE', #7705, #6674 ) ;
#4881 = FACE_OUTER_BOUND ( 'NONE', #3495, .T. ) ;
#4882 = DIRECTION ( 'NONE',  ( 1.000000000000000000, 0.000000000000000000, -0.000000000000000000 ) ) ;
#4883 = EDGE_CURVE ( 'NONE', #9284, #3930, #3190, .T. ) ;
#4884 = CARTESIAN_POINT ( 'NONE',  ( -0.09999999999999473199, -1.084202172485504434E-16, -1.430000000000000382 ) ) ;
#4885 = LINE ( 'NONE', #7070, #1422 ) ;
#4886 = CARTESIAN_POINT ( 'NONE',  ( 1.500000000000000222, 0.9699999999999999734, 1.499999999999999778 ) ) ;
#4887 = LINE ( 'NONE', #9261, #297 ) ;
#4888 = ORIENTED_EDGE ( 'NONE', *, *, #3368, .F. ) ;
#4889 = VECTOR ( 'NONE', #8143, 1000.000000000000000 ) ;
#4890 = ORIENTED_EDGE ( 'NONE', *, *, #4693, .F. ) ;
#4891 = ADVANCED_FACE ( 'NONE', ( #7520 ), #8907, .T. ) ;
#4892 = VECTOR ( 'NONE', #3822, 1000.000000000000000 ) ;
#4893 = LINE ( 'NONE', #7767, #6832 ) ;
#4894 = LINE ( 'NONE', #7769, #1296 ) ;
#4895 = VECTOR ( 'NONE', #6355, 1000.000000000000000 ) ;
#4896 = CARTESIAN_POINT ( 'NONE',  ( 0.3000000000000052625, 0.000000000000000000, 1.130000000000003668 ) ) ;
#4897 =( GEOMETRIC_REPRESENTATION_CONTEXT ( 3 ) GLOBAL_UNCERTAINTY_ASSIGNED_CONTEXT ( ( #3564 ) ) GLOBAL_UNIT_ASSIGNED_CONTEXT ( ( #8173, #6773, #5951 ) ) REPRESENTATION_CONTEXT ( 'NONE', 'WORKASPACE' ) );
#4898 = EDGE_CURVE ( 'NONE', #3930, #9263, #3334, .T. ) ;
#4899 = EDGE_CURVE ( 'NONE', #193, #3957, #2670, .T. ) ;
#4900 = ADVANCED_FACE ( 'NONE', ( #1934 ), #1847, .F. ) ;
#4901 = DIRECTION ( 'NONE',  ( -1.000000000000000000, 0.000000000000000000, -0.000000000000000000 ) ) ;
#4902 = EDGE_CURVE ( 'NONE', #302, #2514, #6951, .T. ) ;
#4903 = LINE ( 'NONE', #7863, #7008 ) ;
#4904 =( LENGTH_UNIT ( ) NAMED_UNIT ( * ) SI_UNIT ( .MILLI., .METRE. ) );
#4905 = ORIENTED_EDGE ( 'NONE', *, *, #7374, .F. ) ;
#4906 = DIRECTION ( 'NONE',  ( 0.7071067811865536790, 0.000000000000000000, -0.7071067811865414665 ) ) ;
#4907 = LINE ( 'NONE', #3467, #1057 ) ;
#4908 = ORIENTED_EDGE ( 'NONE', *, *, #4373, .F. ) ;
#4909 = EDGE_CURVE ( 'NONE', #7527, #6821, #8398, .T. ) ;
#4911 = ORIENTED_EDGE ( 'NONE', *, *, #6076, .T. ) ;
#4910 = ADVANCED_FACE ( 'NONE', ( #3286 ), #1976, .F. ) ;
#4912 = EDGE_LOOP ( 'NONE', ( #7795, #4291, #8800, #7987, #3469 ) ) ;
#4913 = LINE ( 'NONE', #8351, #5499 ) ;
#4914 = AXIS2_PLACEMENT_3D ( 'NONE', #9025, #2600, #9121 ) ;
#4915 = VECTOR ( 'NONE', #2384, 1000.000000000000000 ) ;
#4916 = DIRECTION ( 'NONE',  ( 0.000000000000000000, -1.000000000000000000, 0.000000000000000000 ) ) ;
#4917 = PLANE ( 'NONE',  #5848 ) ;
#4918 = VECTOR ( 'NONE', #8237, 1000.000000000000000 ) ;
#4919 = DIRECTION ( 'NONE',  ( 0.000000000000000000, -0.000000000000000000, -1.000000000000000000 ) ) ;
#4920 = PRESENTATION_LAYER_ASSIGNMENT (  '', '', ( #8966 ) ) ;
#4921 = CARTESIAN_POINT ( 'NONE',  ( 1.130000000000007443, 0.07999999999999998779, -0.2999999999999899414 ) ) ;
#4922 = DIRECTION ( 'NONE',  ( -1.000000000000000000, 0.000000000000000000, 0.000000000000000000 ) ) ;
#4923 = MECHANICAL_DESIGN_GEOMETRIC_PRESENTATION_REPRESENTATION (  '', ( #4028 ), #8816 ) ;
#4924 = VECTOR ( 'NONE', #6767, 1000.000000000000000 ) ;
#4925 = DIRECTION ( 'NONE',  ( 0.000000000000000000, 0.000000000000000000, -1.000000000000000000 ) ) ;
#4926 = LINE ( 'NONE', #8368, #6292 ) ;
#4927 = PRESENTATION_STYLE_ASSIGNMENT (( #7885 ) ) ;
#4928 = VECTOR ( 'NONE', #5019, 1000.000000000000000 ) ;
#4929 = MECHANICAL_DESIGN_GEOMETRIC_PRESENTATION_REPRESENTATION (  '', ( #5226 ), #7931 ) ;
#4930 = PLANE ( 'NONE',  #689 ) ;
#4931 = DIRECTION ( 'NONE',  ( 1.000000000000000000, 0.000000000000000000, 0.000000000000000000 ) ) ;
#4932 = ORIENTED_EDGE ( 'NONE', *, *, #5590, .F. ) ;
#4933 = ADVANCED_FACE ( 'NONE', ( #4732 ), #3434, .F. ) ;
#4934 = AXIS2_PLACEMENT_3D ( 'NONE', #5258, #6055, #3709 ) ;
#4935 = VERTEX_POINT ( 'NONE', #1330 ) ;
#4936 = VECTOR ( 'NONE', #4368, 1000.000000000000000 ) ;
#4937 = VECTOR ( 'NONE', #8578, 1000.000000000000000 ) ;
#4938 = DIRECTION ( 'NONE',  ( -0.000000000000000000, -1.000000000000000000, -0.000000000000000000 ) ) ;
#4939 =( NAMED_UNIT ( * ) PLANE_ANGLE_UNIT ( ) SI_UNIT ( $, .RADIAN. ) );
#4940 = LINE ( 'NONE', #4277, #9290 ) ;
#4941 = UNCERTAINTY_MEASURE_WITH_UNIT (LENGTH_MEASURE( 1.000000000000000082E-05 ), #9183, 'distance_accuracy_value', 'NONE');
#4942 = PLANE ( 'NONE',  #8226 ) ;
#4943 = CARTESIAN_POINT ( 'NONE',  ( -1.430000000000000160, -1.084202172485504434E-16, -0.8999999999999896971 ) ) ;
#4944 = ORIENTED_EDGE ( 'NONE', *, *, #6967, .T. ) ;
#4945 = ORIENTED_EDGE ( 'NONE', *, *, #1156, .T. ) ;
#4946 = VECTOR ( 'NONE', #7654, 1000.000000000000000 ) ;
#4947 = EDGE_CURVE ( 'NONE', #3636, #4408, #7564, .T. ) ;
#4948 = LINE ( 'NONE', #7910, #8249 ) ;
#4949 = FACE_OUTER_BOUND ( 'NONE', #6464, .T. ) ;
#4950 = CARTESIAN_POINT ( 'NONE',  ( 1.130000000000006111, 0.07999999999999998779, 0.3000000000000100919 ) ) ;
#4951 = ORIENTED_EDGE ( 'NONE', *, *, #2081, .F. ) ;
#4952 = SURFACE_STYLE_FILL_AREA ( #848 ) ;
#4953 = PLANE ( 'NONE',  #6127 ) ;
#4954 = VERTEX_POINT ( 'NONE', #1893 ) ;
#4955 = FILL_AREA_STYLE_COLOUR ( '', #5727 ) ;
#4956 = EDGE_CURVE ( 'NONE', #673, #8918, #8270, .T. ) ;
#4957 = ORIENTED_EDGE ( 'NONE', *, *, #7838, .F. ) ;
#4958 = VERTEX_POINT ( 'NONE', #3475 ) ;
#4959 = DIRECTION ( 'NONE',  ( -0.000000000000000000, -1.000000000000000000, -0.000000000000000000 ) ) ;
#4960 = DIRECTION ( 'NONE',  ( 0.000000000000000000, 0.000000000000000000, 1.000000000000000000 ) ) ;
#4961 = ORIENTED_EDGE ( 'NONE', *, *, #7142, .T. ) ;
#4962 = PLANE ( 'NONE',  #4802 ) ;
#4963 = EDGE_CURVE ( 'NONE', #3636, #293, #8956, .T. ) ;
#4964 = CARTESIAN_POINT ( 'NONE',  ( 1.130000000000005000, 0.5005948168962619516, 0.5000000000000099920 ) ) ;
#4965 = VERTEX_POINT ( 'NONE', #4688 ) ;
#4966 = CARTESIAN_POINT ( 'NONE',  ( 0.9000000000000049072, 0.000000000000000000, 1.130000000000021210 ) ) ;
#4967 = UNCERTAINTY_MEASURE_WITH_UNIT (LENGTH_MEASURE( 1.000000000000000082E-05 ), #4358, 'distance_accuracy_value', 'NONE');
#4968 = LINE ( 'NONE', #2758, #7471 ) ;
#4969 = ORIENTED_EDGE ( 'NONE', *, *, #4909, .T. ) ;
#4970 = LINE ( 'NONE', #7286, #841 ) ;
#4971 = FILL_AREA_STYLE_COLOUR ( '', #175 ) ;
#4972 = DIRECTION ( 'NONE',  ( 0.000000000000000000, 0.000000000000000000, 1.000000000000000000 ) ) ;
#4973 = PLANE ( 'NONE',  #3205 ) ;
#4974 = CARTESIAN_POINT ( 'NONE',  ( -1.130000000000004112, 0.000000000000000000, 0.3000000000000100919 ) ) ;
#4975 = DIRECTION ( 'NONE',  ( 0.000000000000000000, 0.000000000000000000, 1.000000000000000000 ) ) ;
#4976 = VERTEX_POINT ( 'NONE', #1150 ) ;
#4977 = LINE ( 'NONE', #6536, #8092 ) ;
#4978 = ORIENTED_EDGE ( 'NONE', *, *, #8621, .F. ) ;
#4979 = ORIENTED_EDGE ( 'NONE', *, *, #7545, .F. ) ;
#4980 = SURFACE_STYLE_FILL_AREA ( #1352 ) ;
#4981 = PRESENTATION_STYLE_ASSIGNMENT (( #2032 ) ) ;
#4982 = PRESENTATION_STYLE_ASSIGNMENT (( #27 ) ) ;
#4983 = DIRECTION ( 'NONE',  ( -0.000000000000000000, 0.000000000000000000, -1.000000000000000000 ) ) ;
#4984 = PRESENTATION_STYLE_ASSIGNMENT (( #6346 ) ) ;
#4985 = LINE ( 'NONE', #709, #5546 ) ;
#4986 = ORIENTED_EDGE ( 'NONE', *, *, #6678, .T. ) ;
#4987 = DIRECTION ( 'NONE',  ( 1.000000000000000000, 0.000000000000000000, -0.000000000000000000 ) ) ;
#4988 = VECTOR ( 'NONE', #8481, 1000.000000000000000 ) ;
#4989 = PLANE ( 'NONE',  #6096 ) ;
#4990 = ORIENTED_EDGE ( 'NONE', *, *, #6762, .T. ) ;
#4991 = CARTESIAN_POINT ( 'NONE',  ( -1.099999999999994760, 0.07999999999999998779, -1.230000000000015747 ) ) ;
#4992 = EDGE_CURVE ( 'NONE', #2297, #4074, #546, .T. ) ;
#4993 = EDGE_CURVE ( 'NONE', #8200, #3, #6144, .T. ) ;
#4994 = AXIS2_PLACEMENT_3D ( 'NONE', #8197, #5271, #5319 ) ;
#4995 = ORIENTED_EDGE ( 'NONE', *, *, #8254, .T. ) ;
#4996 = VERTEX_POINT ( 'NONE', #8309 ) ;
#4997 = VECTOR ( 'NONE', #2338, 1000.000000000000000 ) ;
#4998 = PLANE ( 'NONE',  #2668 ) ;
#4999 = CARTESIAN_POINT ( 'NONE',  ( -1.130000000000001226, 0.07999999999999998779, -0.6999999999999899636 ) ) ;
#5000 = EDGE_CURVE ( 'NONE', #4639, #2054, #4029, .T. ) ;
#5001 = ORIENTED_EDGE ( 'NONE', *, *, #4796, .F. ) ;
#5002 = CARTESIAN_POINT ( 'NONE',  ( 1.500000000000000222, 0.9699999999999999734, 1.499999999999999778 ) ) ;
#5003 = VECTOR ( 'NONE', #510, 1000.000000000000000 ) ;
#5004 = CARTESIAN_POINT ( 'NONE',  ( 1.500000000000007105, 0.5005948168962619516, -0.09999999999998984701 ) ) ;
#5005 = DIRECTION ( 'NONE',  ( 0.000000000000000000, 0.000000000000000000, 1.000000000000000000 ) ) ;
#5006 = VERTEX_POINT ( 'NONE', #5799 ) ;
#5007 = DIRECTION ( 'NONE',  ( -1.000000000000000000, 0.000000000000000000, 0.000000000000000000 ) ) ;
#5008 = DIRECTION ( 'NONE',  ( 5.860552283705431852E-16, 0.000000000000000000, -1.000000000000000000 ) ) ;
#5009 = EDGE_CURVE ( 'NONE', #7975, #6252, #2850, .T. ) ;
#5010 = STYLED_ITEM ( 'NONE', ( #8127 ), #4840 ) ;
#5011 = EDGE_LOOP ( 'NONE', ( #3185, #2281, #6036, #4932 ) ) ;
#5012 = CARTESIAN_POINT ( 'NONE',  ( -0.9750000000000000888, 0.4535533905932740972, -0.8250000000000119460 ) ) ;
#5013 = EDGE_CURVE ( 'NONE', #7280, #351, #5620, .T. ) ;
#5014 = ADVANCED_FACE ( 'NONE', ( #9243 ), #2230, .F. ) ;
#5015 = LINE ( 'NONE', #2289, #4937 ) ;
#5016 = FILL_AREA_STYLE_COLOUR ( '', #8466 ) ;
#5017 = ADVANCED_FACE ( 'NONE', ( #7134 ), #8570, .F. ) ;
#5018 = UNCERTAINTY_MEASURE_WITH_UNIT (LENGTH_MEASURE( 1.000000000000000082E-05 ), #238, 'distance_accuracy_value', 'NONE');
#5019 = DIRECTION ( 'NONE',  ( 0.000000000000000000, 0.000000000000000000, 1.000000000000000000 ) ) ;
#5020 = CARTESIAN_POINT ( 'NONE',  ( 0.9000000000000049072, 0.000000000000000000, 1.130000000000021210 ) ) ;
#5021 = CARTESIAN_POINT ( 'NONE',  ( -1.149999999999999689, 0.8699999999999998845, -1.150000000000000133 ) ) ;
#5022 = LINE ( 'NONE', #8464, #3267 ) ;
#5023 = DIRECTION ( 'NONE',  ( 0.000000000000000000, 0.000000000000000000, -1.000000000000000000 ) ) ;
#5024 = FACE_OUTER_BOUND ( 'NONE', #4117, .T. ) ;
#5025 = LINE ( 'NONE', #5778, #2068 ) ;
#5026 = CARTESIAN_POINT ( 'NONE',  ( -1.129999999999999893, 0.000000000000000000, -0.8999999999999896971 ) ) ;
#5027 = CARTESIAN_POINT ( 'NONE',  ( 1.130000000000007443, 0.000000000000000000, -0.2999999999999899414 ) ) ;
#5028 = VECTOR ( 'NONE', #8690, 1000.000000000000000 ) ;
#5029 = ORIENTED_EDGE ( 'NONE', *, *, #7834, .F. ) ;
#5030 = UNCERTAINTY_MEASURE_WITH_UNIT (LENGTH_MEASURE( 1.000000000000000082E-05 ), #690, 'distance_accuracy_value', 'NONE');
#5031 = EDGE_LOOP ( 'NONE', ( #5148, #4712, #5612, #3029 ) ) ;
#5032 = AXIS2_PLACEMENT_3D ( 'NONE', #8700, #5323, #7451 ) ;
#5033 = LINE ( 'NONE', #9181, #2993 ) ;
#5034 = CARTESIAN_POINT ( 'NONE',  ( 0.1000000000000051958, -0.3605551275463988459, -1.130000000000003668 ) ) ;
#5035 = PRESENTATION_STYLE_ASSIGNMENT (( #757 ) ) ;
#5036 = AXIS2_PLACEMENT_3D ( 'NONE', #1403, #759, #5734 ) ;
#5037 = ORIENTED_EDGE ( 'NONE', *, *, #5474, .T. ) ;
#5038 = CARTESIAN_POINT ( 'NONE',  ( 1.130000000000006111, 0.000000000000000000, 0.1000000000000100253 ) ) ;
#5039 = CARTESIAN_POINT ( 'NONE',  ( -1.130000000000005445, 0.000000000000000000, 0.7000000000000100586 ) ) ;
#5040 = ORIENTED_EDGE ( 'NONE', *, *, #1992, .T. ) ;
#5041 = VERTEX_POINT ( 'NONE', #6469 ) ;
#5042 = VECTOR ( 'NONE', #727, 1000.000000000000000 ) ;
#5043 = ORIENTED_EDGE ( 'NONE', *, *, #4898, .F. ) ;
#5044 = CARTESIAN_POINT ( 'NONE',  ( -1.149999999999999689, 0.5164466094067252655, -1.150000000000000133 ) ) ;
#5045 = VECTOR ( 'NONE', #946, 1000.000000000000000 ) ;
#5046 = VECTOR ( 'NONE', #4527, 1000.000000000000000 ) ;
#5047 = CARTESIAN_POINT ( 'NONE',  ( 0.000000000000000000, 0.000000000000000000, 0.000000000000000000 ) ) ;
#5048 = FACE_OUTER_BOUND ( 'NONE', #3972, .T. ) ;
#5049 = DIRECTION ( 'NONE',  ( 0.000000000000000000, 0.000000000000000000, 1.000000000000000000 ) ) ;
#5050 = DIRECTION ( 'NONE',  ( 0.000000000000000000, 0.000000000000000000, -1.000000000000000000 ) ) ;
#5051 = ORIENTED_EDGE ( 'NONE', *, *, #5124, .F. ) ;
#5052 = AXIS2_PLACEMENT_3D ( 'NONE', #2582, #8308, #7182 ) ;
#5053 = DIRECTION ( 'NONE',  ( 0.000000000000000000, 0.000000000000000000, 1.000000000000000000 ) ) ;
#5054 = ORIENTED_EDGE ( 'NONE', *, *, #2931, .T. ) ;
#5055 = FACE_OUTER_BOUND ( 'NONE', #3831, .T. ) ;
#5056 = CARTESIAN_POINT ( 'NONE',  ( -0.5000000000000052180, -0.3605551275463988459, -1.130000000000003668 ) ) ;
#5057 = EDGE_CURVE ( 'NONE', #640, #7684, #1551, .T. ) ;
#5058 = LINE ( 'NONE', #4357, #2841 ) ;
#5059 = EDGE_CURVE ( 'NONE', #3737, #1747, #2134, .T. ) ;
#5060 = SURFACE_STYLE_USAGE ( .BOTH. , #1668 ) ;
#5061 = DIRECTION ( 'NONE',  ( 1.000000000000000000, 0.000000000000000000, 0.000000000000000000 ) ) ;
#5062 = ADVANCED_FACE ( 'NONE', ( #48 ), #2885, .T. ) ;
#5063 = VECTOR ( 'NONE', #4680, 1000.000000000000000 ) ;
#5064 = EDGE_CURVE ( 'NONE', #2514, #440, #7871, .T. ) ;
#5065 = DIRECTION ( 'NONE',  ( 0.000000000000000000, 0.000000000000000000, -1.000000000000000000 ) ) ;
#5066 = VERTEX_POINT ( 'NONE', #7790 ) ;
#5067 = EDGE_CURVE ( 'NONE', #2560, #8880, #856, .T. ) ;
#5068 = CARTESIAN_POINT ( 'NONE',  ( -1.149999999999999689, 0.8699999999999998845, -1.150000000000000133 ) ) ;
#5069 = ORIENTED_EDGE ( 'NONE', *, *, #2713, .T. ) ;
#5070 = ORIENTED_EDGE ( 'NONE', *, *, #6575, .F. ) ;
#5071 = AXIS2_PLACEMENT_3D ( 'NONE', #7384, #6482, #5110 ) ;
#5072 = VECTOR ( 'NONE', #2820, 1000.000000000000000 ) ;
#5073 = DIRECTION ( 'NONE',  ( 5.860552283705431852E-16, 0.000000000000000000, -1.000000000000000000 ) ) ;
#5074 =( NAMED_UNIT ( * ) SI_UNIT ( $, .STERADIAN. ) SOLID_ANGLE_UNIT ( ) );
#5075 = DIRECTION ( 'NONE',  ( 0.000000000000000000, 0.000000000000000000, 1.000000000000000000 ) ) ;
#5076 = EDGE_CURVE ( 'NONE', #31, #268, #720, .T. ) ;
#5077 = SURFACE_STYLE_FILL_AREA ( #8044 ) ;
#5078 = LINE ( 'NONE', #3063, #8651 ) ;
#5079 = LINE ( 'NONE', #7250, #6295 ) ;
#5080 = UNCERTAINTY_MEASURE_WITH_UNIT (LENGTH_MEASURE( 1.000000000000000082E-05 ), #8591, 'distance_accuracy_value', 'NONE');
#5081 = ORIENTED_EDGE ( 'NONE', *, *, #2759, .F. ) ;
#5082 = ORIENTED_EDGE ( 'NONE', *, *, #6283, .F. ) ;
#5083 =( GEOMETRIC_REPRESENTATION_CONTEXT ( 3 ) GLOBAL_UNCERTAINTY_ASSIGNED_CONTEXT ( ( #2120 ) ) GLOBAL_UNIT_ASSIGNED_CONTEXT ( ( #5862, #7333, #9256 ) ) REPRESENTATION_CONTEXT ( 'NONE', 'WORKASPACE' ) );
#5084 = CARTESIAN_POINT ( 'NONE',  ( 1.130000000000005000, 0.5005948168962619516, 0.7000000000000100586 ) ) ;
#5085 = CARTESIAN_POINT ( 'NONE',  ( -0.9000000000000051292, 0.000000000000000000, 1.430000000000000382 ) ) ;
#5086 = CARTESIAN_POINT ( 'NONE',  ( -1.500000000000002665, 0.07999999999999998779, -0.2999999999999899414 ) ) ;
#5087 = VERTEX_POINT ( 'NONE', #2797 ) ;
#5088 = FACE_OUTER_BOUND ( 'NONE', #7303, .T. ) ;
#5089 = CARTESIAN_POINT ( 'NONE',  ( 0.3000000000000052625, 0.000000000000000000, 1.130000000000003668 ) ) ;
#5090 = ORIENTED_EDGE ( 'NONE', *, *, #8720, .T. ) ;
#5091 = EDGE_CURVE ( 'NONE', #3733, #1487, #4300, .T. ) ;
#5092 = PRESENTATION_LAYER_ASSIGNMENT (  '', '', ( #9153 ) ) ;
#5093 =( NAMED_UNIT ( * ) PLANE_ANGLE_UNIT ( ) SI_UNIT ( $, .RADIAN. ) );
#5094 = ORIENTED_EDGE ( 'NONE', *, *, #730, .F. ) ;
#5095 = ORIENTED_EDGE ( 'NONE', *, *, #1408, .F. ) ;
#5096 = LINE ( 'NONE', #1550, #8971 ) ;
#5097 = CARTESIAN_POINT ( 'NONE',  ( -0.2999999999999948264, -0.3605551275463988459, 1.130000000000003668 ) ) ;
#5098 = ORIENTED_EDGE ( 'NONE', *, *, #8195, .F. ) ;
#5099 = VECTOR ( 'NONE', #8115, 1000.000000000000000 ) ;
#5100 = DIRECTION ( 'NONE',  ( -1.000000000000000000, 0.000000000000000000, 0.000000000000000000 ) ) ;
#5101 = CARTESIAN_POINT ( 'NONE',  ( 0.1000000000000051958, 0.08000000000000000167, 1.130000000000003668 ) ) ;
#5102 = CARTESIAN_POINT ( 'NONE',  ( -1.130000000000004112, 0.07999999999999998779, 0.3000000000000100919 ) ) ;
#5103 = EDGE_LOOP ( 'NONE', ( #7265, #4221, #3407, #3236 ) ) ;
#5104 = PLANE ( 'NONE',  #7575 ) ;
#5105 = CARTESIAN_POINT ( 'NONE',  ( 1.430000000000000160, -1.084202172485504434E-16, -0.8999999999999896971 ) ) ;
#5106 = LINE ( 'NONE', #1560, #7128 ) ;
#5107 = CARTESIAN_POINT ( 'NONE',  ( 1.100000000000004974, -0.3605551275463988459, 1.430000000000000382 ) ) ;
#5108 = PLANE ( 'NONE',  #4934 ) ;
#5109 = EDGE_CURVE ( 'NONE', #6132, #5117, #1301, .T. ) ;
#5110 = DIRECTION ( 'NONE',  ( 0.000000000000000000, 0.000000000000000000, 1.000000000000000000 ) ) ;
#5111 = DIRECTION ( 'NONE',  ( 0.000000000000000000, 0.000000000000000000, -1.000000000000000000 ) ) ;
#5112 = DIRECTION ( 'NONE',  ( -0.7071067811865414665, -0.000000000000000000, -0.7071067811865536790 ) ) ;
#5113 = EDGE_CURVE ( 'NONE', #2297, #5789, #3557, .T. ) ;
#5114 = DIRECTION ( 'NONE',  ( 0.000000000000000000, 0.000000000000000000, 1.000000000000000000 ) ) ;
#5115 = ORIENTED_EDGE ( 'NONE', *, *, #83, .F. ) ;
#5116 = DIRECTION ( 'NONE',  ( 0.000000000000000000, 0.000000000000000000, 1.000000000000000000 ) ) ;
#5117 = VERTEX_POINT ( 'NONE', #7829 ) ;
#5118 = ORIENTED_EDGE ( 'NONE', *, *, #5308, .F. ) ;
#5119 = EDGE_CURVE ( 'NONE', #1113, #8200, #678, .T. ) ;
#5120 = LINE ( 'NONE', #7348, #6524 ) ;
#5121 = DIRECTION ( 'NONE',  ( 0.000000000000000000, 1.000000000000000000, 0.000000000000000000 ) ) ;
#5122 = FACE_OUTER_BOUND ( 'NONE', #4169, .T. ) ;
#5123 = DIRECTION ( 'NONE',  ( 0.000000000000000000, -1.000000000000000000, 0.000000000000000000 ) ) ;
#5124 = EDGE_CURVE ( 'NONE', #5826, #3820, #7920, .T. ) ;
#5125 = CARTESIAN_POINT ( 'NONE',  ( 1.130000000000005000, 0.000000000000000000, 0.5000000000000099920 ) ) ;
#5126 = DIRECTION ( 'NONE',  ( -1.000000000000000000, 0.000000000000000000, 0.000000000000000000 ) ) ;
#5127 = DIRECTION ( 'NONE',  ( -0.7071067811865521247, -0.000000000000000000, 0.7071067811865430208 ) ) ;
#5128 = EDGE_LOOP ( 'NONE', ( #6546, #6995, #1305, #8646 ) ) ;
#5129 = ORIENTED_EDGE ( 'NONE', *, *, #8128, .T. ) ;
#5130 = EDGE_CURVE ( 'NONE', #3065, #5447, #7229, .T. ) ;
#5131 = DIRECTION ( 'NONE',  ( 0.000000000000000000, -1.000000000000000000, -0.000000000000000000 ) ) ;
#5132 = DIRECTION ( 'NONE',  ( 1.000000000000000000, 0.000000000000000000, 0.000000000000000000 ) ) ;
#5133 = DIRECTION ( 'NONE',  ( -1.000000000000000000, 0.000000000000000000, 0.000000000000000000 ) ) ;
#5134 = ORIENTED_EDGE ( 'NONE', *, *, #4899, .F. ) ;
#5135 = CARTESIAN_POINT ( 'NONE',  ( 0.3000000000000051514, 0.07999999999999998779, 1.130000000000015881 ) ) ;
#5136 = CARTESIAN_POINT ( 'NONE',  ( 1.430000000000000160, 0.08000000000000000167, -0.2999999999999898859 ) ) ;
#5137 = ORIENTED_EDGE ( 'NONE', *, *, #8261, .T. ) ;
#5138 =( NAMED_UNIT ( * ) SI_UNIT ( $, .STERADIAN. ) SOLID_ANGLE_UNIT ( ) );
#5139 = ORIENTED_EDGE ( 'NONE', *, *, #1312, .T. ) ;
#5140 = ORIENTED_EDGE ( 'NONE', *, *, #6448, .T. ) ;
#5141 = LINE ( 'NONE', #2372, #2778 ) ;
#5142 = MECHANICAL_DESIGN_GEOMETRIC_PRESENTATION_REPRESENTATION (  '', ( #1417 ), #8734 ) ;
#5143 = PLANE ( 'NONE',  #2703 ) ;
#5144 = ADVANCED_FACE ( 'NONE', ( #3645 ), #8533, .F. ) ;
#5145 = LINE ( 'NONE', #3695, #4283 ) ;
#5146 = PLANE ( 'NONE',  #1656 ) ;
#5147 = AXIS2_PLACEMENT_3D ( 'NONE', #3775, #6205, #3910 ) ;
#5148 = ORIENTED_EDGE ( 'NONE', *, *, #5706, .T. ) ;
#5149 = VECTOR ( 'NONE', #1063, 1000.000000000000000 ) ;
#5150 = DIRECTION ( 'NONE',  ( 1.000000000000000000, 0.000000000000000000, 0.000000000000000000 ) ) ;
#5151 = CARTESIAN_POINT ( 'NONE',  ( -1.129999999999999893, 0.5005948168962619516, -1.099999999999989875 ) ) ;
#5153 =( GEOMETRIC_REPRESENTATION_CONTEXT ( 3 ) GLOBAL_UNCERTAINTY_ASSIGNED_CONTEXT ( ( #5782 ) ) GLOBAL_UNIT_ASSIGNED_CONTEXT ( ( #2146, #4306, #7235 ) ) REPRESENTATION_CONTEXT ( 'NONE', 'WORKASPACE' ) );
#5152 = DIRECTION ( 'NONE',  ( -1.000000000000000000, -0.000000000000000000, -0.000000000000000000 ) ) ;
#5154 = STYLED_ITEM ( 'NONE', ( #8081 ), #322 ) ;
#5155 = CARTESIAN_POINT ( 'NONE',  ( -0.7249999999999998668, 0.09999999999999999167, -0.5750000000000117240 ) ) ;
#5156 = LINE ( 'NONE', #4314, #3738 ) ;
#5157 = VECTOR ( 'NONE', #6367, 1000.000000000000000 ) ;
#5158 = SURFACE_SIDE_STYLE ('',( #2292 ) ) ;
#5159 = FACE_OUTER_BOUND ( 'NONE', #8443, .T. ) ;
#5160 = VECTOR ( 'NONE', #6170, 1000.000000000000000 ) ;
#5161 = ORIENTED_EDGE ( 'NONE', *, *, #4899, .T. ) ;
#5162 = VECTOR ( 'NONE', #5424, 1000.000000000000000 ) ;
#5163 = ORIENTED_EDGE ( 'NONE', *, *, #4617, .F. ) ;
#5164 = CARTESIAN_POINT ( 'NONE',  ( 0.3000000000000051514, 0.000000000000000000, 1.130000000000015881 ) ) ;
#5165 = DIRECTION ( 'NONE',  ( 0.7071067811865536790, 0.000000000000000000, -0.7071067811865414665 ) ) ;
#5166 = CARTESIAN_POINT ( 'NONE',  ( -1.499999999999999778, 0.9699999999999999734, -1.500000000000000222 ) ) ;
#5167 = MECHANICAL_DESIGN_GEOMETRIC_PRESENTATION_REPRESENTATION (  '', ( #3977 ), #1160 ) ;
#5168 = DIRECTION ( 'NONE',  ( -0.000000000000000000, -0.000000000000000000, -1.000000000000000000 ) ) ;
#5169 = DIRECTION ( 'NONE',  ( 0.000000000000000000, 0.000000000000000000, 1.000000000000000000 ) ) ;
#5170 = LINE ( 'NONE', #6649, #4618 ) ;
#5171 = UNCERTAINTY_MEASURE_WITH_UNIT (LENGTH_MEASURE( 1.000000000000000082E-05 ), #6754, 'distance_accuracy_value', 'NONE');
#5172 = EDGE_LOOP ( 'NONE', ( #7118, #6384, #8440, #3511 ) ) ;
#5173 = ORIENTED_EDGE ( 'NONE', *, *, #5185, .F. ) ;
#5174 = EDGE_CURVE ( 'NONE', #8918, #7527, #997, .T. ) ;
#5175 = PRESENTATION_LAYER_ASSIGNMENT (  '', '', ( #2638 ) ) ;
#5176 = ADVANCED_FACE ( 'NONE', ( #3788 ), #1741, .F. ) ;
#5177 = DIRECTION ( 'NONE',  ( 1.000000000000000000, 0.000000000000000000, -0.000000000000000000 ) ) ;
#5178 = FACE_OUTER_BOUND ( 'NONE', #806, .T. ) ;
#5179 = PLANE ( 'NONE',  #399 ) ;
#5180 = VECTOR ( 'NONE', #668, 1000.000000000000000 ) ;
#5181 = VERTEX_POINT ( 'NONE', #8709 ) ;
#5182 = VERTEX_POINT ( 'NONE', #1694 ) ;
#5183 = EDGE_CURVE ( 'NONE', #8061, #3119, #3690, .T. ) ;
#5184 = EDGE_CURVE ( 'NONE', #7966, #8365, #2995, .T. ) ;
#5185 = EDGE_CURVE ( 'NONE', #5810, #7817, #6663, .T. ) ;
#5186 = ADVANCED_FACE ( 'NONE', ( #2280 ), #198, .F. ) ;
#5187 = VECTOR ( 'NONE', #6927, 1000.000000000000000 ) ;
#5188 = PRESENTATION_STYLE_ASSIGNMENT (( #5852 ) ) ;
#5189 = VERTEX_POINT ( 'NONE', #6562 ) ;
#5190 = DIRECTION ( 'NONE',  ( 0.000000000000000000, 0.000000000000000000, -1.000000000000000000 ) ) ;
#5191 = CARTESIAN_POINT ( 'NONE',  ( -0.4999999999999946154, 0.07999999999999998779, -1.130000000000012106 ) ) ;
#5192 = VECTOR ( 'NONE', #8560, 1000.000000000000000 ) ;
#5193 = LINE ( 'NONE', #1556, #3880 ) ;
#5194 = EDGE_LOOP ( 'NONE', ( #3768, #5941, #1065, #4538 ) ) ;
#5195 = EDGE_CURVE ( 'NONE', #7485, #6557, #5943, .T. ) ;
#5196 = VECTOR ( 'NONE', #5573, 1000.000000000000000 ) ;
#5197 = CARTESIAN_POINT ( 'NONE',  ( -0.09999999999999484301, 0.000000000000000000, 1.130000000000013216 ) ) ;
#5198 = VECTOR ( 'NONE', #5519, 1000.000000000000000 ) ;
#5199 = MECHANICAL_DESIGN_GEOMETRIC_PRESENTATION_REPRESENTATION (  '', ( #5645 ), #1629 ) ;
#5200 = CARTESIAN_POINT ( 'NONE',  ( 0.1000000000000051958, 0.08000000000000000167, 1.430000000000000382 ) ) ;
#5201 = CARTESIAN_POINT ( 'NONE',  ( 1.130000000000008997, -0.3605551275463988459, -0.4999999999999898415 ) ) ;
#5202 = VECTOR ( 'NONE', #2559, 1000.000000000000000 ) ;
#5203 = LINE ( 'NONE', #8132, #6064 ) ;
#5204 = CARTESIAN_POINT ( 'NONE',  ( 1.500000000000004663, 0.5005948168962619516, 0.7000000000000100586 ) ) ;
#5205 = CARTESIAN_POINT ( 'NONE',  ( 1.430000000000000160, 0.08000000000000000167, -0.8999999999999896971 ) ) ;
#5206 = DIRECTION ( 'NONE',  ( 0.000000000000000000, 0.000000000000000000, 1.000000000000000000 ) ) ;
#5207 = FACE_OUTER_BOUND ( 'NONE', #5912, .T. ) ;
#5208 = CARTESIAN_POINT ( 'NONE',  ( -1.430000000000000160, 0.08000000000000000167, -0.4999999999999898415 ) ) ;
#5209 = ORIENTED_EDGE ( 'NONE', *, *, #8014, .T. ) ;
#5211 = VECTOR ( 'NONE', #7107, 1000.000000000000000 ) ;
#5210 = FACE_OUTER_BOUND ( 'NONE', #9292, .T. ) ;
#5212 =( GEOMETRIC_REPRESENTATION_CONTEXT ( 3 ) GLOBAL_UNCERTAINTY_ASSIGNED_CONTEXT ( ( #1633 ) ) GLOBAL_UNIT_ASSIGNED_CONTEXT ( ( #7029, #3460, #6397 ) ) REPRESENTATION_CONTEXT ( 'NONE', 'WORKASPACE' ) );
#5213 = ORIENTED_EDGE ( 'NONE', *, *, #45, .F. ) ;
#5214 = LINE ( 'NONE', #4463, #7724 ) ;
#5215 = DIRECTION ( 'NONE',  ( 0.000000000000000000, 0.000000000000000000, -1.000000000000000000 ) ) ;
#5216 = DIRECTION ( 'NONE',  ( 1.000000000000000000, 0.000000000000000000, -0.000000000000000000 ) ) ;
#5217 = PRESENTATION_LAYER_ASSIGNMENT (  '', '', ( #9278 ) ) ;
#5218 = STYLED_ITEM ( 'NONE', ( #1115 ), #1262 ) ;
#5219 = LINE ( 'NONE', #6692, #7115 ) ;
#5220 = PRESENTATION_LAYER_ASSIGNMENT (  '', '', ( #6890 ) ) ;
#5221 = LINE ( 'NONE', #131, #6886 ) ;
#5222 = FACE_OUTER_BOUND ( 'NONE', #3500, .T. ) ;
#5224 = CARTESIAN_POINT ( 'NONE',  ( 1.130000000000008997, 0.07999999999999998779, -0.6999999999999899636 ) ) ;
#5223 = PRODUCT_RELATED_PRODUCT_CATEGORY ( 'part', '', ( #2522 ) ) ;
#5225 = MECHANICAL_DESIGN_GEOMETRIC_PRESENTATION_REPRESENTATION (  '', ( #6425 ), #8083 ) ;
#5226 = STYLED_ITEM ( 'NONE', ( #4982 ), #7766 ) ;
#5227 = CARTESIAN_POINT ( 'NONE',  ( -1.130000000000002780, 0.07999999999999998779, -0.09999999999998984701 ) ) ;
#5228 = CARTESIAN_POINT ( 'NONE',  ( -1.100000000000004974, -0.3605551275463988459, -1.229999999999999760 ) ) ;
#5229 = ORIENTED_EDGE ( 'NONE', *, *, #5644, .F. ) ;
#5230 = SURFACE_STYLE_FILL_AREA ( #1642 ) ;
#5231 = ORIENTED_EDGE ( 'NONE', *, *, #5745, .F. ) ;
#5232 = LINE ( 'NONE', #8110, #5046 ) ;
#5233 = SURFACE_STYLE_FILL_AREA ( #195 ) ;
#5234 = VECTOR ( 'NONE', #2247, 1000.000000000000000 ) ;
#5235 = EDGE_CURVE ( 'NONE', #8825, #3577, #3744, .T. ) ;
#5236 = EDGE_LOOP ( 'NONE', ( #2382, #2101, #4560, #1889 ) ) ;
#5237 = ORIENTED_EDGE ( 'NONE', *, *, #3009, .T. ) ;
#5238 = VECTOR ( 'NONE', #961, 1000.000000000000000 ) ;
#5239 = SURFACE_SIDE_STYLE ('',( #901 ) ) ;
#5240 = LINE ( 'NONE', #4437, #5099 ) ;
#5241 = VECTOR ( 'NONE', #3896, 1000.000000000000000 ) ;
#5242 = EDGE_LOOP ( 'NONE', ( #4020, #2342, #4411, #5522 ) ) ;
#5243 = DIRECTION ( 'NONE',  ( -1.000000000000000000, 0.000000000000000000, -2.930276141852713954E-16 ) ) ;
#5244 = VECTOR ( 'NONE', #3464, 1000.000000000000000 ) ;
#5245 = EDGE_CURVE ( 'NONE', #5725, #6842, #343, .T. ) ;
#5246 = DIRECTION ( 'NONE',  ( 0.000000000000000000, 0.000000000000000000, 1.000000000000000000 ) ) ;
#5247 = LINE ( 'NONE', #5999, #6587 ) ;
#5248 = ORIENTED_EDGE ( 'NONE', *, *, #1325, .T. ) ;
#5249 = ORIENTED_EDGE ( 'NONE', *, *, #1945, .F. ) ;
#5250 = CARTESIAN_POINT ( 'NONE',  ( 0.1000000000000052514, 0.5005948168962619516, -1.500000000000005995 ) ) ;
#5251 = EDGE_CURVE ( 'NONE', #8845, #241, #5240, .T. ) ;
#5252 = SURFACE_SIDE_STYLE ('',( #352 ) ) ;
#5253 = MECHANICAL_DESIGN_GEOMETRIC_PRESENTATION_REPRESENTATION (  '', ( #934 ), #3312 ) ;
#5254 = CARTESIAN_POINT ( 'NONE',  ( -1.000000000000004441, 0.08000000000000000167, 1.130000000000000338 ) ) ;
#5255 = CARTESIAN_POINT ( 'NONE',  ( -1.499999999999999778, 0.9699999999999999734, 1.499999999999999778 ) ) ;
#5256 = PLANE ( 'NONE',  #3280 ) ;
#5257 = CARTESIAN_POINT ( 'NONE',  ( -1.130000000000008997, 0.08000000000000000167, -0.09999999999998980538 ) ) ;
#5258 = CARTESIAN_POINT ( 'NONE',  ( 1.130000000000010330, -0.3605551275463988459, 0.9999999999999900080 ) ) ;
#5259 = CARTESIAN_POINT ( 'NONE',  ( -0.9750000000000000888, 0.1000000000000000056, -0.5750000000000119460 ) ) ;
#5260 = FILL_AREA_STYLE ('',( #1109 ) ) ;
#5261 = SURFACE_STYLE_USAGE ( .BOTH. , #6586 ) ;
#5262 = FILL_AREA_STYLE ('',( #783 ) ) ;
#5263 = VERTEX_POINT ( 'NONE', #6621 ) ;
#5264 = DIRECTION ( 'NONE',  ( 0.000000000000000000, -1.000000000000000000, 0.000000000000000000 ) ) ;
#5265 = VERTEX_POINT ( 'NONE', #1652 ) ;
#5266 = ORIENTED_EDGE ( 'NONE', *, *, #8050, .T. ) ;
#5267 = CARTESIAN_POINT ( 'NONE',  ( -0.8999999999999950262, 0.5005948168962619516, -1.130000000000014326 ) ) ;
#5268 = DIRECTION ( 'NONE',  ( 1.000000000000000000, -0.000000000000000000, 0.000000000000000000 ) ) ;
#5269 = DIRECTION ( 'NONE',  ( 1.000000000000000000, 0.000000000000000000, -0.000000000000000000 ) ) ;
#5270 = LINE ( 'NONE', #1630, #3650 ) ;
#5271 = DIRECTION ( 'NONE',  ( 1.000000000000000000, 0.000000000000000000, 0.000000000000000000 ) ) ;
#5272 = CARTESIAN_POINT ( 'NONE',  ( -1.149999999999999689, 0.8699999999999998845, -1.150000000000000133 ) ) ;
#5273 = CARTESIAN_POINT ( 'NONE',  ( -1.129999999999999893, 0.07999999999999998779, -0.8999999999999896971 ) ) ;
#5274 = VERTEX_POINT ( 'NONE', #7512 ) ;
#5275 = LINE ( 'NONE', #236, #2048 ) ;
#5276 = ORIENTED_EDGE ( 'NONE', *, *, #1870, .T. ) ;
#5277 = CARTESIAN_POINT ( 'NONE',  ( 0.000000000000000000, 0.08000000000000000167, 0.000000000000000000 ) ) ;
#5278 =( LENGTH_UNIT ( ) NAMED_UNIT ( * ) SI_UNIT ( .MILLI., .METRE. ) );
#5279 = EDGE_LOOP ( 'NONE', ( #4979, #7401, #5094, #7237 ) ) ;
#5280 = ORIENTED_EDGE ( 'NONE', *, *, #4835, .F. ) ;
#5281 = ORIENTED_EDGE ( 'NONE', *, *, #6051, .F. ) ;
#5282 = EDGE_LOOP ( 'NONE', ( #4834, #4209, #414, #8937 ) ) ;
#5283 = DIRECTION ( 'NONE',  ( -1.000000000000000000, 0.000000000000000000, 0.000000000000000000 ) ) ;
#5284 = EDGE_LOOP ( 'NONE', ( #7371, #6040, #8850, #2695 ) ) ;
#5285 = EDGE_CURVE ( 'NONE', #4668, #9265, #5893, .T. ) ;
#5286 = LINE ( 'NONE', #3083, #2553 ) ;
#5287 = EDGE_CURVE ( 'NONE', #8887, #6975, #151, .T. ) ;
#5288 =( LENGTH_UNIT ( ) NAMED_UNIT ( * ) SI_UNIT ( .MILLI., .METRE. ) );
#5289 = DIRECTION ( 'NONE',  ( 0.7071067811865521247, 0.000000000000000000, 0.7071067811865430208 ) ) ;
#5290 = ORIENTED_EDGE ( 'NONE', *, *, #3182, .F. ) ;
#5291 = FACE_OUTER_BOUND ( 'NONE', #3922, .T. ) ;
#5292 = ORIENTED_EDGE ( 'NONE', *, *, #7521, .T. ) ;
#5293 = COLOUR_RGB ( '',1.000000000000000000, 0.8117647058823529438, 0.5019607843137254832 ) ;
#5294 = CARTESIAN_POINT ( 'NONE',  ( 1.100000000000004974, 0.07999999999999998779, -1.229999999999999760 ) ) ;
#5295 = ADVANCED_FACE ( 'NONE', ( #8296 ), #6897, .F. ) ;
#5296 = PLANE ( 'NONE',  #7719 ) ;
#5297 = DIRECTION ( 'NONE',  ( -1.000000000000000000, 0.000000000000000000, -0.000000000000000000 ) ) ;
#5298 = VECTOR ( 'NONE', #601, 1000.000000000000000 ) ;
#5299 =( NAMED_UNIT ( * ) SI_UNIT ( $, .STERADIAN. ) SOLID_ANGLE_UNIT ( ) );
#5300 = CARTESIAN_POINT ( 'NONE',  ( 1.100000000000004974, -0.3605551275463988459, -1.229999999999999760 ) ) ;
#5301 = ORIENTED_EDGE ( 'NONE', *, *, #2950, .F. ) ;
#5302 = EDGE_CURVE ( 'NONE', #5616, #3781, #4675, .T. ) ;
#5303 = LINE ( 'NONE', #1755, #2953 ) ;
#5304 = CARTESIAN_POINT ( 'NONE',  ( -1.130000000000010330, -1.084202172485504434E-16, -0.9999999999999900080 ) ) ;
#5305 = PLANE ( 'NONE',  #1570 ) ;
#5306 = VECTOR ( 'NONE', #161, 1000.000000000000000 ) ;
#5307 = VERTEX_POINT ( 'NONE', #3971 ) ;
#5308 = EDGE_CURVE ( 'NONE', #2381, #5826, #8388, .T. ) ;
#5309 = EDGE_CURVE ( 'NONE', #6466, #4244, #5383, .T. ) ;
#5310 = CARTESIAN_POINT ( 'NONE',  ( -0.7249999999999998668, 0.1000000000000000056, -0.8250000000000117240 ) ) ;
#5311 = EDGE_LOOP ( 'NONE', ( #2463, #2079, #9149, #670, #66 ) ) ;
#5312 = ADVANCED_FACE ( 'NONE', ( #5515 ), #6264, .F. ) ;
#5313 = LINE ( 'NONE', #7530, #6774 ) ;
#5314 = DIRECTION ( 'NONE',  ( 8.673617379884028570E-16, 0.000000000000000000, -1.000000000000000000 ) ) ;
#5315 = CARTESIAN_POINT ( 'NONE',  ( -0.09999999999999473199, 0.08000000000000000167, 1.430000000000000382 ) ) ;
#5316 = AXIS2_PLACEMENT_3D ( 'NONE', #4825, #7696, #1284 ) ;
#5317 = CARTESIAN_POINT ( 'NONE',  ( -1.130000000000008997, 0.000000000000000000, -0.09999999999998980538 ) ) ;
#5318 = VECTOR ( 'NONE', #4938, 1000.000000000000000 ) ;
#5319 = DIRECTION ( 'NONE',  ( 0.000000000000000000, 0.000000000000000000, -1.000000000000000000 ) ) ;
#5320 = DIRECTION ( 'NONE',  ( 0.000000000000000000, -1.000000000000000000, 0.000000000000000000 ) ) ;
#5321 = ORIENTED_EDGE ( 'NONE', *, *, #4141, .F. ) ;
#5322 = VECTOR ( 'NONE', #6319, 1000.000000000000000 ) ;
#5323 = DIRECTION ( 'NONE',  ( 0.000000000000000000, -0.000000000000000000, 1.000000000000000000 ) ) ;
#5324 = ORIENTED_EDGE ( 'NONE', *, *, #2170, .T. ) ;
#5325 =( NAMED_UNIT ( * ) SI_UNIT ( $, .STERADIAN. ) SOLID_ANGLE_UNIT ( ) );
#5326 = ORIENTED_EDGE ( 'NONE', *, *, #2541, .T. ) ;
#5327 = PRESENTATION_STYLE_ASSIGNMENT (( #6035 ) ) ;
#5328 = EDGE_LOOP ( 'NONE', ( #6808, #6075, #3291, #4685 ) ) ;
#5329 = PRESENTATION_STYLE_ASSIGNMENT (( #8295 ) ) ;
#5330 = FILL_AREA_STYLE_COLOUR ( '', #628 ) ;
#5331 = ORIENTED_EDGE ( 'NONE', *, *, #1208, .T. ) ;
#5332 = DIRECTION ( 'NONE',  ( -1.000000000000000000, 0.000000000000000000, 0.000000000000000000 ) ) ;
#5333 = DIRECTION ( 'NONE',  ( 1.000000000000000000, 0.000000000000000000, 0.000000000000000000 ) ) ;
#5334 = VERTEX_POINT ( 'NONE', #3271 ) ;
#5335 = LINE ( 'NONE', #5250, #2065 ) ;
#5336 = ORIENTED_EDGE ( 'NONE', *, *, #5000, .T. ) ;
#5337 = DIRECTION ( 'NONE',  ( 0.000000000000000000, 0.000000000000000000, -1.000000000000000000 ) ) ;
#5338 = SURFACE_STYLE_USAGE ( .BOTH. , #8761 ) ;
#5339 = CARTESIAN_POINT ( 'NONE',  ( 0.000000000000000000, 0.1000000000000000056, 0.000000000000000000 ) ) ;
#5340 = CARTESIAN_POINT ( 'NONE',  ( 1.430000000000000160, -0.3605551275463988459, -1.099999999999989875 ) ) ;
#5341 = VECTOR ( 'NONE', #4130, 1000.000000000000000 ) ;
#5342 = VERTEX_POINT ( 'NONE', #4014 ) ;
#5343 = LINE ( 'NONE', #5259, #7904 ) ;
#5344 = CARTESIAN_POINT ( 'NONE',  ( 0.1000000000000052514, 0.07999999999999998779, -1.130000000000006333 ) ) ;
#5345 = PLANE ( 'NONE',  #3952 ) ;
#5346 = AXIS2_PLACEMENT_3D ( 'NONE', #2720, #6958, #506 ) ;
#5347 = ORIENTED_EDGE ( 'NONE', *, *, #4096, .T. ) ;
#5348 = AXIS2_PLACEMENT_3D ( 'NONE', #1639, #8105, #3917 ) ;
#5349 = CARTESIAN_POINT ( 'NONE',  ( 1.100000000000004974, -0.3605551275463988459, 1.430000000000000382 ) ) ;
#5350 = MECHANICAL_DESIGN_GEOMETRIC_PRESENTATION_REPRESENTATION (  '', ( #3854 ), #6561 ) ;
#5351 = EDGE_LOOP ( 'NONE', ( #5882, #4342, #288, #5433 ) ) ;
#5352 = ORIENTED_EDGE ( 'NONE', *, *, #9259, .F. ) ;
#5353 = DIRECTION ( 'NONE',  ( -0.000000000000000000, -1.000000000000000000, -0.000000000000000000 ) ) ;
#5354 = VECTOR ( 'NONE', #3110, 1000.000000000000000 ) ;
#5355 = UNCERTAINTY_MEASURE_WITH_UNIT (LENGTH_MEASURE( 1.000000000000000082E-05 ), #3845, 'distance_accuracy_value', 'NONE');
#5356 = CARTESIAN_POINT ( 'NONE',  ( 1.430000000000000160, 0.000000000000000000, -1.099999999999989875 ) ) ;
#5357 = CARTESIAN_POINT ( 'NONE',  ( -1.430000000000000160, 0.000000000000000000, 0.8999999999999896971 ) ) ;
#5358 = CARTESIAN_POINT ( 'NONE',  ( -1.149999999999999689, 0.8699999999999998845, -1.150000000000000133 ) ) ;
#5359 = ADVANCED_FACE ( 'NONE', ( #6943 ), #8942, .F. ) ;
#5360 = EDGE_CURVE ( 'NONE', #88, #1496, #7223, .T. ) ;
#5361 = CARTESIAN_POINT ( 'NONE',  ( -1.130000000000006777, 0.5005948168962619516, 0.9000000000000101252 ) ) ;
#5362 = DIRECTION ( 'NONE',  ( 0.000000000000000000, 0.000000000000000000, -1.000000000000000000 ) ) ;
#5363 = EDGE_CURVE ( 'NONE', #3158, #8792, #5033, .T. ) ;
#5364 = PLANE ( 'NONE',  #7620 ) ;
#5365 = ORIENTED_EDGE ( 'NONE', *, *, #3936, .F. ) ;
#5366 = STYLED_ITEM ( 'NONE', ( #3353 ), #3623 ) ;
#5367 = ORIENTED_EDGE ( 'NONE', *, *, #8005, .T. ) ;
#5368 = STYLED_ITEM ( 'NONE', ( #623 ), #3117 ) ;
#5369 = DIRECTION ( 'NONE',  ( 0.000000000000000000, 0.000000000000000000, -1.000000000000000000 ) ) ;
#5370 = EDGE_CURVE ( 'NONE', #7192, #6421, #4948, .T. ) ;
#5371 = STYLED_ITEM ( 'NONE', ( #7994 ), #1599 ) ;
#5372 = FACE_OUTER_BOUND ( 'NONE', #5284, .T. ) ;
#5373 =( LENGTH_UNIT ( ) NAMED_UNIT ( * ) SI_UNIT ( .MILLI., .METRE. ) );
#5374 = VERTEX_POINT ( 'NONE', #5647 ) ;
#5375 = MECHANICAL_DESIGN_GEOMETRIC_PRESENTATION_REPRESENTATION (  '', ( #6890 ), #7334 ) ;
#5376 = FACE_OUTER_BOUND ( 'NONE', #2410, .T. ) ;
#5377 = ORIENTED_EDGE ( 'NONE', *, *, #2928, .F. ) ;
#5378 = DIRECTION ( 'NONE',  ( -1.000000000000000000, 0.000000000000000000, 0.000000000000000000 ) ) ;
#5379 = VERTEX_POINT ( 'NONE', #1500 ) ;
#5380 = CLOSED_SHELL ( 'NONE', ( #9216, #3204, #1599, #5748, #3017, #6458, #4552 ) ) ;
#5381 = EDGE_LOOP ( 'NONE', ( #2965, #6060, #1146, #6860, #7593 ) ) ;
#5382 = VECTOR ( 'NONE', #5856, 1000.000000000000000 ) ;
#5383 = LINE ( 'NONE', #8262, #7635 ) ;
#5384 = VERTEX_POINT ( 'NONE', #9231 ) ;
#5385 = LINE ( 'NONE', #4155, #5244 ) ;
#5386 = ORIENTED_EDGE ( 'NONE', *, *, #7932, .F. ) ;
#5387 = VECTOR ( 'NONE', #1224, 1000.000000000000000 ) ;
#5388 = ADVANCED_FACE ( 'NONE', ( #2741 ), #2126, .F. ) ;
#5389 = VECTOR ( 'NONE', #5724, 1000.000000000000000 ) ;
#5390 = DIRECTION ( 'NONE',  ( 1.000000000000000000, 0.000000000000000000, 0.000000000000000000 ) ) ;
#5391 =( LENGTH_UNIT ( ) NAMED_UNIT ( * ) SI_UNIT ( .MILLI., .METRE. ) );
#5392 = ORIENTED_EDGE ( 'NONE', *, *, #1523, .F. ) ;
#5393 = ORIENTED_EDGE ( 'NONE', *, *, #5013, .T. ) ;
#5394 = AXIS2_PLACEMENT_3D ( 'NONE', #4336, #6352, #4987 ) ;
#5395 = PLANE ( 'NONE',  #7629 ) ;
#5396 = VERTEX_POINT ( 'NONE', #1445 ) ;
#5397 = ORIENTED_EDGE ( 'NONE', *, *, #5067, .T. ) ;
#5398 = LINE ( 'NONE', #8077, #8494 ) ;
#5399 = AXIS2_PLACEMENT_3D ( 'NONE', #6876, #6159, #4882 ) ;
#5400 = CARTESIAN_POINT ( 'NONE',  ( 0.3000000000000053180, 0.07999999999999998779, -1.500000000000006217 ) ) ;
#5401 = AXIS2_PLACEMENT_3D ( 'NONE', #5255, #3895, #5297 ) ;
#5402 = ORIENTED_EDGE ( 'NONE', *, *, #7721, .T. ) ;
#5403 = LINE ( 'NONE', #3145, #6435 ) ;
#5404 = CARTESIAN_POINT ( 'NONE',  ( -1.130000000000006777, 0.000000000000000000, 1.100000000000010303 ) ) ;
#5405 = LINE ( 'NONE', #6861, #2800 ) ;
#5406 = MECHANICAL_DESIGN_GEOMETRIC_PRESENTATION_REPRESENTATION (  '', ( #9153 ), #6440 ) ;
#5407 = ORIENTED_EDGE ( 'NONE', *, *, #3315, .F. ) ;
#5408 = CARTESIAN_POINT ( 'NONE',  ( 0.1000000000000051958, 0.000000000000000000, -1.130000000000003668 ) ) ;
#5409 = ORIENTED_EDGE ( 'NONE', *, *, #1767, .T. ) ;
#5410 = PLANE ( 'NONE',  #3144 ) ;
#5411 = EDGE_CURVE ( 'NONE', #2266, #7697, #2837, .T. ) ;
#5412 = PLANE ( 'NONE',  #5813 ) ;
#5413 = DIRECTION ( 'NONE',  ( 0.000000000000000000, 0.000000000000000000, -1.000000000000000000 ) ) ;
#5414 = PLANE ( 'NONE',  #6755 ) ;
#5415 = ADVANCED_FACE ( 'NONE', ( #5606 ), #7861, .F. ) ;
#5416 = LINE ( 'NONE', #325, #6668 ) ;
#5417 = CARTESIAN_POINT ( 'NONE',  ( 0.3000000000000052625, -1.084202172485504434E-16, -1.430000000000000382 ) ) ;
#5418 =( NAMED_UNIT ( * ) PLANE_ANGLE_UNIT ( ) SI_UNIT ( $, .RADIAN. ) );
#5419 = ORIENTED_EDGE ( 'NONE', *, *, #855, .T. ) ;
#5420 = CARTESIAN_POINT ( 'NONE',  ( -1.100000000000004974, 0.08000000000000000167, 1.229999999999999760 ) ) ;
#5421 = EDGE_CURVE ( 'NONE', #4530, #7319, #4287, .T. ) ;
#5422 = ORIENTED_EDGE ( 'NONE', *, *, #4672, .F. ) ;
#5423 = DIRECTION ( 'NONE',  ( 0.000000000000000000, 0.000000000000000000, -1.000000000000000000 ) ) ;
#5424 = DIRECTION ( 'NONE',  ( -1.000000000000000000, -0.000000000000000000, -0.000000000000000000 ) ) ;
#5425 = VERTEX_POINT ( 'NONE', #3462 ) ;
#5426 = DIRECTION ( 'NONE',  ( 0.000000000000000000, 0.000000000000000000, 1.000000000000000000 ) ) ;
#5427 = VERTEX_POINT ( 'NONE', #2084 ) ;
#5428 = EDGE_LOOP ( 'NONE', ( #3901, #2143, #7252, #7679 ) ) ;
#5429 = ADVANCED_FACE ( 'NONE', ( #797 ), #6402, .F. ) ;
#5430 = FILL_AREA_STYLE ('',( #6085 ) ) ;
#5431 = ADVANCED_FACE ( 'NONE', ( #2167 ), #7776, .F. ) ;
#5432 = DIRECTION ( 'NONE',  ( 0.000000000000000000, 0.000000000000000000, -1.000000000000000000 ) ) ;
#5433 = ORIENTED_EDGE ( 'NONE', *, *, #5245, .F. ) ;
#5434 = DIRECTION ( 'NONE',  ( 0.000000000000000000, 0.000000000000000000, -1.000000000000000000 ) ) ;
#5435 = FACE_OUTER_BOUND ( 'NONE', #2991, .T. ) ;
#5436 = ORIENTED_EDGE ( 'NONE', *, *, #604, .T. ) ;
#5437 = CARTESIAN_POINT ( 'NONE',  ( -1.130000000000008997, -0.3605551275463988459, -0.4999999999999898415 ) ) ;
#5438 = PLANE ( 'NONE',  #6895 ) ;
#5439 = EDGE_LOOP ( 'NONE', ( #5054, #4606, #3973, #6894 ) ) ;
#5440 = VERTEX_POINT ( 'NONE', #666 ) ;
#5441 = DIRECTION ( 'NONE',  ( 0.000000000000000000, 1.000000000000000000, 0.000000000000000000 ) ) ;
#5442 = ORIENTED_EDGE ( 'NONE', *, *, #2950, .T. ) ;
#5443 = DIRECTION ( 'NONE',  ( 0.000000000000000000, -1.000000000000000000, -0.000000000000000000 ) ) ;
#5444 = DIRECTION ( 'NONE',  ( 0.000000000000000000, 1.000000000000000000, 0.000000000000000000 ) ) ;
#5445 = DIRECTION ( 'NONE',  ( 0.000000000000000000, 0.000000000000000000, 1.000000000000000000 ) ) ;
#5446 = CARTESIAN_POINT ( 'NONE',  ( 1.000000000000004441, 0.08000000000000000167, -1.130000000000000338 ) ) ;
#5447 = VERTEX_POINT ( 'NONE', #3547 ) ;
#5448 = PRESENTATION_STYLE_ASSIGNMENT (( #4600 ) ) ;
#5449 = PRESENTATION_STYLE_ASSIGNMENT (( #8407 ) ) ;
#5450 = FACE_OUTER_BOUND ( 'NONE', #8403, .T. ) ;
#5451 = MECHANICAL_DESIGN_GEOMETRIC_PRESENTATION_REPRESENTATION (  '', ( #7993 ), #1719 ) ;
#5452 = EDGE_LOOP ( 'NONE', ( #8713, #3218, #456, #6400 ) ) ;
#5453 =( LENGTH_UNIT ( ) NAMED_UNIT ( * ) SI_UNIT ( .MILLI., .METRE. ) );
#5454 = CARTESIAN_POINT ( 'NONE',  ( -0.2999999999999948264, 0.08000000000000000167, -1.130000000000003668 ) ) ;
#5455 = DIRECTION ( 'NONE',  ( -1.000000000000000000, 0.000000000000000000, 0.000000000000000000 ) ) ;
#5456 = VECTOR ( 'NONE', #9168, 1000.000000000000000 ) ;
#5457 = AXIS2_PLACEMENT_3D ( 'NONE', #2590, #3341, #7574 ) ;
#5458 = DIRECTION ( 'NONE',  ( 1.000000000000000000, 0.000000000000000000, 0.000000000000000000 ) ) ;
#5459 = FACE_OUTER_BOUND ( 'NONE', #1702, .T. ) ;
#5460 = CARTESIAN_POINT ( 'NONE',  ( 1.500000000000008882, 0.5005948168962619516, -0.6999999999999899636 ) ) ;
#5461 = ORIENTED_EDGE ( 'NONE', *, *, #472, .F. ) ;
#5462 = ORIENTED_EDGE ( 'NONE', *, *, #5370, .T. ) ;
#5463 = VECTOR ( 'NONE', #8412, 1000.000000000000000 ) ;
#5464 = PLANE ( 'NONE',  #4870 ) ;
#5465 = ORIENTED_EDGE ( 'NONE', *, *, #8195, .T. ) ;
#5466 = DIRECTION ( 'NONE',  ( 0.7071067811865521247, -0.000000000000000000, -0.7071067811865430208 ) ) ;
#5467 = ADVANCED_FACE ( 'NONE', ( #8518 ), #7818, .F. ) ;
#5468 = VECTOR ( 'NONE', #4324, 1000.000000000000000 ) ;
#5469 = VECTOR ( 'NONE', #8108, 1000.000000000000000 ) ;
#5470 = PRESENTATION_STYLE_ASSIGNMENT (( #2516 ) ) ;
#5471 = LINE ( 'NONE', #2655, #8231 ) ;
#5472 = CARTESIAN_POINT ( 'NONE',  ( -1.500000000000002665, 0.07999999999999998779, -0.2999999999999899414 ) ) ;
#5473 = ORIENTED_EDGE ( 'NONE', *, *, #230, .T. ) ;
#5474 = EDGE_CURVE ( 'NONE', #6029, #1448, #9280, .T. ) ;
#5475 = DIRECTION ( 'NONE',  ( 0.000000000000000000, -0.000000000000000000, 1.000000000000000000 ) ) ;
#5476 = SURFACE_STYLE_FILL_AREA ( #346 ) ;
#5477 = ORIENTED_EDGE ( 'NONE', *, *, #526, .F. ) ;
#5478 = VERTEX_POINT ( 'NONE', #8559 ) ;
#5479 = ADVANCED_FACE ( 'NONE', ( #7171 ), #4153, .F. ) ;
#5480 = ADVANCED_FACE ( 'NONE', ( #33 ), #2875, .T. ) ;
#5481 = ADVANCED_FACE ( 'NONE', ( #80 ), #2924, .F. ) ;
#5482 = VERTEX_POINT ( 'NONE', #3730 ) ;
#5483 = CARTESIAN_POINT ( 'NONE',  ( -0.4999999999999950040, 0.000000000000000000, 1.500000000000010214 ) ) ;
#5484 = EDGE_CURVE ( 'NONE', #4625, #6793, #5313, .T. ) ;
#5485 = DIRECTION ( 'NONE',  ( -1.000000000000000000, 0.000000000000000000, 0.000000000000000000 ) ) ;
#5486 = LINE ( 'NONE', #5340, #5993 ) ;
#5487 = ORIENTED_EDGE ( 'NONE', *, *, #1140, .F. ) ;
#5488 = DIRECTION ( 'NONE',  ( -1.000000000000000000, 0.000000000000000000, 0.000000000000000000 ) ) ;
#5489 = VECTOR ( 'NONE', #1461, 1000.000000000000000 ) ;
#5490 = DIRECTION ( 'NONE',  ( 0.000000000000000000, -0.000000000000000000, 1.000000000000000000 ) ) ;
#5491 = DIRECTION ( 'NONE',  ( 0.000000000000000000, 0.000000000000000000, 1.000000000000000000 ) ) ;
#5492 = ORIENTED_EDGE ( 'NONE', *, *, #1151, .F. ) ;
#5493 = FACE_OUTER_BOUND ( 'NONE', #9012, .T. ) ;
#5494 = VECTOR ( 'NONE', #9141, 1000.000000000000000 ) ;
#5495 = FILL_AREA_STYLE_COLOUR ( '', #1512 ) ;
#5496 = LINE ( 'NONE', #5356, #4918 ) ;
#5497 = CARTESIAN_POINT ( 'NONE',  ( -1.230000000000011973, 0.08000000000000000167, -1.099999999999989875 ) ) ;
#5498 = LINE ( 'NONE', #3995, #6290 ) ;
#5499 = VECTOR ( 'NONE', #1974, 1000.000000000000000 ) ;
#5500 = SURFACE_STYLE_USAGE ( .BOTH. , #8748 ) ;
#5501 = DIRECTION ( 'NONE',  ( -0.000000000000000000, 0.000000000000000000, 1.000000000000000000 ) ) ;
#5502 = CARTESIAN_POINT ( 'NONE',  ( 1.430000000000000160, 0.08000000000000000167, -0.09999999999998980538 ) ) ;
#5503 = MECHANICAL_DESIGN_GEOMETRIC_PRESENTATION_REPRESENTATION (  '', ( #3256 ), #3852 ) ;
#5504 = FACE_OUTER_BOUND ( 'NONE', #5279, .T. ) ;
#5505 = ORIENTED_EDGE ( 'NONE', *, *, #1491, .T. ) ;
#5506 = ORIENTED_EDGE ( 'NONE', *, *, #5801, .T. ) ;
#5507 = VECTOR ( 'NONE', #3986, 1000.000000000000000 ) ;
#5508 = DIRECTION ( 'NONE',  ( 0.000000000000000000, 0.000000000000000000, -1.000000000000000000 ) ) ;
#5509 = MECHANICAL_DESIGN_GEOMETRIC_PRESENTATION_REPRESENTATION (  '', ( #740 ), #719 ) ;
#5510 = CARTESIAN_POINT ( 'NONE',  ( 0.7000000000000050626, 0.07999999999999998779, 1.130000000000018767 ) ) ;
#5511 = COLOUR_RGB ( '',1.000000000000000000, 0.8117647058823529438, 0.5019607843137254832 ) ;
#5512 = CARTESIAN_POINT ( 'NONE',  ( 0.000000000000000000, 0.000000000000000000, 0.000000000000000000 ) ) ;
#5513 = PLANE ( 'NONE',  #872 ) ;
#5514 = ORIENTED_EDGE ( 'NONE', *, *, #275, .F. ) ;
#5515 = FACE_OUTER_BOUND ( 'NONE', #948, .T. ) ;
#5516 = CARTESIAN_POINT ( 'NONE',  ( 1.100000000000004974, -0.3605551275463988459, 1.430000000000000382 ) ) ;
#5517 = ORIENTED_EDGE ( 'NONE', *, *, #5743, .T. ) ;
#5518 = DIRECTION ( 'NONE',  ( 0.000000000000000000, 0.000000000000000000, -1.000000000000000000 ) ) ;
#5519 = DIRECTION ( 'NONE',  ( -0.000000000000000000, -1.000000000000000000, -0.000000000000000000 ) ) ;
#5520 = EDGE_CURVE ( 'NONE', #4727, #6399, #318, .T. ) ;
#5521 = CARTESIAN_POINT ( 'NONE',  ( 0.7000000000000048406, 0.07999999999999998779, 1.500000000000018652 ) ) ;
#5522 = ORIENTED_EDGE ( 'NONE', *, *, #2434, .F. ) ;
#5523 = CARTESIAN_POINT ( 'NONE',  ( -0.6999999999999949596, 0.07999999999999998779, 1.130000000000010330 ) ) ;
#5524 = AXIS2_PLACEMENT_3D ( 'NONE', #1363, #671, #4202 ) ;
#5525 = EDGE_CURVE ( 'NONE', #9180, #7473, #8873, .T. ) ;
#5526 = EDGE_LOOP ( 'NONE', ( #5556, #5419, #1518, #6870 ) ) ;
#5527 = ORIENTED_EDGE ( 'NONE', *, *, #4328, .T. ) ;
#5528 = CARTESIAN_POINT ( 'NONE',  ( 0.7000000000000052847, 0.000000000000000000, -1.130000000000003668 ) ) ;
#5529 = DIRECTION ( 'NONE',  ( 1.000000000000000000, 0.000000000000000000, 0.000000000000000000 ) ) ;
#5530 = ADVANCED_FACE ( 'NONE', ( #2446 ), #1114, .F. ) ;
#5531 = VERTEX_POINT ( 'NONE', #2494 ) ;
#5532 = DIRECTION ( 'NONE',  ( 0.000000000000000000, 1.000000000000000000, 0.000000000000000000 ) ) ;
#5533 = VECTOR ( 'NONE', #9040, 1000.000000000000000 ) ;
#5534 = LINE ( 'NONE', #3984, #8836 ) ;
#5535 = EDGE_CURVE ( 'NONE', #6999, #2503, #4374, .T. ) ;
#5536 = ORIENTED_EDGE ( 'NONE', *, *, #2603, .T. ) ;
#5537 = CARTESIAN_POINT ( 'NONE',  ( 1.130000000000010330, 0.08000000000000000167, -0.9999999999999900080 ) ) ;
#5538 = DIRECTION ( 'NONE',  ( 1.000000000000000000, 0.000000000000000000, 0.000000000000000000 ) ) ;
#5539 = PLANE ( 'NONE',  #5457 ) ;
#5540 = VECTOR ( 'NONE', #3045, 1000.000000000000000 ) ;
#5541 = EDGE_LOOP ( 'NONE', ( #2005, #178, #803, #7988 ) ) ;
#5542 = EDGE_CURVE ( 'NONE', #5182, #8585, #365, .T. ) ;
#5543 = VECTOR ( 'NONE', #8968, 1000.000000000000000 ) ;
#5544 = CARTESIAN_POINT ( 'NONE',  ( 1.230000000000011973, 0.08000000000000000167, -1.099999999999989875 ) ) ;
#5545 = LINE ( 'NONE', #5056, #7643 ) ;
#5546 = VECTOR ( 'NONE', #1272, 1000.000000000000000 ) ;
#5547 = ADVANCED_FACE ( 'NONE', ( #3679 ), #3947, .F. ) ;
#5548 = DIRECTION ( 'NONE',  ( 1.000000000000000000, -0.000000000000000000, 5.860552283705431852E-16 ) ) ;
#5549 = LINE ( 'NONE', #1989, #8496 ) ;
#5550 = LINE ( 'NONE', #7581, #1667 ) ;
#5551 = VECTOR ( 'NONE', #8572, 1000.000000000000000 ) ;
#5552 = DIRECTION ( 'NONE',  ( 0.000000000000000000, -0.000000000000000000, 1.000000000000000000 ) ) ;
#5553 = DIRECTION ( 'NONE',  ( -1.000000000000000000, 0.000000000000000000, 0.000000000000000000 ) ) ;
#5554 = CARTESIAN_POINT ( 'NONE',  ( -1.499999999999999778, 0.000000000000000000, 1.499999999999999778 ) ) ;
#5555 = ORIENTED_EDGE ( 'NONE', *, *, #5235, .F. ) ;
#5556 = ORIENTED_EDGE ( 'NONE', *, *, #275, .T. ) ;
#5557 = ORIENTED_EDGE ( 'NONE', *, *, #6630, .F. ) ;
#5558 = ORIENTED_EDGE ( 'NONE', *, *, #7025, .F. ) ;
#5559 = EDGE_CURVE ( 'NONE', #6046, #6123, #7578, .T. ) ;
#5560 = LINE ( 'NONE', #6077, #1154 ) ;
#5561 = FACE_OUTER_BOUND ( 'NONE', #9186, .T. ) ;
#5562 = CARTESIAN_POINT ( 'NONE',  ( -1.149999999999999689, 0.9699999999999999734, -1.024999999999999911 ) ) ;
#5563 = ORIENTED_EDGE ( 'NONE', *, *, #9091, .F. ) ;
#5564 = CARTESIAN_POINT ( 'NONE',  ( 1.430000000000000160, -0.3605551275463988459, -0.2999999999999898859 ) ) ;
#5565 = ORIENTED_EDGE ( 'NONE', *, *, #223, .F. ) ;
#5566 = LINE ( 'NONE', #2616, #5494 ) ;
#5567 = DIRECTION ( 'NONE',  ( 0.000000000000000000, -1.000000000000000000, -0.000000000000000000 ) ) ;
#5568 = VERTEX_POINT ( 'NONE', #8235 ) ;
#5569 = ORIENTED_EDGE ( 'NONE', *, *, #6375, .F. ) ;
#5570 = PLANE ( 'NONE',  #1562 ) ;
#5571 = ORIENTED_EDGE ( 'NONE', *, *, #6871, .F. ) ;
#5572 = ORIENTED_EDGE ( 'NONE', *, *, #4993, .F. ) ;
#5573 = DIRECTION ( 'NONE',  ( 0.000000000000000000, 1.000000000000000000, 0.000000000000000000 ) ) ;
#5574 = DIRECTION ( 'NONE',  ( 0.000000000000000000, 0.000000000000000000, -1.000000000000000000 ) ) ;
#5575 = ORIENTED_EDGE ( 'NONE', *, *, #1540, .F. ) ;
#5576 = ADVANCED_FACE ( 'NONE', ( #1815 ), #1588, .F. ) ;
#5577 = CARTESIAN_POINT ( 'NONE',  ( 1.100000000000004752, 0.07999999999999998779, 1.500000000000021094 ) ) ;
#5578 = DIRECTION ( 'NONE',  ( -1.000000000000000000, 0.000000000000000000, 0.000000000000000000 ) ) ;
#5579 = ORIENTED_EDGE ( 'NONE', *, *, #5686, .T. ) ;
#5580 = CARTESIAN_POINT ( 'NONE',  ( -1.130000000000008997, 0.000000000000000000, 0.4999999999999898415 ) ) ;
#5581 = FILL_AREA_STYLE_COLOUR ( '', #5784 ) ;
#5582 = DIRECTION ( 'NONE',  ( 0.000000000000000000, 0.000000000000000000, -1.000000000000000000 ) ) ;
#5583 = CARTESIAN_POINT ( 'NONE',  ( 0.000000000000000000, 0.08000000000000000167, 0.000000000000000000 ) ) ;
#5584 = EDGE_CURVE ( 'NONE', #7690, #1101, #409, .T. ) ;
#5585 = LINE ( 'NONE', #8454, #994 ) ;
#5586 = LINE ( 'NONE', #8456, #2998 ) ;
#5587 = CARTESIAN_POINT ( 'NONE',  ( -1.130000000000004112, 0.000000000000000000, 0.1000000000000100253 ) ) ;
#5588 = PLANE ( 'NONE',  #1568 ) ;
#5589 = PLANE ( 'NONE',  #2064 ) ;
#5590 = EDGE_CURVE ( 'NONE', #7907, #3295, #6548, .T. ) ;
#5591 = ADVANCED_FACE ( 'NONE', ( #2981 ), #5410, .F. ) ;
#5592 = CARTESIAN_POINT ( 'NONE',  ( 0.9000000000000051292, 0.08000000000000000167, 1.130000000000000338 ) ) ;
#5593 = EDGE_LOOP ( 'NONE', ( #8525, #4332, #4215, #6800, #9050 ) ) ;
#5594 = VECTOR ( 'NONE', #8348, 1000.000000000000000 ) ;
#5595 = EDGE_CURVE ( 'NONE', #7684, #6029, #2270, .T. ) ;
#5596 = ADVANCED_FACE ( 'NONE', ( #6872 ), #461, .F. ) ;
#5597 = CARTESIAN_POINT ( 'NONE',  ( 0.3000000000000052625, 0.08000000000000000167, 1.430000000000000382 ) ) ;
#5598 = SURFACE_SIDE_STYLE ('',( #5688 ) ) ;
#5599 = EDGE_CURVE ( 'NONE', #753, #998, #6155, .T. ) ;
#5600 = COLOUR_RGB ( '',1.000000000000000000, 0.8117647058823529438, 0.5019607843137254832 ) ;
#5601 = COLOUR_RGB ( '',1.000000000000000000, 0.8117647058823529438, 0.5019607843137254832 ) ;
#5602 = DIRECTION ( 'NONE',  ( 0.000000000000000000, -1.000000000000000000, -0.000000000000000000 ) ) ;
#5603 = FILL_AREA_STYLE_COLOUR ( '', #3598 ) ;
#5604 = ORIENTED_EDGE ( 'NONE', *, *, #5811, .T. ) ;
#5605 = VECTOR ( 'NONE', #4445, 1000.000000000000000 ) ;
#5606 = FACE_OUTER_BOUND ( 'NONE', #8939, .T. ) ;
#5607 = VECTOR ( 'NONE', #2813, 1000.000000000000000 ) ;
#5608 = CARTESIAN_POINT ( 'NONE',  ( -0.09999999999999473199, 0.08000000000000000167, -1.130000000000003668 ) ) ;
#5609 =( NAMED_UNIT ( * ) PLANE_ANGLE_UNIT ( ) SI_UNIT ( $, .RADIAN. ) );
#5610 = ORIENTED_EDGE ( 'NONE', *, *, #4956, .T. ) ;
#5611 = CARTESIAN_POINT ( 'NONE',  ( -1.230000000000011973, -1.084202172485504434E-16, 1.099999999999989875 ) ) ;
#5612 = ORIENTED_EDGE ( 'NONE', *, *, #898, .F. ) ;
#5613 = ORIENTED_EDGE ( 'NONE', *, *, #8430, .T. ) ;
#5614 = AXIS2_PLACEMENT_3D ( 'NONE', #7193, #8675, #2244 ) ;
#5615 = LINE ( 'NONE', #7738, #4988 ) ;
#5616 = VERTEX_POINT ( 'NONE', #4426 ) ;
#5617 = EDGE_LOOP ( 'NONE', ( #2843, #2228, #2932, #5976 ) ) ;
#5618 = VECTOR ( 'NONE', #6596, 1000.000000000000000 ) ;
#5619 = DIRECTION ( 'NONE',  ( 5.860552283705431852E-16, 0.000000000000000000, -1.000000000000000000 ) ) ;
#5620 = LINE ( 'NONE', #7273, #6359 ) ;
#5621 = FACE_OUTER_BOUND ( 'NONE', #625, .T. ) ;
#5622 = DIRECTION ( 'NONE',  ( 0.000000000000000000, 1.000000000000000000, 0.000000000000000000 ) ) ;
#5623 = DIRECTION ( 'NONE',  ( 0.000000000000000000, 0.000000000000000000, 1.000000000000000000 ) ) ;
#5624 = CARTESIAN_POINT ( 'NONE',  ( -1.000000000000004441, -0.3605551275463988459, 1.130000000000000338 ) ) ;
#5625 = EDGE_LOOP ( 'NONE', ( #4683, #7406, #1927, #9229 ) ) ;
#5626 = CARTESIAN_POINT ( 'NONE',  ( 1.130000000000008997, 0.07999999999999998779, -0.4999999999999898415 ) ) ;
#5627 = DIRECTION ( 'NONE',  ( 0.000000000000000000, 0.000000000000000000, -1.000000000000000000 ) ) ;
#5628 =( NAMED_UNIT ( * ) SI_UNIT ( $, .STERADIAN. ) SOLID_ANGLE_UNIT ( ) );
#5629 = DIRECTION ( 'NONE',  ( 1.000000000000000000, 0.000000000000000000, 0.000000000000000000 ) ) ;
#5630 = CARTESIAN_POINT ( 'NONE',  ( -0.7249999999999998668, 0.000000000000000000, -0.8250000000000117240 ) ) ;
#5631 = ORIENTED_EDGE ( 'NONE', *, *, #4373, .T. ) ;
#5632 = STYLED_ITEM ( 'NONE', ( #4981 ), #6653 ) ;
#5633 = ORIENTED_EDGE ( 'NONE', *, *, #5302, .F. ) ;
#5634 = EDGE_LOOP ( 'NONE', ( #5276, #8256, #1398, #887 ) ) ;
#5635 = ADVANCED_FACE ( 'NONE', ( #7306 ), #889, .F. ) ;
#5636 = EDGE_CURVE ( 'NONE', #8989, #1865, #3345, .T. ) ;
#5637 =( GEOMETRIC_REPRESENTATION_CONTEXT ( 3 ) GLOBAL_UNCERTAINTY_ASSIGNED_CONTEXT ( ( #4420 ) ) GLOBAL_UNIT_ASSIGNED_CONTEXT ( ( #9179, #7117, #6982 ) ) REPRESENTATION_CONTEXT ( 'NONE', 'WORKASPACE' ) );
#5638 = DIRECTION ( 'NONE',  ( -0.000000000000000000, 0.000000000000000000, -1.000000000000000000 ) ) ;
#5639 = MECHANICAL_DESIGN_GEOMETRIC_PRESENTATION_REPRESENTATION (  '', ( #3850 ), #7014 ) ;
#5640 = VECTOR ( 'NONE', #859, 1000.000000000000000 ) ;
#5641 = LINE ( 'NONE', #7728, #2518 ) ;
#5642 =( LENGTH_UNIT ( ) NAMED_UNIT ( * ) SI_UNIT ( .MILLI., .METRE. ) );
#5643 = ORIENTED_EDGE ( 'NONE', *, *, #5109, .F. ) ;
#5644 = EDGE_CURVE ( 'NONE', #119, #7966, #9068, .T. ) ;
#5645 = STYLED_ITEM ( 'NONE', ( #4550 ), #1939 ) ;
#5646 = COLOUR_RGB ( '',1.000000000000000000, 0.8117647058823529438, 0.5019607843137254832 ) ;
#5647 = CARTESIAN_POINT ( 'NONE',  ( -1.130000000000008997, 0.08000000000000000167, -0.2999999999999898859 ) ) ;
#5648 = FACE_OUTER_BOUND ( 'NONE', #7058, .T. ) ;
#5649 = CARTESIAN_POINT ( 'NONE',  ( 1.130000000000008997, -0.3605551275463988459, 0.3000000000000102029 ) ) ;
#5650 = VERTEX_POINT ( 'NONE', #4224 ) ;
#5651 =( GEOMETRIC_REPRESENTATION_CONTEXT ( 3 ) GLOBAL_UNCERTAINTY_ASSIGNED_CONTEXT ( ( #7997 ) ) GLOBAL_UNIT_ASSIGNED_CONTEXT ( ( #7017, #739, #1347 ) ) REPRESENTATION_CONTEXT ( 'NONE', 'WORKASPACE' ) );
#5652 = DIRECTION ( 'NONE',  ( 0.000000000000000000, 0.000000000000000000, -1.000000000000000000 ) ) ;
#5653 = LINE ( 'NONE', #6313, #7342 ) ;
#5654 = ORIENTED_EDGE ( 'NONE', *, *, #6520, .T. ) ;
#5655 = ORIENTED_EDGE ( 'NONE', *, *, #4617, .T. ) ;
#5656 = ORIENTED_EDGE ( 'NONE', *, *, #100, .T. ) ;
#5657 = DIRECTION ( 'NONE',  ( -0.000000000000000000, -1.000000000000000000, -0.000000000000000000 ) ) ;
#5658 = COLOUR_RGB ( '',1.000000000000000000, 0.8117647058823529438, 0.5019607843137254832 ) ;
#5659 = COLOUR_RGB ( '',1.000000000000000000, 0.8117647058823529438, 0.5019607843137254832 ) ;
#5660 = DIRECTION ( 'NONE',  ( -0.000000000000000000, -0.000000000000000000, 1.000000000000000000 ) ) ;
#5661 = ORIENTED_EDGE ( 'NONE', *, *, #4542, .F. ) ;
#5662 = CARTESIAN_POINT ( 'NONE',  ( -1.000000000000004441, -0.3605551275463988459, -1.130000000000000338 ) ) ;
#5663 = VECTOR ( 'NONE', #6989, 1000.000000000000000 ) ;
#5664 = LINE ( 'NONE', #4305, #1946 ) ;
#5665 = ORIENTED_EDGE ( 'NONE', *, *, #8847, .F. ) ;
#5666 = AXIS2_PLACEMENT_3D ( 'NONE', #5512, #1835, #6260 ) ;
#5667 = FILL_AREA_STYLE_COLOUR ( '', #8170 ) ;
#5668 = PLANE ( 'NONE',  #6723 ) ;
#5669 = COLOUR_RGB ( '',1.000000000000000000, 0.8117647058823529438, 0.5019607843137254832 ) ;
#5670 = CLOSED_SHELL ( 'NONE', ( #7832, #1132, #5884, #7213, #6211, #8509, #7765, #3534, #2954 ) ) ;
#5671 = ORIENTED_EDGE ( 'NONE', *, *, #1585, .F. ) ;
#5672 = VECTOR ( 'NONE', #8166, 1000.000000000000000 ) ;
#5673 =( NAMED_UNIT ( * ) PLANE_ANGLE_UNIT ( ) SI_UNIT ( $, .RADIAN. ) );
#5674 = LINE ( 'NONE', #7067, #7062 ) ;
#5675 = VECTOR ( 'NONE', #4414, 1000.000000000000000 ) ;
#5676 = LINE ( 'NONE', #7757, #5739 ) ;
#5677 = PLANE ( 'NONE',  #6265 ) ;
#5678 = VECTOR ( 'NONE', #5695, 1000.000000000000000 ) ;
#5679 = DIRECTION ( 'NONE',  ( -0.000000000000000000, -0.000000000000000000, 1.000000000000000000 ) ) ;
#5680 = ORIENTED_EDGE ( 'NONE', *, *, #2357, .T. ) ;
#5681 = DIRECTION ( 'NONE',  ( -0.000000000000000000, -1.000000000000000000, -0.000000000000000000 ) ) ;
#5682 = VECTOR ( 'NONE', #564, 1000.000000000000000 ) ;
#5683 = ORIENTED_EDGE ( 'NONE', *, *, #295, .F. ) ;
#5684 = EDGE_CURVE ( 'NONE', #136, #6165, #7665, .T. ) ;
#5685 = AXIS2_PLACEMENT_3D ( 'NONE', #3234, #8130, #355 ) ;
#5686 = EDGE_CURVE ( 'NONE', #716, #5334, #6925, .T. ) ;
#5687 = FILL_AREA_STYLE_COLOUR ( '', #81 ) ;
#5688 = SURFACE_STYLE_FILL_AREA ( #7075 ) ;
#5689 = CARTESIAN_POINT ( 'NONE',  ( -1.499999999999999778, 0.9699999999999999734, 1.499999999999999778 ) ) ;
#5690 = UNCERTAINTY_MEASURE_WITH_UNIT (LENGTH_MEASURE( 1.000000000000000082E-05 ), #5453, 'distance_accuracy_value', 'NONE');
#5691 = CARTESIAN_POINT ( 'NONE',  ( 0.3000000000000052625, -0.3605551275463988459, -1.130000000000003668 ) ) ;
#5692 = ORIENTED_EDGE ( 'NONE', *, *, #3694, .F. ) ;
#5693 = AXIS2_PLACEMENT_3D ( 'NONE', #3647, #2282, #8615 ) ;
#5694 = EDGE_CURVE ( 'NONE', #3553, #4696, #5586, .T. ) ;
#5695 = DIRECTION ( 'NONE',  ( 0.7071067811865521247, 0.000000000000000000, -0.7071067811865430208 ) ) ;
#5696 = DIRECTION ( 'NONE',  ( 1.084202172485504040E-15, 0.000000000000000000, 1.000000000000000000 ) ) ;
#5697 = ORIENTED_EDGE ( 'NONE', *, *, #1817, .T. ) ;
#5698 = EDGE_CURVE ( 'NONE', #3085, #2870, #1215, .T. ) ;
#5699 = CARTESIAN_POINT ( 'NONE',  ( -1.130000000000001226, -0.000000000000000000, -0.6999999999999899636 ) ) ;
#5700 = ORIENTED_EDGE ( 'NONE', *, *, #3371, .T. ) ;
#5701 = ORIENTED_EDGE ( 'NONE', *, *, #6225, .F. ) ;
#5702 = FILL_AREA_STYLE ('',( #4955 ) ) ;
#5703 = ORIENTED_EDGE ( 'NONE', *, *, #7092, .T. ) ;
#5704 = ORIENTED_EDGE ( 'NONE', *, *, #5684, .T. ) ;
#5705 = CARTESIAN_POINT ( 'NONE',  ( 1.500000000000005995, 0.07999999999999998779, 0.1000000000000100253 ) ) ;
#5706 = EDGE_CURVE ( 'NONE', #3957, #4458, #2023, .T. ) ;
#5707 = DIRECTION ( 'NONE',  ( 1.000000000000000000, 0.000000000000000000, -0.000000000000000000 ) ) ;
#5708 = ORIENTED_EDGE ( 'NONE', *, *, #2072, .F. ) ;
#5709 = LINE ( 'NONE', #5662, #4498 ) ;
#5710 = CARTESIAN_POINT ( 'NONE',  ( 0.7000000000000052847, -0.3605551275463988459, 1.130000000000003668 ) ) ;
#5711 = DIRECTION ( 'NONE',  ( -0.000000000000000000, -1.000000000000000000, -0.000000000000000000 ) ) ;
#5712 = CARTESIAN_POINT ( 'NONE',  ( 0.7000000000000052847, 0.000000000000000000, -1.130000000000003668 ) ) ;
#5713 = UNCERTAINTY_MEASURE_WITH_UNIT (LENGTH_MEASURE( 1.000000000000000082E-05 ), #9026, 'distance_accuracy_value', 'NONE');
#5714 = FACE_OUTER_BOUND ( 'NONE', #4247, .T. ) ;
#5715 = ORIENTED_EDGE ( 'NONE', *, *, #969, .T. ) ;
#5716 = FILL_AREA_STYLE_COLOUR ( '', #7417 ) ;
#5717 = DIRECTION ( 'NONE',  ( 0.000000000000000000, 0.000000000000000000, 1.000000000000000000 ) ) ;
#5718 = FACE_OUTER_BOUND ( 'NONE', #1981, .T. ) ;
#5719 = SURFACE_STYLE_USAGE ( .BOTH. , #7670 ) ;
#5720 = DIRECTION ( 'NONE',  ( 0.000000000000000000, 1.000000000000000000, 0.000000000000000000 ) ) ;
#5721 = DIRECTION ( 'NONE',  ( 0.000000000000000000, 0.000000000000000000, 1.000000000000000000 ) ) ;
#5722 = DIRECTION ( 'NONE',  ( 0.000000000000000000, -0.000000000000000000, 1.000000000000000000 ) ) ;
#5723 = ORIENTED_EDGE ( 'NONE', *, *, #6577, .T. ) ;
#5724 = DIRECTION ( 'NONE',  ( 0.000000000000000000, -1.000000000000000000, 0.000000000000000000 ) ) ;
#5725 = VERTEX_POINT ( 'NONE', #7066 ) ;
#5726 = PLANE ( 'NONE',  #4407 ) ;
#5727 = COLOUR_RGB ( '',1.000000000000000000, 0.8117647058823529438, 0.5019607843137254832 ) ;
#5728 = SURFACE_STYLE_FILL_AREA ( #7772 ) ;
#5729 = PRESENTATION_STYLE_ASSIGNMENT (( #6398 ) ) ;
#5730 = CARTESIAN_POINT ( 'NONE',  ( 0.000000000000000000, 0.000000000000000000, 0.000000000000000000 ) ) ;
#5731 = AXIS2_PLACEMENT_3D ( 'NONE', #1076, #6323, #5623 ) ;
#5732 = AXIS2_PLACEMENT_3D ( 'NONE', #9147, #437, #3279 ) ;
#5733 = DIRECTION ( 'NONE',  ( 0.000000000000000000, -1.000000000000000000, 0.000000000000000000 ) ) ;
#5734 = DIRECTION ( 'NONE',  ( 1.000000000000000000, 0.000000000000000000, 8.673617379884027583E-16 ) ) ;
#5735 = DIRECTION ( 'NONE',  ( 0.000000000000000000, 1.000000000000000000, 0.000000000000000000 ) ) ;
#5736 = VERTEX_POINT ( 'NONE', #3526 ) ;
#5737 = VERTEX_POINT ( 'NONE', #1987 ) ;
#5738 =( LENGTH_UNIT ( ) NAMED_UNIT ( * ) SI_UNIT ( .MILLI., .METRE. ) );
#5739 = VECTOR ( 'NONE', #1991, 1000.000000000000000 ) ;
#5740 = EDGE_LOOP ( 'NONE', ( #9188, #6302, #9150, #7985 ) ) ;
#5741 = ORIENTED_EDGE ( 'NONE', *, *, #4038, .F. ) ;
#5742 = LINE ( 'NONE', #8833, #8799 ) ;
#5743 = EDGE_CURVE ( 'NONE', #3086, #1930, #7103, .T. ) ;
#5744 = DIRECTION ( 'NONE',  ( 0.000000000000000000, 1.000000000000000000, 0.000000000000000000 ) ) ;
#5745 = EDGE_CURVE ( 'NONE', #8805, #6999, #4926, .T. ) ;
#5746 = ORIENTED_EDGE ( 'NONE', *, *, #561, .F. ) ;
#5747 = CARTESIAN_POINT ( 'NONE',  ( -0.8999999999999950262, 0.5005948168962619516, -1.130000000000014326 ) ) ;
#5748 = ADVANCED_FACE ( 'NONE', ( #4881 ), #4081, .F. ) ;
#5749 = VECTOR ( 'NONE', #4253, 1000.000000000000000 ) ;
#5750 = EDGE_CURVE ( 'NONE', #1977, #4771, #1905, .T. ) ;
#5751 = LINE ( 'NONE', #2183, #5341 ) ;
#5752 = EDGE_CURVE ( 'NONE', #6176, #3827, #6243, .T. ) ;
#5753 = FACE_OUTER_BOUND ( 'NONE', #5851, .T. ) ;
#5754 = EDGE_LOOP ( 'NONE', ( #1377, #5090, #1759, #7234 ) ) ;
#5755 = VECTOR ( 'NONE', #8730, 1000.000000000000000 ) ;
#5756 = FACE_OUTER_BOUND ( 'NONE', #1625, .T. ) ;
#5757 = AXIS2_PLACEMENT_3D ( 'NONE', #2509, #1782, #6940 ) ;
#5758 = EDGE_CURVE ( 'NONE', #241, #2276, #5545, .T. ) ;
#5759 = DIRECTION ( 'NONE',  ( 0.000000000000000000, 0.000000000000000000, -1.000000000000000000 ) ) ;
#5760 = AXIS2_PLACEMENT_3D ( 'NONE', #1510, #6516, #1046 ) ;
#5761 = EDGE_LOOP ( 'NONE', ( #4699, #9158, #7143, #3243 ) ) ;
#5762 = EDGE_CURVE ( 'NONE', #5087, #8880, #3613, .T. ) ;
#5763 = PLANE ( 'NONE',  #5908 ) ;
#5764 = PLANE ( 'NONE',  #2234 ) ;
#5765 = DIRECTION ( 'NONE',  ( 0.000000000000000000, 0.000000000000000000, -1.000000000000000000 ) ) ;
#5766 = CARTESIAN_POINT ( 'NONE',  ( 0.3000000000000052625, 0.08000000000000000167, -1.430000000000000382 ) ) ;
#5767 = UNCERTAINTY_MEASURE_WITH_UNIT (LENGTH_MEASURE( 1.000000000000000082E-05 ), #1578, 'distance_accuracy_value', 'NONE');
#5768 = CARTESIAN_POINT ( 'NONE',  ( 0.1000000000000049183, 0.5005948168962619516, 1.500000000000015543 ) ) ;
#5769 = PLANE ( 'NONE',  #9113 ) ;
#5770 = DIRECTION ( 'NONE',  ( 1.000000000000000000, 0.000000000000000000, 0.000000000000000000 ) ) ;
#5771 = DIRECTION ( 'NONE',  ( -1.000000000000000000, 0.000000000000000000, 0.000000000000000000 ) ) ;
#5772 = ORIENTED_EDGE ( 'NONE', *, *, #9030, .T. ) ;
#5773 = CARTESIAN_POINT ( 'NONE',  ( -0.6999999999999949596, 0.5005948168962619516, 1.130000000000010330 ) ) ;
#5774 = EDGE_LOOP ( 'NONE', ( #3155, #7433, #4297, #853 ) ) ;
#5775 = ORIENTED_EDGE ( 'NONE', *, *, #694, .F. ) ;
#5776 = LINE ( 'NONE', #7850, #8325 ) ;
#5777 = DIRECTION ( 'NONE',  ( 0.000000000000000000, 0.000000000000000000, 1.000000000000000000 ) ) ;
#5778 = CARTESIAN_POINT ( 'NONE',  ( 0.7000000000000050626, 0.000000000000000000, 1.130000000000018767 ) ) ;
#5779 =( NAMED_UNIT ( * ) PLANE_ANGLE_UNIT ( ) SI_UNIT ( $, .RADIAN. ) );
#5780 = AXIS2_PLACEMENT_3D ( 'NONE', #410, #3994, #367 ) ;
#5781 = ORIENTED_EDGE ( 'NONE', *, *, #1598, .T. ) ;
#5782 = UNCERTAINTY_MEASURE_WITH_UNIT (LENGTH_MEASURE( 1.000000000000000082E-05 ), #2146, 'distance_accuracy_value', 'NONE');
#5783 = ORIENTED_EDGE ( 'NONE', *, *, #1253, .T. ) ;
#5784 = COLOUR_RGB ( '',1.000000000000000000, 0.8117647058823529438, 0.5019607843137254832 ) ;
#5785 = DIRECTION ( 'NONE',  ( -0.000000000000000000, 0.000000000000000000, -1.000000000000000000 ) ) ;
#5786 = DIRECTION ( 'NONE',  ( 0.000000000000000000, 0.000000000000000000, 1.000000000000000000 ) ) ;
#5787 = FILL_AREA_STYLE ('',( #6504 ) ) ;
#5788 = VECTOR ( 'NONE', #6134, 1000.000000000000000 ) ;
#5789 = VERTEX_POINT ( 'NONE', #4356 ) ;
#5790 = CARTESIAN_POINT ( 'NONE',  ( 1.000000000000004441, 0.000000000000000000, -1.130000000000000338 ) ) ;
#5791 = DIRECTION ( 'NONE',  ( 1.000000000000000000, 0.000000000000000000, 0.000000000000000000 ) ) ;
#5792 = ORIENTED_EDGE ( 'NONE', *, *, #4094, .T. ) ;
#5793 = FACE_OUTER_BOUND ( 'NONE', #7869, .T. ) ;
#5794 = ORIENTED_EDGE ( 'NONE', *, *, #2883, .T. ) ;
#5795 = VECTOR ( 'NONE', #5053, 1000.000000000000000 ) ;
#5796 = VERTEX_POINT ( 'NONE', #3706 ) ;
#5797 = DIRECTION ( 'NONE',  ( 1.000000000000000000, 0.000000000000000000, 0.000000000000000000 ) ) ;
#5798 = AXIS2_PLACEMENT_3D ( 'NONE', #3195, #4650, #1061 ) ;
#5799 = CARTESIAN_POINT ( 'NONE',  ( -1.129999999999999893, 0.000000000000000000, -0.9999999999999892308 ) ) ;
#5800 = ORIENTED_EDGE ( 'NONE', *, *, #3466, .F. ) ;
#5801 = EDGE_CURVE ( 'NONE', #4639, #1248, #3005, .T. ) ;
#5802 = CARTESIAN_POINT ( 'NONE',  ( -0.9750000000000000888, 0.1000000000000000056, -0.5750000000000119460 ) ) ;
#5803 = LINE ( 'NONE', #4387, #5640 ) ;
#5804 = ADVANCED_FACE ( 'NONE', ( #14 ), #4398, .F. ) ;
#5805 = CARTESIAN_POINT ( 'NONE',  ( 0.5000000000000048850, 0.5005948168962619516, 1.500000000000018430 ) ) ;
#5806 = CARTESIAN_POINT ( 'NONE',  ( 1.130000000000007443, 0.5005948168962619516, -0.09999999999998984701 ) ) ;
#5807 = VECTOR ( 'NONE', #2688, 1000.000000000000000 ) ;
#5808 = VECTOR ( 'NONE', #4959, 1000.000000000000000 ) ;
#5809 = DIRECTION ( 'NONE',  ( 0.000000000000000000, 1.000000000000000000, 0.000000000000000000 ) ) ;
#5810 = VERTEX_POINT ( 'NONE', #7195 ) ;
#5811 = EDGE_CURVE ( 'NONE', #2054, #5616, #1520, .T. ) ;
#5812 = FACE_OUTER_BOUND ( 'NONE', #5617, .T. ) ;
#5813 = AXIS2_PLACEMENT_3D ( 'NONE', #3948, #5314, #8280 ) ;
#5814 = EDGE_CURVE ( 'NONE', #7478, #4068, #778, .T. ) ;
#5815 = DIRECTION ( 'NONE',  ( 0.000000000000000000, 0.000000000000000000, -1.000000000000000000 ) ) ;
#5816 = CARTESIAN_POINT ( 'NONE',  ( -1.430000000000000160, 0.08000000000000000167, -0.8999999999999896971 ) ) ;
#5817 = DIRECTION ( 'NONE',  ( 0.000000000000000000, 0.000000000000000000, 1.000000000000000000 ) ) ;
#5818 = CLOSED_SHELL ( 'NONE', ( #7226, #2874, #3623, #3813, #9223, #8973 ) ) ;
#5819 = DIRECTION ( 'NONE',  ( 1.000000000000000000, -0.000000000000000000, -0.000000000000000000 ) ) ;
#5820 = DIRECTION ( 'NONE',  ( -1.000000000000000000, 0.000000000000000000, 0.000000000000000000 ) ) ;
#5821 = CARTESIAN_POINT ( 'NONE',  ( 0.06500000000000717704, 0.08000000000000000167, -0.06500000000000603906 ) ) ;
#5822 = EDGE_CURVE ( 'NONE', #8787, #5265, #5015, .T. ) ;
#5823 = VECTOR ( 'NONE', #6181, 1000.000000000000000 ) ;
#5824 = CARTESIAN_POINT ( 'NONE',  ( 1.430000000000000160, 0.08000000000000000167, 0.4999999999999898415 ) ) ;
#5825 = CARTESIAN_POINT ( 'NONE',  ( -0.7249999999999998668, 0.4535533905932740972, -0.5750000000000117240 ) ) ;
#5826 = VERTEX_POINT ( 'NONE', #1561 ) ;
#5827 = CLOSED_SHELL ( 'NONE', ( #8074, #2821, #8905, #6103, #2358, #2515 ) ) ;
#5828 = CARTESIAN_POINT ( 'NONE',  ( -0.8999999999999950262, 0.000000000000000000, -1.130000000000014326 ) ) ;
#5829 = DIRECTION ( 'NONE',  ( 0.000000000000000000, 0.000000000000000000, 1.000000000000000000 ) ) ;
#5830 = CARTESIAN_POINT ( 'NONE',  ( 0.000000000000000000, 0.08000000000000000167, 0.000000000000000000 ) ) ;
#5831 = PRESENTATION_LAYER_ASSIGNMENT (  '', '', ( #8537 ) ) ;
#5832 = LINE ( 'NONE', #3018, #6194 ) ;
#5833 = CARTESIAN_POINT ( 'NONE',  ( 1.430000000000000160, 0.000000000000000000, -0.4999999999999898415 ) ) ;
#5834 = UNCERTAINTY_MEASURE_WITH_UNIT (LENGTH_MEASURE( 1.000000000000000082E-05 ), #1726, 'distance_accuracy_value', 'NONE');
#5835 = UNCERTAINTY_MEASURE_WITH_UNIT (LENGTH_MEASURE( 1.000000000000000082E-05 ), #2462, 'distance_accuracy_value', 'NONE');
#5836 = EDGE_LOOP ( 'NONE', ( #9102, #2521, #5292, #1054 ) ) ;
#5837 = ORIENTED_EDGE ( 'NONE', *, *, #3982, .F. ) ;
#5838 = VECTOR ( 'NONE', #8815, 1000.000000000000000 ) ;
#5839 = EDGE_CURVE ( 'NONE', #2560, #6037, #6528, .T. ) ;
#5840 = STYLED_ITEM ( 'NONE', ( #1297 ), #5748 ) ;
#5841 = DIRECTION ( 'NONE',  ( 0.000000000000000000, 0.000000000000000000, 1.000000000000000000 ) ) ;
#5842 = DIRECTION ( 'NONE',  ( -1.000000000000000000, 0.000000000000000000, 0.000000000000000000 ) ) ;
#5843 = CARTESIAN_POINT ( 'NONE',  ( -1.130000000000005445, 0.000000000000000000, 0.5000000000000099920 ) ) ;
#5844 = VERTEX_POINT ( 'NONE', #58 ) ;
#5845 = CARTESIAN_POINT ( 'NONE',  ( -0.2999999999999948264, -1.084202172485504434E-16, -1.430000000000000382 ) ) ;
#5846 = CARTESIAN_POINT ( 'NONE',  ( -1.099999999999994982, 0.07999999999999998779, 1.500000000000007327 ) ) ;
#5847 = ORIENTED_EDGE ( 'NONE', *, *, #6330, .T. ) ;
#5848 = AXIS2_PLACEMENT_3D ( 'NONE', #2585, #6282, #6953 ) ;
#5849 = SURFACE_STYLE_USAGE ( .BOTH. , #674 ) ;
#5850 = VERTEX_POINT ( 'NONE', #2153 ) ;
#5851 = EDGE_LOOP ( 'NONE', ( #1658, #6952, #328, #5365 ) ) ;
#5852 = SURFACE_STYLE_USAGE ( .BOTH. , #244 ) ;
#5853 = ORIENTED_EDGE ( 'NONE', *, *, #46, .T. ) ;
#5854 = DIRECTION ( 'NONE',  ( 0.000000000000000000, 0.000000000000000000, -1.000000000000000000 ) ) ;
#5855 = LINE ( 'NONE', #6042, #3847 ) ;
#5856 = DIRECTION ( 'NONE',  ( 0.000000000000000000, 0.000000000000000000, -1.000000000000000000 ) ) ;
#5857 = EDGE_LOOP ( 'NONE', ( #7926, #2187, #8271, #1507, #1169 ) ) ;
#5858 = CARTESIAN_POINT ( 'NONE',  ( -1.430000000000000160, -1.084202172485504434E-16, -0.4999999999999898415 ) ) ;
#5859 = PLANE ( 'NONE',  #2056 ) ;
#5860 = ADVANCED_FACE ( 'NONE', ( #7884 ), #5764, .F. ) ;
#5861 = LINE ( 'NONE', #8716, #395 ) ;
#5862 =( LENGTH_UNIT ( ) NAMED_UNIT ( * ) SI_UNIT ( .MILLI., .METRE. ) );
#5863 = CARTESIAN_POINT ( 'NONE',  ( -1.430000000000000160, 0.08000000000000000167, -0.6999999999999899636 ) ) ;
#5864 = ADVANCED_FACE ( 'NONE', ( #7239 ), #7287, .F. ) ;
#5865 =( LENGTH_UNIT ( ) NAMED_UNIT ( * ) SI_UNIT ( .MILLI., .METRE. ) );
#5866 = CARTESIAN_POINT ( 'NONE',  ( -0.4999999999999946154, 0.5005948168962619516, -1.130000000000012106 ) ) ;
#5867 = EDGE_CURVE ( 'NONE', #5796, #3903, #1426, .T. ) ;
#5868 = ORIENTED_EDGE ( 'NONE', *, *, #2323, .F. ) ;
#5869 = CARTESIAN_POINT ( 'NONE',  ( -1.130000000000008997, -1.084202172485504434E-16, 0.1000000000000101225 ) ) ;
#5870 = ORIENTED_EDGE ( 'NONE', *, *, #8983, .F. ) ;
#5871 = EDGE_LOOP ( 'NONE', ( #947, #5249, #2702, #2580, #6470 ) ) ;
#5872 = CARTESIAN_POINT ( 'NONE',  ( 1.130000000000006111, 0.07999999999999998779, 0.1000000000000100253 ) ) ;
#5873 = LINE ( 'NONE', #5969, #2179 ) ;
#5874 = FACE_OUTER_BOUND ( 'NONE', #9096, .T. ) ;
#5875 = ADVANCED_FACE ( 'NONE', ( #3569 ), #6428, .F. ) ;
#5876 = EDGE_CURVE ( 'NONE', #2997, #8913, #8862, .T. ) ;
#5877 = EDGE_CURVE ( 'NONE', #2355, #2865, #1106, .T. ) ;
#5878 = DIRECTION ( 'NONE',  ( 0.000000000000000000, 0.000000000000000000, 1.000000000000000000 ) ) ;
#5879 = PLANE ( 'NONE',  #5147 ) ;
#5880 = CARTESIAN_POINT ( 'NONE',  ( -0.8999999999999952482, 0.07999999999999998779, 1.500000000000007105 ) ) ;
#5881 = EDGE_CURVE ( 'NONE', #4727, #7111, #8272, .T. ) ;
#5882 = ORIENTED_EDGE ( 'NONE', *, *, #1108, .T. ) ;
#5883 = ORIENTED_EDGE ( 'NONE', *, *, #7558, .F. ) ;
#5884 = ADVANCED_FACE ( 'NONE', ( #2433 ), #6776, .F. ) ;
#5885 = EDGE_CURVE ( 'NONE', #9238, #991, #8908, .T. ) ;
#5886 = CARTESIAN_POINT ( 'NONE',  ( -1.130000000000008997, 0.000000000000000000, 0.1000000000000101225 ) ) ;
#5887 = PRESENTATION_STYLE_ASSIGNMENT (( #8107 ) ) ;
#5888 = ORIENTED_EDGE ( 'NONE', *, *, #3449, .F. ) ;
#5889 = VERTEX_POINT ( 'NONE', #8080 ) ;
#5890 = ORIENTED_EDGE ( 'NONE', *, *, #8357, .F. ) ;
#5891 = CARTESIAN_POINT ( 'NONE',  ( 1.130000000000008997, 0.08000000000000000167, 0.1000000000000101225 ) ) ;
#5892 = AXIS2_PLACEMENT_3D ( 'NONE', #2664, #9049, #9187 ) ;
#5893 = LINE ( 'NONE', #4487, #6906 ) ;
#5894 = ORIENTED_EDGE ( 'NONE', *, *, #4266, .T. ) ;
#5895 = CARTESIAN_POINT ( 'NONE',  ( -1.499999999999999778, 0.1049999999999999545, 1.499999999999999778 ) ) ;
#5896 = CARTESIAN_POINT ( 'NONE',  ( -1.499999999999999778, 0.9699999999999999734, 1.499999999999999778 ) ) ;
#5897 = CARTESIAN_POINT ( 'NONE',  ( 0.9000000000000051292, 0.000000000000000000, -1.130000000000000338 ) ) ;
#5898 = VECTOR ( 'NONE', #7671, 1000.000000000000000 ) ;
#5899 = ORIENTED_EDGE ( 'NONE', *, *, #6564, .F. ) ;
#5900 = VECTOR ( 'NONE', #3197, 1000.000000000000000 ) ;
#5901 = CARTESIAN_POINT ( 'NONE',  ( -0.5000000000000052180, -0.3605551275463988459, -1.130000000000003668 ) ) ;
#5902 = LINE ( 'NONE', #6476, #5042 ) ;
#5904 = VECTOR ( 'NONE', #5007, 1000.000000000000000 ) ;
#5903 = FILL_AREA_STYLE_COLOUR ( '', #6976 ) ;
#5905 = DIRECTION ( 'NONE',  ( 0.000000000000000000, 0.000000000000000000, -1.000000000000000000 ) ) ;
#5906 = FILL_AREA_STYLE_COLOUR ( '', #3963 ) ;
#5907 = CARTESIAN_POINT ( 'NONE',  ( 1.130000000000006111, 0.000000000000000000, 0.3000000000000100919 ) ) ;
#5908 = AXIS2_PLACEMENT_3D ( 'NONE', #2151, #3568, #4311 ) ;
#5909 = DIRECTION ( 'NONE',  ( 1.000000000000000000, 0.000000000000000000, -0.000000000000000000 ) ) ;
#5910 = FACE_OUTER_BOUND ( 'NONE', #6308, .T. ) ;
#5911 = VECTOR ( 'NONE', #8425, 1000.000000000000000 ) ;
#5912 = EDGE_LOOP ( 'NONE', ( #8199, #4071, #7823, #3111 ) ) ;
#5913 = VECTOR ( 'NONE', #5466, 1000.000000000000000 ) ;
#5914 = DIRECTION ( 'NONE',  ( 1.000000000000000000, 0.000000000000000000, -0.000000000000000000 ) ) ;
#5915 = ORIENTED_EDGE ( 'NONE', *, *, #6974, .T. ) ;
#5916 = VERTEX_POINT ( 'NONE', #4595 ) ;
#5917 = ADVANCED_FACE ( 'NONE', ( #1665 ), #1058, .F. ) ;
#5918 = CARTESIAN_POINT ( 'NONE',  ( 1.130000000000010330, 0.08000000000000000167, 0.9999999999999900080 ) ) ;
#5919 = CARTESIAN_POINT ( 'NONE',  ( 0.1000000000000049183, 0.000000000000000000, 1.130000000000015881 ) ) ;
#5920 = PLANE ( 'NONE',  #170 ) ;
#5921 = AXIS2_PLACEMENT_3D ( 'NONE', #2351, #5169, #6648 ) ;
#5922 = CARTESIAN_POINT ( 'NONE',  ( 0.9000000000000051292, 0.000000000000000000, 1.430000000000000382 ) ) ;
#5923 = FILL_AREA_STYLE_COLOUR ( '', #6143 ) ;
#5924 = DIRECTION ( 'NONE',  ( -1.000000000000000000, 0.000000000000000000, -1.084202172485505223E-15 ) ) ;
#5925 = DIRECTION ( 'NONE',  ( -1.000000000000000000, 0.000000000000000000, 0.000000000000000000 ) ) ;
#5926 = ORIENTED_EDGE ( 'NONE', *, *, #1716, .F. ) ;
#5927 = ORIENTED_EDGE ( 'NONE', *, *, #2873, .T. ) ;
#5928 = EDGE_CURVE ( 'NONE', #6508, #7907, #7566, .T. ) ;
#5929 = VECTOR ( 'NONE', #7240, 1000.000000000000000 ) ;
#5930 = DIRECTION ( 'NONE',  ( 0.7071067811865536790, -0.000000000000000000, -0.7071067811865414665 ) ) ;
#5931 = DIRECTION ( 'NONE',  ( 0.000000000000000000, 0.000000000000000000, 1.000000000000000000 ) ) ;
#5932 = ORIENTED_EDGE ( 'NONE', *, *, #393, .T. ) ;
#5933 = FACE_OUTER_BOUND ( 'NONE', #6276, .T. ) ;
#5934 = CARTESIAN_POINT ( 'NONE',  ( -1.499999999999999778, 0.1049999999999999545, 1.499999999999999778 ) ) ;
#5935 = PRESENTATION_LAYER_ASSIGNMENT (  '', '', ( #4009 ) ) ;
#5936 = VERTEX_POINT ( 'NONE', #6725 ) ;
#5937 = EDGE_LOOP ( 'NONE', ( #2370, #5237, #8152, #5095 ) ) ;
#5938 = PLANE ( 'NONE',  #8643 ) ;
#5939 = ADVANCED_FACE ( 'NONE', ( #2481 ), #8762, .T. ) ;
#5940 = EDGE_LOOP ( 'NONE', ( #8267, #4961, #1872, #4590 ) ) ;
#5941 = ORIENTED_EDGE ( 'NONE', *, *, #4598, .F. ) ;
#5942 = VECTOR ( 'NONE', #2164, 1000.000000000000000 ) ;
#5943 = LINE ( 'NONE', #2469, #4327 ) ;
#5944 = ORIENTED_EDGE ( 'NONE', *, *, #7938, .F. ) ;
#5945 = CARTESIAN_POINT ( 'NONE',  ( 1.100000000000004974, 0.08000000000000000167, -1.430000000000000382 ) ) ;
#5946 = CARTESIAN_POINT ( 'NONE',  ( -1.430000000000000160, 0.08000000000000000167, 0.3000000000000102029 ) ) ;
#5947 = ORIENTED_EDGE ( 'NONE', *, *, #8628, .T. ) ;
#5948 = ORIENTED_EDGE ( 'NONE', *, *, #2827, .F. ) ;
#5949 = VECTOR ( 'NONE', #7741, 1000.000000000000000 ) ;
#5950 = VECTOR ( 'NONE', #2854, 1000.000000000000000 ) ;
#5951 =( NAMED_UNIT ( * ) SI_UNIT ( $, .STERADIAN. ) SOLID_ANGLE_UNIT ( ) );
#5952 = VECTOR ( 'NONE', #3095, 1000.000000000000000 ) ;
#5953 = CARTESIAN_POINT ( 'NONE',  ( -1.130000000000002780, 0.5005948168962619516, -0.2999999999999899414 ) ) ;
#5954 = CARTESIAN_POINT ( 'NONE',  ( -0.6999999999999946265, 0.5005948168962619516, -1.130000000000012106 ) ) ;
#5955 = CARTESIAN_POINT ( 'NONE',  ( 0.3000000000000053180, 0.5005948168962619516, -1.130000000000006333 ) ) ;
#5956 = LINE ( 'NONE', #8134, #3892 ) ;
#5957 = VECTOR ( 'NONE', #371, 1000.000000000000000 ) ;
#5958 = DIRECTION ( 'NONE',  ( -0.000000000000000000, -1.000000000000000000, -0.000000000000000000 ) ) ;
#5959 = DIRECTION ( 'NONE',  ( 0.000000000000000000, 1.000000000000000000, 0.000000000000000000 ) ) ;
#5960 = DIRECTION ( 'NONE',  ( 0.000000000000000000, -1.000000000000000000, 0.000000000000000000 ) ) ;
#5961 = PLANE ( 'NONE',  #8076 ) ;
#5962 = ORIENTED_EDGE ( 'NONE', *, *, #796, .F. ) ;
#5964 = VECTOR ( 'NONE', #4551, 1000.000000000000000 ) ;
#5963 = PLANE ( 'NONE',  #7120 ) ;
#5965 = ORIENTED_EDGE ( 'NONE', *, *, #3487, .F. ) ;
#5966 = VECTOR ( 'NONE', #3664, 1000.000000000000000 ) ;
#5967 = ORIENTED_EDGE ( 'NONE', *, *, #8050, .F. ) ;
#5968 = LINE ( 'NONE', #1722, #2313 ) ;
#5969 = CARTESIAN_POINT ( 'NONE',  ( -1.149999999999999689, 0.5164466094067252655, -1.275000000000000577 ) ) ;
#5970 = DIRECTION ( 'NONE',  ( 0.7071067811865414665, -0.000000000000000000, 0.7071067811865536790 ) ) ;
#5971 = AXIS2_PLACEMENT_3D ( 'NONE', #4350, #7137, #7233 ) ;
#5972 = DIRECTION ( 'NONE',  ( 1.000000000000000000, -0.000000000000000000, -0.000000000000000000 ) ) ;
#5973 = CARTESIAN_POINT ( 'NONE',  ( -1.129999999999999893, 0.000000000000000000, -1.099999999999989875 ) ) ;
#5974 = LINE ( 'NONE', #3911, #2964 ) ;
#5975 = LINE ( 'NONE', #8568, #4762 ) ;
#5976 = ORIENTED_EDGE ( 'NONE', *, *, #2928, .T. ) ;
#5977 = VERTEX_POINT ( 'NONE', #1153 ) ;
#5978 = ADVANCED_FACE ( 'NONE', ( #6675 ), #6816, .F. ) ;
#5979 = EDGE_CURVE ( 'NONE', #293, #8350, #4503, .T. ) ;
#5980 = CARTESIAN_POINT ( 'NONE',  ( -0.09999999999999462097, 0.5005948168962619516, -1.130000000000009219 ) ) ;
#5981 = ORIENTED_EDGE ( 'NONE', *, *, #5421, .T. ) ;
#5982 = PLANE ( 'NONE',  #8819 ) ;
#5983 = DIRECTION ( 'NONE',  ( -0.000000000000000000, 0.000000000000000000, 1.000000000000000000 ) ) ;
#5984 = ORIENTED_EDGE ( 'NONE', *, *, #2147, .T. ) ;
#5985 = DIRECTION ( 'NONE',  ( 0.000000000000000000, 0.000000000000000000, 1.000000000000000000 ) ) ;
#5986 = FILL_AREA_STYLE ('',( #3080 ) ) ;
#5987 = EDGE_CURVE ( 'NONE', #8268, #7907, #8222, .T. ) ;
#5988 = VECTOR ( 'NONE', #1804, 1000.000000000000000 ) ;
#5989 = ORIENTED_EDGE ( 'NONE', *, *, #7388, .T. ) ;
#5990 = EDGE_LOOP ( 'NONE', ( #6505, #2007, #4015, #1388 ) ) ;
#5991 = CARTESIAN_POINT ( 'NONE',  ( 1.130000000000003446, 0.000000000000000000, 0.9000000000000101252 ) ) ;
#5992 = EDGE_CURVE ( 'NONE', #7642, #793, #3091, .T. ) ;
#5993 = VECTOR ( 'NONE', #8223, 1000.000000000000000 ) ;
#5994 = MECHANICAL_DESIGN_GEOMETRIC_PRESENTATION_REPRESENTATION (  '', ( #8837 ), #5637 ) ;
#5995 = ORIENTED_EDGE ( 'NONE', *, *, #4362, .T. ) ;
#5996 = CARTESIAN_POINT ( 'NONE',  ( 0.9000000000000051292, 0.5005948168962619516, -1.130000000000000338 ) ) ;
#5997 = AXIS2_PLACEMENT_3D ( 'NONE', #4302, #2853, #6369 ) ;
#5998 = CARTESIAN_POINT ( 'NONE',  ( 1.230000000000011973, 0.08000000000000000167, -1.099999999999989875 ) ) ;
#5999 = CARTESIAN_POINT ( 'NONE',  ( -1.130000000000010330, 0.08000000000000000167, -0.9999999999999900080 ) ) ;
#6000 = VERTEX_POINT ( 'NONE', #306 ) ;
#6001 = ORIENTED_EDGE ( 'NONE', *, *, #5698, .F. ) ;
#6002 = EDGE_CURVE ( 'NONE', #6840, #6371, #397, .T. ) ;
#6003 = EDGE_CURVE ( 'NONE', #1846, #3172, #8957, .T. ) ;
#6004 = CARTESIAN_POINT ( 'NONE',  ( 1.130000000000010330, 0.000000000000000000, -0.8999999999999896971 ) ) ;
#6005 = EDGE_CURVE ( 'NONE', #269, #3507, #5403, .T. ) ;
#6006 =( GEOMETRIC_REPRESENTATION_CONTEXT ( 3 ) GLOBAL_UNCERTAINTY_ASSIGNED_CONTEXT ( ( #4941 ) ) GLOBAL_UNIT_ASSIGNED_CONTEXT ( ( #9183, #582, #6267 ) ) REPRESENTATION_CONTEXT ( 'NONE', 'WORKASPACE' ) );
#6007 = DIRECTION ( 'NONE',  ( 1.000000000000000000, 0.000000000000000000, 0.000000000000000000 ) ) ;
#6008 = DIRECTION ( 'NONE',  ( -0.000000000000000000, 1.000000000000000000, -0.000000000000000000 ) ) ;
#6009 =( NAMED_UNIT ( * ) PLANE_ANGLE_UNIT ( ) SI_UNIT ( $, .RADIAN. ) );
#6010 = DIRECTION ( 'NONE',  ( -1.000000000000000000, -0.000000000000000000, -0.000000000000000000 ) ) ;
#6011 = ORIENTED_EDGE ( 'NONE', *, *, #5360, .F. ) ;
#6012 = LINE ( 'NONE', #358, #7020 ) ;
#6013 = CARTESIAN_POINT ( 'NONE',  ( -0.5000000000000052180, -0.3605551275463988459, 1.130000000000003668 ) ) ;
#6014 = CARTESIAN_POINT ( 'NONE',  ( -0.09999999999999473199, -0.3605551275463988459, -1.430000000000000382 ) ) ;
#6015 =( NAMED_UNIT ( * ) PLANE_ANGLE_UNIT ( ) SI_UNIT ( $, .RADIAN. ) );
#6016 = VERTEX_POINT ( 'NONE', #6632 ) ;
#6017 = SURFACE_STYLE_FILL_AREA ( #315 ) ;
#6018 = ORIENTED_EDGE ( 'NONE', *, *, #1039, .F. ) ;
#6019 = ORIENTED_EDGE ( 'NONE', *, *, #3576, .T. ) ;
#6020 = DIRECTION ( 'NONE',  ( -1.000000000000000000, 0.000000000000000000, 0.000000000000000000 ) ) ;
#6021 = DIRECTION ( 'NONE',  ( 0.000000000000000000, -0.000000000000000000, 1.000000000000000000 ) ) ;
#6022 = DIRECTION ( 'NONE',  ( -1.000000000000000000, 0.000000000000000000, -0.000000000000000000 ) ) ;
#6023 = CARTESIAN_POINT ( 'NONE',  ( -1.099999999999994760, 0.000000000000000000, -1.230000000000015747 ) ) ;
#6024 = DIRECTION ( 'NONE',  ( 0.000000000000000000, -0.000000000000000000, -1.000000000000000000 ) ) ;
#6025 = FACE_OUTER_BOUND ( 'NONE', #3443, .T. ) ;
#6026 = LINE ( 'NONE', #5880, #1055 ) ;
#6027 = CARTESIAN_POINT ( 'NONE',  ( -1.430000000000000160, 0.08000000000000000167, -0.09999999999998980538 ) ) ;
#6028 = VERTEX_POINT ( 'NONE', #206 ) ;
#6029 = VERTEX_POINT ( 'NONE', #3042 ) ;
#6030 = DIRECTION ( 'NONE',  ( 0.000000000000000000, 0.000000000000000000, 1.000000000000000000 ) ) ;
#6031 = FACE_OUTER_BOUND ( 'NONE', #373, .T. ) ;
#6032 = SURFACE_STYLE_FILL_AREA ( #2413 ) ;
#6033 = EDGE_LOOP ( 'NONE', ( #9171, #2149, #5281, #1904 ) ) ;
#6034 = ORIENTED_EDGE ( 'NONE', *, *, #3693, .T. ) ;
#6035 = SURFACE_STYLE_USAGE ( .BOTH. , #6616 ) ;
#6036 = ORIENTED_EDGE ( 'NONE', *, *, #4790, .T. ) ;
#6037 = VERTEX_POINT ( 'NONE', #4033 ) ;
#6038 = EDGE_CURVE ( 'NONE', #807, #8887, #502, .T. ) ;
#6039 = DIRECTION ( 'NONE',  ( -0.000000000000000000, 0.000000000000000000, -1.000000000000000000 ) ) ;
#6040 = ORIENTED_EDGE ( 'NONE', *, *, #6209, .T. ) ;
#6041 =( NAMED_UNIT ( * ) SI_UNIT ( $, .STERADIAN. ) SOLID_ANGLE_UNIT ( ) );
#6042 = CARTESIAN_POINT ( 'NONE',  ( 0.3000000000000052625, 0.08000000000000000167, -1.430000000000000382 ) ) ;
#6043 = ORIENTED_EDGE ( 'NONE', *, *, #5822, .T. ) ;
#6044 = EDGE_LOOP ( 'NONE', ( #5610, #4205, #1527, #6327 ) ) ;
#6045 = FILL_AREA_STYLE_COLOUR ( '', #5293 ) ;
#6046 = VERTEX_POINT ( 'NONE', #5577 ) ;
#6047 = VECTOR ( 'NONE', #2930, 1000.000000000000000 ) ;
#6048 = EDGE_CURVE ( 'NONE', #6768, #6132, #9193, .T. ) ;
#6049 = EDGE_CURVE ( 'NONE', #8835, #1674, #1286, .T. ) ;
#6050 = DIRECTION ( 'NONE',  ( 0.000000000000000000, 0.000000000000000000, -1.000000000000000000 ) ) ;
#6051 = EDGE_CURVE ( 'NONE', #4408, #8350, #6915, .T. ) ;
#6052 = DIRECTION ( 'NONE',  ( -0.000000000000000000, 0.000000000000000000, -1.000000000000000000 ) ) ;
#6053 = STYLED_ITEM ( 'NONE', ( #507 ), #4032 ) ;
#6054 = ADVANCED_FACE ( 'NONE', ( #2671 ), #3388, .T. ) ;
#6055 = DIRECTION ( 'NONE',  ( 0.7071067811865414665, 0.000000000000000000, -0.7071067811865536790 ) ) ;
#6056 = VERTEX_POINT ( 'NONE', #8401 ) ;
#6057 = CARTESIAN_POINT ( 'NONE',  ( -0.6999999999999946265, 0.5005948168962619516, -1.500000000000011768 ) ) ;
#6058 = ADVANCED_FACE ( 'NONE', ( #3436 ), #2754, .T. ) ;
#6059 = VECTOR ( 'NONE', #7139, 1000.000000000000000 ) ;
#6060 = ORIENTED_EDGE ( 'NONE', *, *, #6261, .T. ) ;
#6061 = LINE ( 'NONE', #5310, #3059 ) ;
#6062 = ORIENTED_EDGE ( 'NONE', *, *, #3882, .T. ) ;
#6063 = ORIENTED_EDGE ( 'NONE', *, *, #798, .T. ) ;
#6064 = VECTOR ( 'NONE', #4451, 1000.000000000000000 ) ;
#6065 = CARTESIAN_POINT ( 'NONE',  ( 0.1000000000000051958, -0.3605551275463988459, 1.130000000000003668 ) ) ;
#6066 = LINE ( 'NONE', #8192, #2971 ) ;
#6067 = CARTESIAN_POINT ( 'NONE',  ( -1.500000000000001110, 0.07999999999999998779, -0.6999999999999899636 ) ) ;
#6068 =( NAMED_UNIT ( * ) PLANE_ANGLE_UNIT ( ) SI_UNIT ( $, .RADIAN. ) );
#6069 = AXIS2_PLACEMENT_3D ( 'NONE', #4777, #8442, #5574 ) ;
#6070 = VECTOR ( 'NONE', #8381, 1000.000000000000000 ) ;
#6071 = PLANE ( 'NONE',  #1492 ) ;
#6072 = MECHANICAL_DESIGN_GEOMETRIC_PRESENTATION_REPRESENTATION (  '', ( #7586 ), #8910 ) ;
#6073 = LINE ( 'NONE', #3167, #3565 ) ;
#6074 = EDGE_LOOP ( 'NONE', ( #2278, #8821, #3408, #3918 ) ) ;
#6075 = ORIENTED_EDGE ( 'NONE', *, *, #4992, .F. ) ;
#6076 = EDGE_CURVE ( 'NONE', #3595, #7387, #6232, .T. ) ;
#6077 = CARTESIAN_POINT ( 'NONE',  ( 1.430000000000000160, 0.08000000000000000167, 0.6999999999999899636 ) ) ;
#6078 = FILL_AREA_STYLE_COLOUR ( '', #7759 ) ;
#6079 = ORIENTED_EDGE ( 'NONE', *, *, #9213, .F. ) ;
#6080 = LINE ( 'NONE', #4713, #996 ) ;
#6081 = ORIENTED_EDGE ( 'NONE', *, *, #7436, .T. ) ;
#6082 = SURFACE_SIDE_STYLE ('',( #5233 ) ) ;
#6083 = ORIENTED_EDGE ( 'NONE', *, *, #4993, .T. ) ;
#6084 = VERTEX_POINT ( 'NONE', #9055 ) ;
#6085 = FILL_AREA_STYLE_COLOUR ( '', #5669 ) ;
#6086 = FILL_AREA_STYLE_COLOUR ( '', #8387 ) ;
#6087 = SURFACE_STYLE_USAGE ( .BOTH. , #385 ) ;
#6088 = LINE ( 'NONE', #3886, #7490 ) ;
#6089 = ORIENTED_EDGE ( 'NONE', *, *, #7503, .F. ) ;
#6090 = PLANE ( 'NONE',  #9051 ) ;
#6091 = ORIENTED_EDGE ( 'NONE', *, *, #3315, .T. ) ;
#6092 = DIRECTION ( 'NONE',  ( 0.000000000000000000, 1.000000000000000000, 0.000000000000000000 ) ) ;
#6093 = VECTOR ( 'NONE', #7247, 1000.000000000000000 ) ;
#6094 = EDGE_CURVE ( 'NONE', #106, #7130, #9103, .T. ) ;
#6095 = LINE ( 'NONE', #8221, #1586 ) ;
#6096 = AXIS2_PLACEMENT_3D ( 'NONE', #9232, #2742, #6461 ) ;
#6097 = EDGE_CURVE ( 'NONE', #5263, #77, #8355, .T. ) ;
#6098 = CARTESIAN_POINT ( 'NONE',  ( 1.100000000000004974, -0.3605551275463988459, -1.430000000000000382 ) ) ;
#6099 = CARTESIAN_POINT ( 'NONE',  ( 0.5000000000000052180, -1.084202172485504434E-16, -1.130000000000003668 ) ) ;
#6100 = COLOUR_RGB ( '',1.000000000000000000, 0.8117647058823529438, 0.5019607843137254832 ) ;
#6101 = ORIENTED_EDGE ( 'NONE', *, *, #4362, .F. ) ;
#6102 = CARTESIAN_POINT ( 'NONE',  ( 1.430000000000000160, -1.084202172485504434E-16, 0.6999999999999899636 ) ) ;
#6103 = ADVANCED_FACE ( 'NONE', ( #1246 ), #4917, .F. ) ;
#6104 = VECTOR ( 'NONE', #1891, 1000.000000000000000 ) ;
#6105 = ORIENTED_EDGE ( 'NONE', *, *, #1525, .F. ) ;
#6106 = DIRECTION ( 'NONE',  ( 1.000000000000000000, 0.000000000000000000, 0.000000000000000000 ) ) ;
#6107 = EDGE_LOOP ( 'NONE', ( #1121, #861, #7868, #9244 ) ) ;
#6108 = DIRECTION ( 'NONE',  ( -0.000000000000000000, -1.000000000000000000, -0.000000000000000000 ) ) ;
#6109 = VECTOR ( 'NONE', #3309, 1000.000000000000000 ) ;
#6110 =( NAMED_UNIT ( * ) PLANE_ANGLE_UNIT ( ) SI_UNIT ( $, .RADIAN. ) );
#6111 = LINE ( 'NONE', #1217, #8630 ) ;
#6112 = CARTESIAN_POINT ( 'NONE',  ( -1.130000000000005445, 0.000000000000000000, 0.5000000000000099920 ) ) ;
#6113 = EDGE_CURVE ( 'NONE', #5736, #1648, #7792, .T. ) ;
#6114 = PLANE ( 'NONE',  #9201 ) ;
#6115 =( LENGTH_UNIT ( ) NAMED_UNIT ( * ) SI_UNIT ( .MILLI., .METRE. ) );
#6116 = SURFACE_SIDE_STYLE ('',( #6881 ) ) ;
#6117 = EDGE_LOOP ( 'NONE', ( #7211, #2174, #7917, #7546 ) ) ;
#6118 = AXIS2_PLACEMENT_3D ( 'NONE', #1442, #8473, #7116 ) ;
#6119 = VECTOR ( 'NONE', #8831, 1000.000000000000000 ) ;
#6120 = PLANE ( 'NONE',  #704 ) ;
#6121 = FACE_OUTER_BOUND ( 'NONE', #7830, .T. ) ;
#6122 = ORIENTED_EDGE ( 'NONE', *, *, #1473, .F. ) ;
#6123 = VERTEX_POINT ( 'NONE', #4827 ) ;
#6124 = VECTOR ( 'NONE', #5283, 1000.000000000000000 ) ;
#6125 = ORIENTED_EDGE ( 'NONE', *, *, #8847, .T. ) ;
#6126 = EDGE_LOOP ( 'NONE', ( #216, #3665, #9233, #2988 ) ) ;
#6127 = AXIS2_PLACEMENT_3D ( 'NONE', #1278, #1405, #2172 ) ;
#6128 = FILL_AREA_STYLE_COLOUR ( '', #7056 ) ;
#6129 = ORIENTED_EDGE ( 'NONE', *, *, #8126, .T. ) ;
#6130 = CARTESIAN_POINT ( 'NONE',  ( 0.5000000000000048850, 0.000000000000000000, 1.130000000000018767 ) ) ;
#6131 = DIRECTION ( 'NONE',  ( 0.000000000000000000, 0.000000000000000000, -1.000000000000000000 ) ) ;
#6132 = VERTEX_POINT ( 'NONE', #9155 ) ;
#6133 = VECTOR ( 'NONE', #4659, 1000.000000000000000 ) ;
#6134 = DIRECTION ( 'NONE',  ( -1.000000000000000000, -0.000000000000000000, -0.000000000000000000 ) ) ;
#6135 = CARTESIAN_POINT ( 'NONE',  ( 1.130000000000008997, 0.08000000000000000167, -0.6999999999999899636 ) ) ;
#6136 = ORIENTED_EDGE ( 'NONE', *, *, #6933, .F. ) ;
#6137 = AXIS2_PLACEMENT_3D ( 'NONE', #755, #3592, #6459 ) ;
#6138 =( NAMED_UNIT ( * ) SI_UNIT ( $, .STERADIAN. ) SOLID_ANGLE_UNIT ( ) );
#6139 = ORIENTED_EDGE ( 'NONE', *, *, #4674, .F. ) ;
#6140 = VERTEX_POINT ( 'NONE', #2716 ) ;
#6141 = CARTESIAN_POINT ( 'NONE',  ( -0.09999999999999473199, 0.000000000000000000, 1.130000000000003668 ) ) ;
#6142 = AXIS2_PLACEMENT_3D ( 'NONE', #7426, #7477, #6580 ) ;
#6143 = COLOUR_RGB ( '',1.000000000000000000, 0.8117647058823529438, 0.5019607843137254832 ) ;
#6144 = LINE ( 'NONE', #2583, #2624 ) ;
#6145 = VECTOR ( 'NONE', #5815, 1000.000000000000000 ) ;
#6146 = ORIENTED_EDGE ( 'NONE', *, *, #4956, .F. ) ;
#6147 = DIRECTION ( 'NONE',  ( 0.000000000000000000, 1.000000000000000000, -0.000000000000000000 ) ) ;
#6148 = DIRECTION ( 'NONE',  ( 1.000000000000000000, -0.000000000000000000, 0.000000000000000000 ) ) ;
#6149 = UNCERTAINTY_MEASURE_WITH_UNIT (LENGTH_MEASURE( 1.000000000000000082E-05 ), #4811, 'distance_accuracy_value', 'NONE');
#6150 = LINE ( 'NONE', #4651, #2349 ) ;
#6151 = FILL_AREA_STYLE ('',( #1943 ) ) ;
#6152 = ORIENTED_EDGE ( 'NONE', *, *, #5839, .F. ) ;
#6153 = LINE ( 'NONE', #7617, #1145 ) ;
#6154 = EDGE_LOOP ( 'NONE', ( #6089, #8650, #4911, #4739 ) ) ;
#6155 = LINE ( 'NONE', #9017, #8682 ) ;
#6156 = ADVANCED_FACE ( 'NONE', ( #5621 ), #7745, .T. ) ;
#6157 = DIRECTION ( 'NONE',  ( 1.000000000000000000, 0.000000000000000000, -0.000000000000000000 ) ) ;
#6158 = LINE ( 'NONE', #6067, #1457 ) ;
#6159 = DIRECTION ( 'NONE',  ( 0.000000000000000000, -0.000000000000000000, 1.000000000000000000 ) ) ;
#6160 = ADVANCED_FACE ( 'NONE', ( #2014 ), #4873, .T. ) ;
#6161 = FILL_AREA_STYLE_COLOUR ( '', #4553 ) ;
#6162 = PLANE ( 'NONE',  #4914 ) ;
#6163 = CARTESIAN_POINT ( 'NONE',  ( 1.100000000000004752, 0.5005948168962619516, 1.130000000000021210 ) ) ;
#6164 = ORIENTED_EDGE ( 'NONE', *, *, #1079, .T. ) ;
#6165 = VERTEX_POINT ( 'NONE', #8487 ) ;
#6166 = ORIENTED_EDGE ( 'NONE', *, *, #5251, .F. ) ;
#6167 = ADVANCED_FACE ( 'NONE', ( #3983 ), #6855, .F. ) ;
#6168 = ADVANCED_FACE ( 'NONE', ( #1895 ), #4735, .F. ) ;
#6169 = EDGE_CURVE ( 'NONE', #6339, #3119, #4, .T. ) ;
#6170 = DIRECTION ( 'NONE',  ( -1.000000000000000000, -0.000000000000000000, -0.000000000000000000 ) ) ;
#6171 = VERTEX_POINT ( 'NONE', #5802 ) ;
#6172 = ADVANCED_FACE ( 'NONE', ( #3608 ), #6471, .F. ) ;
#6173 = PLANE ( 'NONE',  #5757 ) ;
#6174 = ORIENTED_EDGE ( 'NONE', *, *, #8133, .F. ) ;
#6175 = SURFACE_STYLE_FILL_AREA ( #5430 ) ;
#6176 = VERTEX_POINT ( 'NONE', #50 ) ;
#6177 = FACE_OUTER_BOUND ( 'NONE', #2037, .T. ) ;
#6178 = LINE ( 'NONE', #1316, #8838 ) ;
#6179 = ORIENTED_EDGE ( 'NONE', *, *, #5762, .F. ) ;
#6180 = CARTESIAN_POINT ( 'NONE',  ( -1.130000000000002780, 0.5005948168962619516, -0.2999999999999899414 ) ) ;
#6181 = DIRECTION ( 'NONE',  ( -1.000000000000000000, 0.000000000000000000, 0.000000000000000000 ) ) ;
#6182 = ORIENTED_EDGE ( 'NONE', *, *, #3244, .T. ) ;
#6183 = FILL_AREA_STYLE ('',( #3470 ) ) ;
#6184 = ORIENTED_EDGE ( 'NONE', *, *, #4963, .F. ) ;
#6185 = ORIENTED_EDGE ( 'NONE', *, *, #7673, .T. ) ;
#6186 = CARTESIAN_POINT ( 'NONE',  ( 1.500000000000000222, 0.000000000000000000, 1.499999999999999778 ) ) ;
#6187 = DIRECTION ( 'NONE',  ( 0.000000000000000000, 0.000000000000000000, -1.000000000000000000 ) ) ;
#6188 = DIRECTION ( 'NONE',  ( -1.000000000000000000, 0.000000000000000000, 0.000000000000000000 ) ) ;
#6189 = EDGE_LOOP ( 'NONE', ( #6358, #1635, #6714, #495 ) ) ;
#6190 = CARTESIAN_POINT ( 'NONE',  ( 1.500000000000000222, 0.9699999999999999734, 1.499999999999999778 ) ) ;
#6191 = LINE ( 'NONE', #3484, #7909 ) ;
#6192 = ORIENTED_EDGE ( 'NONE', *, *, #2258, .F. ) ;
#6194 = VECTOR ( 'NONE', #324, 1000.000000000000000 ) ;
#6193 = LINE ( 'NONE', #9115, #4257 ) ;
#6195 = PRESENTATION_LAYER_ASSIGNMENT (  '', '', ( #977 ) ) ;
#6196 = ORIENTED_EDGE ( 'NONE', *, *, #7556, .F. ) ;
#6197 = CARTESIAN_POINT ( 'NONE',  ( 1.430000000000000160, 0.000000000000000000, 0.6999999999999899636 ) ) ;
#6198 = ADVANCED_FACE ( 'NONE', ( #5048 ), #4962, .F. ) ;
#6199 = CARTESIAN_POINT ( 'NONE',  ( -1.500000000000000888, 0.5005948168962619516, -0.4999999999999898415 ) ) ;
#6200 = LINE ( 'NONE', #5357, #8352 ) ;
#6201 = CARTESIAN_POINT ( 'NONE',  ( 0.5000000000000048850, 0.07999999999999998779, 1.500000000000018430 ) ) ;
#6202 = CIRCLE ( 'NONE', #2150, 0.1250000000000003331 ) ;
#6203 = PRESENTATION_STYLE_ASSIGNMENT (( #5500 ) ) ;
#6204 = VECTOR ( 'NONE', #5972, 1000.000000000000000 ) ;
#6205 = DIRECTION ( 'NONE',  ( -1.000000000000000000, 0.000000000000000000, 0.000000000000000000 ) ) ;
#6206 = CARTESIAN_POINT ( 'NONE',  ( -1.130000000000008997, -1.084202172485504434E-16, -0.6999999999999899636 ) ) ;
#6207 = ORIENTED_EDGE ( 'NONE', *, *, #1554, .T. ) ;
#6208 = ORIENTED_EDGE ( 'NONE', *, *, #6589, .T. ) ;
#6209 = EDGE_CURVE ( 'NONE', #3135, #543, #1378, .T. ) ;
#6210 = VECTOR ( 'NONE', #8495, 1000.000000000000000 ) ;
#6211 = ADVANCED_FACE ( 'NONE', ( #1460 ), #5143, .F. ) ;
#6212 = DIRECTION ( 'NONE',  ( 0.000000000000000000, 0.000000000000000000, 1.000000000000000000 ) ) ;
#6213 = STYLED_ITEM ( 'NONE', ( #8255 ), #9216 ) ;
#6214 = FACE_OUTER_BOUND ( 'NONE', #1783, .T. ) ;
#6215 = MECHANICAL_DESIGN_GEOMETRIC_PRESENTATION_REPRESENTATION (  '', ( #3521 ), #3068 ) ;
#6216 = ADVANCED_FACE ( 'NONE', ( #722 ), #4256, .F. ) ;
#6217 = ADVANCED_FACE ( 'NONE', ( #98 ), #2799, .F. ) ;
#6218 = FACE_OUTER_BOUND ( 'NONE', #2461, .T. ) ;
#6219 = FILL_AREA_STYLE ('',( #6311 ) ) ;
#6220 = CARTESIAN_POINT ( 'NONE',  ( -0.09999999999999473199, 0.08000000000000000167, -1.430000000000000382 ) ) ;
#6221 = DIRECTION ( 'NONE',  ( 0.000000000000000000, 0.000000000000000000, 1.000000000000000000 ) ) ;
#6222 = CARTESIAN_POINT ( 'NONE',  ( -0.7000000000000052847, 0.000000000000000000, -1.130000000000003668 ) ) ;
#6223 = EDGE_LOOP ( 'NONE', ( #2096, #6273, #6994, #5890 ) ) ;
#6224 = ORIENTED_EDGE ( 'NONE', *, *, #99, .F. ) ;
#6225 = EDGE_CURVE ( 'NONE', #6253, #2591, #5709, .T. ) ;
#6226 =( NAMED_UNIT ( * ) PLANE_ANGLE_UNIT ( ) SI_UNIT ( $, .RADIAN. ) );
#6227 = ORIENTED_EDGE ( 'NONE', *, *, #3752, .T. ) ;
#6228 = EDGE_LOOP ( 'NONE', ( #6664, #2877, #424, #5392, #9215 ) ) ;
#6229 = DIRECTION ( 'NONE',  ( 0.000000000000000000, 0.000000000000000000, -1.000000000000000000 ) ) ;
#6230 = ADVANCED_FACE ( 'NONE', ( #771 ), #7136, .F. ) ;
#6231 = EDGE_LOOP ( 'NONE', ( #8657, #9009, #3120, #1785 ) ) ;
#6232 = LINE ( 'NONE', #3289, #2242 ) ;
#6233 = LINE ( 'NONE', #2586, #633 ) ;
#6234 = ORIENTED_EDGE ( 'NONE', *, *, #1608, .T. ) ;
#6235 = LINE ( 'NONE', #4216, #8016 ) ;
#6236 = VECTOR ( 'NONE', #1627, 1000.000000000000000 ) ;
#6237 = DIRECTION ( 'NONE',  ( -1.000000000000000000, 0.000000000000000000, 0.000000000000000000 ) ) ;
#6238 = CARTESIAN_POINT ( 'NONE',  ( 0.3000000000000053180, 0.07999999999999998779, -1.500000000000006217 ) ) ;
#6239 = EDGE_LOOP ( 'NONE', ( #2822, #5137, #1549, #3039 ) ) ;
#6240 = VECTOR ( 'NONE', #4764, 1000.000000000000000 ) ;
#6241 = DIRECTION ( 'NONE',  ( 0.000000000000000000, 0.000000000000000000, -1.000000000000000000 ) ) ;
#6242 = PRESENTATION_LAYER_ASSIGNMENT (  '', '', ( #9255 ) ) ;
#6243 = LINE ( 'NONE', #4746, #2547 ) ;
#6244 = LINE ( 'NONE', #9137, #6419 ) ;
#6245 = CARTESIAN_POINT ( 'NONE',  ( -1.430000000000000160, 0.08000000000000000167, 1.099999999999989875 ) ) ;
#6246 = LINE ( 'NONE', #515, #2 ) ;
#6247 = AXIS2_PLACEMENT_3D ( 'NONE', #9160, #4922, #9251 ) ;
#6248 = FACE_OUTER_BOUND ( 'NONE', #7089, .T. ) ;
#6249 = AXIS2_PLACEMENT_3D ( 'NONE', #7402, #988, #7454 ) ;
#6250 = CARTESIAN_POINT ( 'NONE',  ( -0.7000000000000052847, 0.08000000000000000167, 1.430000000000000382 ) ) ;
#6251 = MECHANICAL_DESIGN_GEOMETRIC_PRESENTATION_REPRESENTATION (  '', ( #4635 ), #7761 ) ;
#6252 = VERTEX_POINT ( 'NONE', #2102 ) ;
#6253 = VERTEX_POINT ( 'NONE', #7831 ) ;
#6254 = STYLED_ITEM ( 'NONE', ( #5448 ), #1929 ) ;
#6255 = CARTESIAN_POINT ( 'NONE',  ( -1.430000000000000160, 0.08000000000000000167, -0.6999999999999899636 ) ) ;
#6256 = DIRECTION ( 'NONE',  ( 0.000000000000000000, 0.000000000000000000, -1.000000000000000000 ) ) ;
#6257 = DIRECTION ( 'NONE',  ( 0.000000000000000000, 0.000000000000000000, 1.000000000000000000 ) ) ;
#6258 = VECTOR ( 'NONE', #4318, 1000.000000000000000 ) ;
#6259 = FACE_OUTER_BOUND ( 'NONE', #1728, .T. ) ;
#6260 = DIRECTION ( 'NONE',  ( 0.000000000000000000, -0.000000000000000000, -1.000000000000000000 ) ) ;
#6261 = EDGE_CURVE ( 'NONE', #4239, #4025, #200, .T. ) ;
#6262 = EDGE_LOOP ( 'NONE', ( #5229, #330, #6034, #8663 ) ) ;
#6263 = EDGE_CURVE ( 'NONE', #4238, #7131, #3883, .T. ) ;
#6264 = PLANE ( 'NONE',  #3296 ) ;
#6265 = AXIS2_PLACEMENT_3D ( 'NONE', #2769, #7845, #18 ) ;
#6266 = LINE ( 'NONE', #5564, #1346 ) ;
#6267 =( NAMED_UNIT ( * ) SI_UNIT ( $, .STERADIAN. ) SOLID_ANGLE_UNIT ( ) );
#6268 = ORIENTED_EDGE ( 'NONE', *, *, #7607, .T. ) ;
#6269 = ADVANCED_FACE ( 'NONE', ( #7320 ), #6803, .F. ) ;
#6270 = CARTESIAN_POINT ( 'NONE',  ( -1.099999999999994760, 0.5005948168962619516, -1.230000000000015747 ) ) ;
#6271 = DIRECTION ( 'NONE',  ( 0.000000000000000000, 1.000000000000000000, 0.000000000000000000 ) ) ;
#6272 = ORIENTED_EDGE ( 'NONE', *, *, #2728, .F. ) ;
#6273 = ORIENTED_EDGE ( 'NONE', *, *, #8514, .T. ) ;
#6274 = PLANE ( 'NONE',  #5732 ) ;
#6275 = AXIS2_PLACEMENT_3D ( 'NONE', #3610, #649, #3560 ) ;
#6276 = EDGE_LOOP ( 'NONE', ( #8655, #6792, #3718, #9014 ) ) ;
#6277 = EDGE_LOOP ( 'NONE', ( #5915, #2844, #3864, #3742 ) ) ;
#6278 = DIRECTION ( 'NONE',  ( 0.000000000000000000, 0.000000000000000000, -1.000000000000000000 ) ) ;
#6279 = VECTOR ( 'NONE', #6030, 1000.000000000000000 ) ;
#6280 = CARTESIAN_POINT ( 'NONE',  ( 0.000000000000000000, 0.000000000000000000, 0.000000000000000000 ) ) ;
#6281 = ORIENTED_EDGE ( 'NONE', *, *, #4424, .F. ) ;
#6282 = DIRECTION ( 'NONE',  ( -0.000000000000000000, 0.000000000000000000, -1.000000000000000000 ) ) ;
#6283 = EDGE_CURVE ( 'NONE', #6140, #7263, #8117, .T. ) ;
#6284 = EDGE_CURVE ( 'NONE', #5447, #1372, #299, .T. ) ;
#6285 = CARTESIAN_POINT ( 'NONE',  ( -1.130000000000001226, 0.000000000000000000, -0.4999999999999898415 ) ) ;
#6286 = DIRECTION ( 'NONE',  ( -0.000000000000000000, 0.000000000000000000, -1.000000000000000000 ) ) ;
#6287 = EDGE_CURVE ( 'NONE', #241, #4530, #3037, .T. ) ;
#6288 = DIRECTION ( 'NONE',  ( -0.000000000000000000, 1.000000000000000000, -0.000000000000000000 ) ) ;
#6289 = DIRECTION ( 'NONE',  ( 5.860552283705431852E-16, 0.000000000000000000, -1.000000000000000000 ) ) ;
#6290 = VECTOR ( 'NONE', #411, 1000.000000000000000 ) ;
#6291 = ORIENTED_EDGE ( 'NONE', *, *, #5762, .T. ) ;
#6292 = VECTOR ( 'NONE', #7708, 1000.000000000000000 ) ;
#6293 = DIRECTION ( 'NONE',  ( 1.000000000000000000, 0.000000000000000000, 0.000000000000000000 ) ) ;
#6294 = CARTESIAN_POINT ( 'NONE',  ( -0.4999999999999946154, 0.5005948168962619516, -1.130000000000012106 ) ) ;
#6295 = VECTOR ( 'NONE', #6545, 1000.000000000000000 ) ;
#6296 = LINE ( 'NONE', #3609, #5950 ) ;
#6297 = FACE_OUTER_BOUND ( 'NONE', #485, .T. ) ;
#6298 = COLOUR_RGB ( '',1.000000000000000000, 0.8117647058823529438, 0.5019607843137254832 ) ;
#6299 = DIRECTION ( 'NONE',  ( 0.000000000000000000, 0.000000000000000000, 1.000000000000000000 ) ) ;
#6300 = SURFACE_SIDE_STYLE ('',( #4186 ) ) ;
#6301 = ORIENTED_EDGE ( 'NONE', *, *, #1993, .T. ) ;
#6302 = ORIENTED_EDGE ( 'NONE', *, *, #5881, .T. ) ;
#6303 =( GEOMETRIC_REPRESENTATION_CONTEXT ( 3 ) GLOBAL_UNCERTAINTY_ASSIGNED_CONTEXT ( ( #2777 ) ) GLOBAL_UNIT_ASSIGNED_CONTEXT ( ( #4766, #1273, #1136 ) ) REPRESENTATION_CONTEXT ( 'NONE', 'WORKASPACE' ) );
#6304 = CARTESIAN_POINT ( 'NONE',  ( 1.430000000000000160, 0.000000000000000000, 0.4999999999999898415 ) ) ;
#6305 = CARTESIAN_POINT ( 'NONE',  ( -0.09999999999999473199, -0.3605551275463988459, 1.430000000000000382 ) ) ;
#6306 = CARTESIAN_POINT ( 'NONE',  ( -0.09999999999999484301, 0.07999999999999998779, 1.130000000000013216 ) ) ;
#6307 = SURFACE_SIDE_STYLE ('',( #4104 ) ) ;
#6308 = EDGE_LOOP ( 'NONE', ( #7063, #992, #4377, #3181, #3455 ) ) ;
#6309 = DIRECTION ( 'NONE',  ( 0.000000000000000000, 0.000000000000000000, -1.000000000000000000 ) ) ;
#6310 = DIRECTION ( 'NONE',  ( -0.000000000000000000, 1.000000000000000000, -0.000000000000000000 ) ) ;
#6311 = FILL_AREA_STYLE_COLOUR ( '', #1232 ) ;
#6312 = LINE ( 'NONE', #4110, #8209 ) ;
#6313 = CARTESIAN_POINT ( 'NONE',  ( 1.230000000000011973, -0.3605551275463988459, 1.099999999999989875 ) ) ;
#6314 = ORIENTED_EDGE ( 'NONE', *, *, #1374, .T. ) ;
#6315 = PRESENTATION_STYLE_ASSIGNMENT (( #1191 ) ) ;
#6316 = ORIENTED_EDGE ( 'NONE', *, *, #3121, .T. ) ;
#6317 = VERTEX_POINT ( 'NONE', #8164 ) ;
#6318 = CARTESIAN_POINT ( 'NONE',  ( -0.9750000000000000888, 0.000000000000000000, -0.8250000000000119460 ) ) ;
#6319 = DIRECTION ( 'NONE',  ( -0.000000000000000000, -1.000000000000000000, -0.000000000000000000 ) ) ;
#6320 = CARTESIAN_POINT ( 'NONE',  ( -1.099999999999994760, 0.000000000000000000, -1.230000000000015747 ) ) ;
#6321 = CARTESIAN_POINT ( 'NONE',  ( 0.7000000000000048406, 0.07999999999999998779, 1.500000000000018652 ) ) ;
#6322 = VERTEX_POINT ( 'NONE', #5895 ) ;
#6323 = DIRECTION ( 'NONE',  ( -1.000000000000000000, 0.000000000000000000, 0.000000000000000000 ) ) ;
#6324 = CARTESIAN_POINT ( 'NONE',  ( 1.430000000000000160, 0.08000000000000000167, 0.8999999999999896971 ) ) ;
#6325 = DIRECTION ( 'NONE',  ( 1.000000000000000000, 0.000000000000000000, -0.000000000000000000 ) ) ;
#6326 = ADVANCED_FACE ( 'NONE', ( #3834 ), #6715, .F. ) ;
#6327 = ORIENTED_EDGE ( 'NONE', *, *, #1480, .F. ) ;
#6328 = EDGE_CURVE ( 'NONE', #2299, #3065, #8020, .T. ) ;
#6329 = DIRECTION ( 'NONE',  ( 1.000000000000000000, 0.000000000000000000, 0.000000000000000000 ) ) ;
#6330 = EDGE_CURVE ( 'NONE', #8278, #5889, #2471, .T. ) ;
#6331 = CARTESIAN_POINT ( 'NONE',  ( 1.130000000000008997, -0.3605551275463988459, 0.3000000000000102029 ) ) ;
#6332 = EDGE_CURVE ( 'NONE', #106, #5066, #246, .T. ) ;
#6333 = DIRECTION ( 'NONE',  ( 0.000000000000000000, -1.000000000000000000, 0.000000000000000000 ) ) ;
#6334 = LINE ( 'NONE', #659, #8960 ) ;
#6335 = CARTESIAN_POINT ( 'NONE',  ( 0.7000000000000048406, 0.000000000000000000, 1.500000000000018652 ) ) ;
#6336 = ORIENTED_EDGE ( 'NONE', *, *, #6761, .T. ) ;
#6337 = VECTOR ( 'NONE', #7692, 1000.000000000000000 ) ;
#6338 = ORIENTED_EDGE ( 'NONE', *, *, #8683, .F. ) ;
#6339 = VERTEX_POINT ( 'NONE', #8068 ) ;
#6340 = FACE_OUTER_BOUND ( 'NONE', #8707, .T. ) ;
#6341 =( NAMED_UNIT ( * ) SI_UNIT ( $, .STERADIAN. ) SOLID_ANGLE_UNIT ( ) );
#6342 = AXIS2_PLACEMENT_3D ( 'NONE', #5361, #1823, #7534 ) ;
#6343 = MECHANICAL_DESIGN_GEOMETRIC_PRESENTATION_REPRESENTATION (  '', ( #7570 ), #6962 ) ;
#6344 = SURFACE_STYLE_USAGE ( .BOTH. , #6395 ) ;
#6345 = LINE ( 'NONE', #7472, #4915 ) ;
#6346 = SURFACE_STYLE_USAGE ( .BOTH. , #9227 ) ;
#6347 = CARTESIAN_POINT ( 'NONE',  ( -1.499999999999999778, 0.1049999999999999545, -1.500000000000000222 ) ) ;
#6348 = ORIENTED_EDGE ( 'NONE', *, *, #3226, .T. ) ;
#6349 = EDGE_CURVE ( 'NONE', #2791, #4976, #5286, .T. ) ;
#6350 = ORIENTED_EDGE ( 'NONE', *, *, #8624, .T. ) ;
#6351 = VECTOR ( 'NONE', #862, 1000.000000000000000 ) ;
#6352 = DIRECTION ( 'NONE',  ( 0.000000000000000000, -0.000000000000000000, 1.000000000000000000 ) ) ;
#6353 = DIRECTION ( 'NONE',  ( 0.000000000000000000, 0.000000000000000000, -1.000000000000000000 ) ) ;
#6354 = ORIENTED_EDGE ( 'NONE', *, *, #2248, .T. ) ;
#6355 = DIRECTION ( 'NONE',  ( 0.000000000000000000, 1.000000000000000000, 0.000000000000000000 ) ) ;
#6356 = DIRECTION ( 'NONE',  ( -1.000000000000000000, 0.000000000000000000, 0.000000000000000000 ) ) ;
#6357 = ORIENTED_EDGE ( 'NONE', *, *, #5245, .T. ) ;
#6358 = ORIENTED_EDGE ( 'NONE', *, *, #1039, .T. ) ;
#6359 = VECTOR ( 'NONE', #2100, 1000.000000000000000 ) ;
#6360 = CARTESIAN_POINT ( 'NONE',  ( -1.130000000000008997, -0.3605551275463988459, 0.4999999999999898415 ) ) ;
#6361 = ORIENTED_EDGE ( 'NONE', *, *, #5057, .F. ) ;
#6362 = VERTEX_POINT ( 'NONE', #1790 ) ;
#6363 = VECTOR ( 'NONE', #8289, 1000.000000000000000 ) ;
#6364 = PLANE ( 'NONE',  #5052 ) ;
#6365 = AXIS2_PLACEMENT_3D ( 'NONE', #8472, #5602, #8554 ) ;
#6366 = EDGE_CURVE ( 'NONE', #6840, #7642, #4634, .T. ) ;
#6367 = DIRECTION ( 'NONE',  ( -0.000000000000000000, 1.000000000000000000, 0.000000000000000000 ) ) ;
#6368 = ORIENTED_EDGE ( 'NONE', *, *, #8614, .F. ) ;
#6369 = DIRECTION ( 'NONE',  ( 0.000000000000000000, -0.000000000000000000, 1.000000000000000000 ) ) ;
#6370 = CARTESIAN_POINT ( 'NONE',  ( 1.430000000000000160, -1.084202172485504434E-16, -0.4999999999999898415 ) ) ;
#6371 = VERTEX_POINT ( 'NONE', #5945 ) ;
#6372 = CARTESIAN_POINT ( 'NONE',  ( 1.130000000000006111, 0.5005948168962619516, 0.1000000000000100253 ) ) ;
#6373 = DIRECTION ( 'NONE',  ( -1.000000000000000000, 0.000000000000000000, 0.000000000000000000 ) ) ;
#6374 = ADVANCED_FACE ( 'NONE', ( #8801 ), #7036, .T. ) ;
#6375 = EDGE_CURVE ( 'NONE', #6399, #5916, #1185, .T. ) ;
#6376 = SURFACE_STYLE_USAGE ( .BOTH. , #2193 ) ;
#6377 = FILL_AREA_STYLE ('',( #5495 ) ) ;
#6378 = DIRECTION ( 'NONE',  ( 1.000000000000000000, 0.000000000000000000, 0.000000000000000000 ) ) ;
#6379 = AXIS2_PLACEMENT_3D ( 'NONE', #3869, #7452, #2360 ) ;
#6380 = ADVANCED_FACE ( 'NONE', ( #5435 ), #4859, .T. ) ;
#6381 = DIRECTION ( 'NONE',  ( -1.000000000000000000, -0.000000000000000000, -0.000000000000000000 ) ) ;
#6382 = DIRECTION ( 'NONE',  ( 0.000000000000000000, 0.000000000000000000, 1.000000000000000000 ) ) ;
#6383 = LINE ( 'NONE', #8504, #4307 ) ;
#6384 = ORIENTED_EDGE ( 'NONE', *, *, #7088, .T. ) ;
#6385 = AXIS2_PLACEMENT_3D ( 'NONE', #2969, #8774, #6022 ) ;
#6386 = LINE ( 'NONE', #177, #8386 ) ;
#6387 = EDGE_LOOP ( 'NONE', ( #4364, #4093, #5280, #3824 ) ) ;
#6388 = ORIENTED_EDGE ( 'NONE', *, *, #7890, .T. ) ;
#6389 = EDGE_CURVE ( 'NONE', #440, #5810, #6178, .T. ) ;
#6390 = AXIS2_PLACEMENT_3D ( 'NONE', #1638, #4475, #5132 ) ;
#6391 = DIRECTION ( 'NONE',  ( 0.000000000000000000, 1.000000000000000000, 0.000000000000000000 ) ) ;
#6392 = SURFACE_SIDE_STYLE ('',( #6541 ) ) ;
#6393 = VECTOR ( 'NONE', #2012, 1000.000000000000000 ) ;
#6394 = EDGE_CURVE ( 'NONE', #8120, #7387, #5385, .T. ) ;
#6395 = SURFACE_SIDE_STYLE ('',( #4235 ) ) ;
#6396 = VECTOR ( 'NONE', #5652, 1000.000000000000000 ) ;
#6397 =( NAMED_UNIT ( * ) SI_UNIT ( $, .STERADIAN. ) SOLID_ANGLE_UNIT ( ) );
#6398 = SURFACE_STYLE_USAGE ( .BOTH. , #8696 ) ;
#6399 = VERTEX_POINT ( 'NONE', #5472 ) ;
#6400 = ORIENTED_EDGE ( 'NONE', *, *, #3007, .F. ) ;
#6401 = COLOUR_RGB ( '',1.000000000000000000, 0.8117647058823529438, 0.5019607843137254832 ) ;
#6402 = PLANE ( 'NONE',  #4781 ) ;
#6403 = DIRECTION ( 'NONE',  ( 0.000000000000000000, 0.000000000000000000, 1.000000000000000000 ) ) ;
#6404 = ORIENTED_EDGE ( 'NONE', *, *, #2201, .T. ) ;
#6405 = VECTOR ( 'NONE', #7206, 1000.000000000000000 ) ;
#6406 = LINE ( 'NONE', #5038, #4145 ) ;
#6407 = PLANE ( 'NONE',  #6676 ) ;
#6408 = ORIENTED_EDGE ( 'NONE', *, *, #7442, .T. ) ;
#6409 = EDGE_LOOP ( 'NONE', ( #7779, #35, #3481, #4379 ) ) ;
#6410 = ORIENTED_EDGE ( 'NONE', *, *, #8983, .T. ) ;
#6411 = LINE ( 'NONE', #7870, #2956 ) ;
#6412 =( GEOMETRIC_REPRESENTATION_CONTEXT ( 3 ) GLOBAL_UNCERTAINTY_ASSIGNED_CONTEXT ( ( #752 ) ) GLOBAL_UNIT_ASSIGNED_CONTEXT ( ( #6115, #4086, #6880 ) ) REPRESENTATION_CONTEXT ( 'NONE', 'WORKASPACE' ) );
#6413 = AXIS2_PLACEMENT_3D ( 'NONE', #4103, #8427, #2003 ) ;
#6414 = CARTESIAN_POINT ( 'NONE',  ( -1.430000000000000160, -0.3605551275463988459, -0.2999999999999898859 ) ) ;
#6415 = EDGE_LOOP ( 'NONE', ( #1147, #12 ) ) ;
#6416 = MANIFOLD_SOLID_BREP ( 'LPattern2[4]', #4182 ) ;
#6417 = DIRECTION ( 'NONE',  ( 0.000000000000000000, -0.000000000000000000, 1.000000000000000000 ) ) ;
#6418 = VECTOR ( 'NONE', #3277, 1000.000000000000000 ) ;
#6419 = VECTOR ( 'NONE', #7637, 1000.000000000000000 ) ;
#6420 = DIRECTION ( 'NONE',  ( 0.000000000000000000, 1.000000000000000000, 0.000000000000000000 ) ) ;
#6421 = VERTEX_POINT ( 'NONE', #9043 ) ;
#6422 = COLOUR_RGB ( '',1.000000000000000000, 0.8117647058823529438, 0.5019607843137254832 ) ;
#6423 = LINE ( 'NONE', #54, #3655 ) ;
#6424 = CARTESIAN_POINT ( 'NONE',  ( -1.130000000000005445, 0.000000000000000000, 0.5000000000000099920 ) ) ;
#6425 = STYLED_ITEM ( 'NONE', ( #6896 ), #423 ) ;
#6426 = VERTEX_POINT ( 'NONE', #7549 ) ;
#6427 = AXIS2_PLACEMENT_3D ( 'NONE', #7986, #68, #7207 ) ;
#6428 = PLANE ( 'NONE',  #1075 ) ;
#6429 = CARTESIAN_POINT ( 'NONE',  ( 1.130000000000005000, 0.07999999999999998779, 0.5000000000000099920 ) ) ;
#6430 = CARTESIAN_POINT ( 'NONE',  ( 0.1000000000000049183, 0.07999999999999998779, 1.130000000000015881 ) ) ;
#6431 = UNCERTAINTY_MEASURE_WITH_UNIT (LENGTH_MEASURE( 1.000000000000000082E-05 ), #3572, 'distance_accuracy_value', 'NONE');
#6432 = VECTOR ( 'NONE', #7609, 1000.000000000000000 ) ;
#6433 = LINE ( 'NONE', #2156, #6968 ) ;
#6434 = FACE_OUTER_BOUND ( 'NONE', #6655, .T. ) ;
#6435 = VECTOR ( 'NONE', #6008, 1000.000000000000000 ) ;
#6436 = DIRECTION ( 'NONE',  ( 0.000000000000000000, 1.000000000000000000, 0.000000000000000000 ) ) ;
#6437 = LINE ( 'NONE', #1484, #4778 ) ;
#6438 = CIRCLE ( 'NONE', #1802, 0.1250000000000003331 ) ;
#6439 = ORIENTED_EDGE ( 'NONE', *, *, #7102, .F. ) ;
#6440 =( GEOMETRIC_REPRESENTATION_CONTEXT ( 3 ) GLOBAL_UNCERTAINTY_ASSIGNED_CONTEXT ( ( #4278 ) ) GLOBAL_UNIT_ASSIGNED_CONTEXT ( ( #6624, #953, #6041 ) ) REPRESENTATION_CONTEXT ( 'NONE', 'WORKASPACE' ) );
#6441 = LINE ( 'NONE', #7214, #7132 ) ;
#6442 = FILL_AREA_STYLE ('',( #4233 ) ) ;
#6443 = DIRECTION ( 'NONE',  ( 0.000000000000000000, 0.000000000000000000, 1.000000000000000000 ) ) ;
#6444 = UNCERTAINTY_MEASURE_WITH_UNIT (LENGTH_MEASURE( 1.000000000000000082E-05 ), #2840, 'distance_accuracy_value', 'NONE');
#6445 = CARTESIAN_POINT ( 'NONE',  ( 0.1000000000000052514, 0.07999999999999998779, -1.500000000000005995 ) ) ;
#6446 = FILL_AREA_STYLE_COLOUR ( '', #4462 ) ;
#6447 = SURFACE_STYLE_FILL_AREA ( #4282 ) ;
#6448 = EDGE_CURVE ( 'NONE', #4954, #3102, #4770, .T. ) ;
#6449 =( NAMED_UNIT ( * ) SI_UNIT ( $, .STERADIAN. ) SOLID_ANGLE_UNIT ( ) );
#6450 = EDGE_LOOP ( 'NONE', ( #1068, #2642, #4443, #3736 ) ) ;
#6451 = UNCERTAINTY_MEASURE_WITH_UNIT (LENGTH_MEASURE( 1.000000000000000082E-05 ), #4192, 'distance_accuracy_value', 'NONE');
#6452 = EDGE_CURVE ( 'NONE', #298, #8904, #8263, .T. ) ;
#6453 = ORIENTED_EDGE ( 'NONE', *, *, #287, .T. ) ;
#6454 = VECTOR ( 'NONE', #7687, 1000.000000000000000 ) ;
#6455 = MANIFOLD_SOLID_BREP ( 'Mirror2[7]', #155 ) ;
#6456 = EDGE_CURVE ( 'NONE', #2881, #3938, #3594, .T. ) ;
#6457 = EDGE_CURVE ( 'NONE', #4655, #8835, #8998, .T. ) ;
#6458 = ADVANCED_FACE ( 'NONE', ( #4243 ), #2786, .F. ) ;
#6459 = DIRECTION ( 'NONE',  ( 0.000000000000000000, 0.000000000000000000, 1.000000000000000000 ) ) ;
#6460 = EDGE_CURVE ( 'NONE', #6399, #1548, #800, .T. ) ;
#6461 = DIRECTION ( 'NONE',  ( 0.000000000000000000, 0.000000000000000000, -1.000000000000000000 ) ) ;
#6462 = DIRECTION ( 'NONE',  ( 0.000000000000000000, 0.000000000000000000, -1.000000000000000000 ) ) ;
#6463 = FILL_AREA_STYLE_COLOUR ( '', #8665 ) ;
#6464 = EDGE_LOOP ( 'NONE', ( #5631, #1245, #3923, #4259 ) ) ;
#6465 = ORIENTED_EDGE ( 'NONE', *, *, #2555, .T. ) ;
#6466 = VERTEX_POINT ( 'NONE', #4950 ) ;
#6467 = ORIENTED_EDGE ( 'NONE', *, *, #6756, .T. ) ;
#6468 = CARTESIAN_POINT ( 'NONE',  ( -0.2999999999999947153, 0.5005948168962619516, -1.130000000000009219 ) ) ;
#6469 = CARTESIAN_POINT ( 'NONE',  ( 0.5000000000000052180, -1.084202172485504434E-16, 1.130000000000003668 ) ) ;
#6470 = ORIENTED_EDGE ( 'NONE', *, *, #7231, .F. ) ;
#6471 = PLANE ( 'NONE',  #5693 ) ;
#6472 = CARTESIAN_POINT ( 'NONE',  ( -1.130000000000002780, -0.000000000000000000, -0.2999999999999899414 ) ) ;
#6473 = DIRECTION ( 'NONE',  ( -1.000000000000000000, 0.000000000000000000, 0.000000000000000000 ) ) ;
#6474 = ORIENTED_EDGE ( 'NONE', *, *, #1311, .F. ) ;
#6475 = LINE ( 'NONE', #1968, #3450 ) ;
#6476 = CARTESIAN_POINT ( 'NONE',  ( -1.130000000000001226, 0.07999999999999998779, -0.6999999999999899636 ) ) ;
#6477 = ORIENTED_EDGE ( 'NONE', *, *, #4619, .F. ) ;
#6478 = DIRECTION ( 'NONE',  ( -1.000000000000000000, 0.000000000000000000, 0.000000000000000000 ) ) ;
#6479 = CARTESIAN_POINT ( 'NONE',  ( 0.5000000000000052180, -0.3605551275463988459, -1.430000000000000382 ) ) ;
#6480 = LINE ( 'NONE', #60, #11 ) ;
#6481 = MANIFOLD_SOLID_BREP ( 'Split1[2]', #5670 ) ;
#6482 = DIRECTION ( 'NONE',  ( 0.000000000000000000, 1.000000000000000000, 0.000000000000000000 ) ) ;
#6483 = CARTESIAN_POINT ( 'NONE',  ( -1.230000000000011973, 0.08000000000000000167, 1.099999999999989875 ) ) ;
#6484 = CARTESIAN_POINT ( 'NONE',  ( 0.3000000000000051514, 0.000000000000000000, 1.130000000000015881 ) ) ;
#6485 = DIRECTION ( 'NONE',  ( 0.000000000000000000, -0.000000000000000000, 1.000000000000000000 ) ) ;
#6486 = ORIENTED_EDGE ( 'NONE', *, *, #6802, .T. ) ;
#6487 = CARTESIAN_POINT ( 'NONE',  ( -0.09999999999999473199, 0.08000000000000000167, 1.430000000000000382 ) ) ;
#6488 = ORIENTED_EDGE ( 'NONE', *, *, #3250, .T. ) ;
#6489 = VERTEX_POINT ( 'NONE', #1779 ) ;
#6490 = CARTESIAN_POINT ( 'NONE',  ( -1.430000000000000160, -1.084202172485504434E-16, 0.8999999999999896971 ) ) ;
#6491 =( NAMED_UNIT ( * ) PLANE_ANGLE_UNIT ( ) SI_UNIT ( $, .RADIAN. ) );
#6492 = CARTESIAN_POINT ( 'NONE',  ( 1.100000000000005196, 0.07999999999999998779, -1.500000000000000222 ) ) ;
#6493 = SURFACE_STYLE_USAGE ( .BOTH. , #8733 ) ;
#6494 = VECTOR ( 'NONE', #5441, 1000.000000000000000 ) ;
#6495 = PLANE ( 'NONE',  #1348 ) ;
#6496 = FILL_AREA_STYLE_COLOUR ( '', #2395 ) ;
#6497 = ORIENTED_EDGE ( 'NONE', *, *, #8069, .T. ) ;
#6498 = ADVANCED_FACE ( 'NONE', ( #3635 ), #4621, .F. ) ;
#6499 = MANIFOLD_SOLID_BREP ( 'LPattern1[1]', #2989 ) ;
#6500 = ADVANCED_FACE ( 'NONE', ( #334 ), #8743, .T. ) ;
#6501 = DIRECTION ( 'NONE',  ( 0.000000000000000000, -0.000000000000000000, -1.000000000000000000 ) ) ;
#6502 = VECTOR ( 'NONE', #1289, 1000.000000000000000 ) ;
#6503 = CARTESIAN_POINT ( 'NONE',  ( 0.7000000000000052847, -0.3605551275463988459, 1.130000000000003668 ) ) ;
#6504 = FILL_AREA_STYLE_COLOUR ( '', #3264 ) ;
#6505 = ORIENTED_EDGE ( 'NONE', *, *, #1699, .T. ) ;
#6506 = DIRECTION ( 'NONE',  ( 1.000000000000000000, 0.000000000000000000, -0.000000000000000000 ) ) ;
#6507 = CARTESIAN_POINT ( 'NONE',  ( 1.230000000000003313, 0.07999999999999998779, 1.100000000000010303 ) ) ;
#6508 = VERTEX_POINT ( 'NONE', #3024 ) ;
#6509 = PLANE ( 'NONE',  #819 ) ;
#6510 = ADVANCED_FACE ( 'NONE', ( #237 ), #2316, .F. ) ;
#6511 = VERTEX_POINT ( 'NONE', #891 ) ;
#6512 = ORIENTED_EDGE ( 'NONE', *, *, #7876, .F. ) ;
#6513 = VECTOR ( 'NONE', #933, 1000.000000000000000 ) ;
#6514 = EDGE_CURVE ( 'NONE', #998, #631, #8151, .T. ) ;
#6515 = VECTOR ( 'NONE', #3760, 1000.000000000000000 ) ;
#6516 = DIRECTION ( 'NONE',  ( 0.000000000000000000, -1.000000000000000000, 0.000000000000000000 ) ) ;
#6517 = EDGE_LOOP ( 'NONE', ( #9034, #5367, #1180, #912 ) ) ;
#6518 = SURFACE_SIDE_STYLE ('',( #2182 ) ) ;
#6519 = VECTOR ( 'NONE', #3612, 1000.000000000000000 ) ;
#6520 = EDGE_CURVE ( 'NONE', #364, #8884, #8883, .T. ) ;
#6521 = LINE ( 'NONE', #5004, #7610 ) ;
#6522 = CARTESIAN_POINT ( 'NONE',  ( 0.9000000000000049072, 0.5005948168962619516, 1.130000000000021210 ) ) ;
#6523 = ORIENTED_EDGE ( 'NONE', *, *, #1608, .F. ) ;
#6524 = VECTOR ( 'NONE', #935, 1000.000000000000000 ) ;
#6525 = LINE ( 'NONE', #10, #597 ) ;
#6526 = AXIS2_PLACEMENT_3D ( 'NONE', #7184, #5744, #2180 ) ;
#6527 = ORIENTED_EDGE ( 'NONE', *, *, #3580, .T. ) ;
#6528 = LINE ( 'NONE', #2195, #4335 ) ;
#6529 = PRESENTATION_STYLE_ASSIGNMENT (( #3659 ) ) ;
#6530 = LINE ( 'NONE', #3660, #4928 ) ;
#6531 = EDGE_CURVE ( 'NONE', #7697, #4845, #7502, .T. ) ;
#6532 = PRESENTATION_STYLE_ASSIGNMENT (( #5060 ) ) ;
#6533 = PLANE ( 'NONE',  #747 ) ;
#6534 = DIRECTION ( 'NONE',  ( 0.000000000000000000, 0.000000000000000000, 1.000000000000000000 ) ) ;
#6535 = ORIENTED_EDGE ( 'NONE', *, *, #7730, .F. ) ;
#6536 = CARTESIAN_POINT ( 'NONE',  ( 0.9000000000000050182, 0.5005948168962619516, 1.500000000000021316 ) ) ;
#6537 = ORIENTED_EDGE ( 'NONE', *, *, #4883, .T. ) ;
#6538 = ORIENTED_EDGE ( 'NONE', *, *, #104, .T. ) ;
#6539 = DIRECTION ( 'NONE',  ( -5.860552283705430865E-16, -0.000000000000000000, 1.000000000000000000 ) ) ;
#6540 = DIRECTION ( 'NONE',  ( -0.7071067811865414665, -0.000000000000000000, -0.7071067811865536790 ) ) ;
#6541 = SURFACE_STYLE_FILL_AREA ( #7991 ) ;
#6542 = LINE ( 'NONE', #183, #825 ) ;
#6543 = DIRECTION ( 'NONE',  ( -1.000000000000000000, 0.000000000000000000, 0.000000000000000000 ) ) ;
#6544 = CARTESIAN_POINT ( 'NONE',  ( -0.4999999999999946154, 0.07999999999999998779, -1.130000000000012106 ) ) ;
#6545 = DIRECTION ( 'NONE',  ( -0.000000000000000000, -0.000000000000000000, -1.000000000000000000 ) ) ;
#6546 = ORIENTED_EDGE ( 'NONE', *, *, #1379, .T. ) ;
#6547 = VECTOR ( 'NONE', #7681, 1000.000000000000000 ) ;
#6548 = LINE ( 'NONE', #1163, #5543 ) ;
#6549 = CARTESIAN_POINT ( 'NONE',  ( -0.09999999999999462097, 0.000000000000000000, -1.500000000000000222 ) ) ;
#6550 = ORIENTED_EDGE ( 'NONE', *, *, #5124, .T. ) ;
#6551 = CARTESIAN_POINT ( 'NONE',  ( 1.130000000000008997, 0.08000000000000000167, -0.09999999999998980538 ) ) ;
#6552 = LINE ( 'NONE', #144, #1590 ) ;
#6553 = ORIENTED_EDGE ( 'NONE', *, *, #455, .T. ) ;
#6554 = ORIENTED_EDGE ( 'NONE', *, *, #4902, .T. ) ;
#6555 = SURFACE_STYLE_USAGE ( .BOTH. , #7264 ) ;
#6556 = EDGE_CURVE ( 'NONE', #7898, #8967, #944, .T. ) ;
#6557 = VERTEX_POINT ( 'NONE', #1035 ) ;
#6558 = AXIS2_PLACEMENT_3D ( 'NONE', #3980, #3141, #2428 ) ;
#6559 = FILL_AREA_STYLE ('',( #3688 ) ) ;
#6560 = VECTOR ( 'NONE', #4428, 1000.000000000000000 ) ;
#6561 =( GEOMETRIC_REPRESENTATION_CONTEXT ( 3 ) GLOBAL_UNCERTAINTY_ASSIGNED_CONTEXT ( ( #8921 ) ) GLOBAL_UNIT_ASSIGNED_CONTEXT ( ( #3351, #3030, #7366 ) ) REPRESENTATION_CONTEXT ( 'NONE', 'WORKASPACE' ) );
#6562 = CARTESIAN_POINT ( 'NONE',  ( 0.1000000000000051958, -1.084202172485504434E-16, -1.130000000000003668 ) ) ;
#6563 = VECTOR ( 'NONE', #8879, 1000.000000000000000 ) ;
#6564 = EDGE_CURVE ( 'NONE', #6569, #892, #8701, .T. ) ;
#6565 = ORIENTED_EDGE ( 'NONE', *, *, #1760, .F. ) ;
#6566 = MANIFOLD_SOLID_BREP ( 'Boss-Extrude3[1]', #619 ) ;
#6567 = CARTESIAN_POINT ( 'NONE',  ( 1.500000000000005995, 0.5005948168962619516, 0.3000000000000100919 ) ) ;
#6568 = CARTESIAN_POINT ( 'NONE',  ( -1.430000000000000160, 0.08000000000000000167, 0.1000000000000101225 ) ) ;
#6569 = VERTEX_POINT ( 'NONE', #1174 ) ;
#6570 = CARTESIAN_POINT ( 'NONE',  ( 0.7000000000000052847, 0.000000000000000000, 1.130000000000003668 ) ) ;
#6571 = PRESENTATION_LAYER_ASSIGNMENT (  '', '', ( #2809 ) ) ;
#6572 = AXIS2_PLACEMENT_3D ( 'NONE', #2700, #4853, #9226 ) ;
#6573 = CARTESIAN_POINT ( 'NONE',  ( -0.09999999999999484301, 0.5005948168962619516, 1.130000000000013216 ) ) ;
#6574 = EDGE_CURVE ( 'NONE', #7263, #583, #1592, .T. ) ;
#6575 = EDGE_CURVE ( 'NONE', #3158, #7399, #3412, .T. ) ;
#6576 = VECTOR ( 'NONE', #4815, 1000.000000000000000 ) ;
#6577 = EDGE_CURVE ( 'NONE', #8889, #1381, #2698, .T. ) ;
#6578 = DIRECTION ( 'NONE',  ( -1.000000000000000000, 0.000000000000000000, 0.000000000000000000 ) ) ;
#6579 = ADVANCED_FACE ( 'NONE', ( #5561 ), #8382, .F. ) ;
#6580 = DIRECTION ( 'NONE',  ( 0.000000000000000000, 0.000000000000000000, 1.000000000000000000 ) ) ;
#6581 = MANIFOLD_SOLID_BREP ( 'Boss-Extrude3[2]', #7043 ) ;
#6582 = ADVANCED_FACE ( 'NONE', ( #6121 ), #4666, .F. ) ;
#6583 = CLOSED_SHELL ( 'NONE', ( #4833, #400, #4540, #1776, #4794, #9148 ) ) ;
#6584 = CARTESIAN_POINT ( 'NONE',  ( -1.130000000000008997, -0.3605551275463988459, -0.2999999999999898859 ) ) ;
#6585 = FILL_AREA_STYLE_COLOUR ( '', #8364 ) ;
#6586 = SURFACE_SIDE_STYLE ('',( #8818 ) ) ;
#6587 = VECTOR ( 'NONE', #1001, 1000.000000000000000 ) ;
#6588 = CARTESIAN_POINT ( 'NONE',  ( -1.149999999999999689, 0.8699999999999998845, -1.150000000000000133 ) ) ;
#6589 = EDGE_CURVE ( 'NONE', #8396, #6948, #4098, .T. ) ;
#6590 = ORIENTED_EDGE ( 'NONE', *, *, #3758, .F. ) ;
#6591 = CARTESIAN_POINT ( 'NONE',  ( -1.130000000000002780, 0.07999999999999998779, -0.09999999999998984701 ) ) ;
#6592 = ORIENTED_EDGE ( 'NONE', *, *, #8469, .F. ) ;
#6593 = EDGE_LOOP ( 'NONE', ( #490, #9108, #7911, #2008 ) ) ;
#6594 = AXIS2_PLACEMENT_3D ( 'NONE', #3311, #9029, #1956 ) ;
#6595 = PRESENTATION_LAYER_ASSIGNMENT (  '', '', ( #4039 ) ) ;
#6596 = DIRECTION ( 'NONE',  ( 0.000000000000000000, 0.000000000000000000, 1.000000000000000000 ) ) ;
#6597 = PLANE ( 'NONE',  #1918 ) ;
#6598 = FACE_OUTER_BOUND ( 'NONE', #2807, .T. ) ;
#6599 = AXIS2_PLACEMENT_3D ( 'NONE', #1399, #7121, #7731 ) ;
#6600 = LINE ( 'NONE', #5537, #4545 ) ;
#6601 = SURFACE_STYLE_FILL_AREA ( #3725 ) ;
#6602 = DIRECTION ( 'NONE',  ( 1.084202172485504040E-15, 0.000000000000000000, 1.000000000000000000 ) ) ;
#6603 =( NAMED_UNIT ( * ) PLANE_ANGLE_UNIT ( ) SI_UNIT ( $, .RADIAN. ) );
#6604 = UNCERTAINTY_MEASURE_WITH_UNIT (LENGTH_MEASURE( 1.000000000000000082E-05 ), #7811, 'distance_accuracy_value', 'NONE');
#6605 = UNCERTAINTY_MEASURE_WITH_UNIT (LENGTH_MEASURE( 1.000000000000000082E-05 ), #1369, 'distance_accuracy_value', 'NONE');
#6606 = VERTEX_POINT ( 'NONE', #375 ) ;
#6607 = ORIENTED_EDGE ( 'NONE', *, *, #1094, .F. ) ;
#6608 = VECTOR ( 'NONE', #657, 1000.000000000000000 ) ;
#6609 = VECTOR ( 'NONE', #4721, 1000.000000000000000 ) ;
#6610 = VECTOR ( 'NONE', #1751, 1000.000000000000000 ) ;
#6611 = CARTESIAN_POINT ( 'NONE',  ( -1.430000000000000160, -0.3605551275463988459, -0.09999999999998980538 ) ) ;
#6612 = LINE ( 'NONE', #1778, #4892 ) ;
#6613 = CARTESIAN_POINT ( 'NONE',  ( -1.499999999999999778, 0.9699999999999999734, -1.500000000000000222 ) ) ;
#6614 = FILL_AREA_STYLE_COLOUR ( '', #2910 ) ;
#6615 = VECTOR ( 'NONE', #2327, 1000.000000000000000 ) ;
#6616 = SURFACE_SIDE_STYLE ('',( #3219 ) ) ;
#6617 = ORIENTED_EDGE ( 'NONE', *, *, #6980, .F. ) ;
#6618 = ORIENTED_EDGE ( 'NONE', *, *, #7245, .F. ) ;
#6619 = SURFACE_STYLE_USAGE ( .BOTH. , #8708 ) ;
#6620 = PRODUCT_DEFINITION ( 'UNKNOWN', '', #257, #2588 ) ;
#6621 = CARTESIAN_POINT ( 'NONE',  ( 1.130000000000008997, 0.000000000000000000, -0.4999999999999898415 ) ) ;
#6622 = EDGE_LOOP ( 'NONE', ( #2464, #8770, #4472, #4664 ) ) ;
#6623 = MANIFOLD_SOLID_BREP ( 'Mirror2[4]', #8527 ) ;
#6624 =( LENGTH_UNIT ( ) NAMED_UNIT ( * ) SI_UNIT ( .MILLI., .METRE. ) );
#6625 = CARTESIAN_POINT ( 'NONE',  ( -0.9750000000000000888, 0.000000000000000000, -0.5750000000000119460 ) ) ;
#6626 = LINE ( 'NONE', #5805, #4474 ) ;
#6627 = ORIENTED_EDGE ( 'NONE', *, *, #8294, .F. ) ;
#6628 = DIRECTION ( 'NONE',  ( 0.000000000000000000, -1.000000000000000000, 0.000000000000000000 ) ) ;
#6629 = LINE ( 'NONE', #7928, #8642 ) ;
#6630 = EDGE_CURVE ( 'NONE', #5482, #8061, #3214, .T. ) ;
#6631 = PRESENTATION_STYLE_ASSIGNMENT (( #5338 ) ) ;
#6632 = CARTESIAN_POINT ( 'NONE',  ( -0.4999999999999950040, 0.07999999999999998779, 1.500000000000010214 ) ) ;
#6633 = LINE ( 'NONE', #5955, #8018 ) ;
#6634 = CARTESIAN_POINT ( 'NONE',  ( -1.230000000000011973, 0.08000000000000000167, 1.099999999999989875 ) ) ;
#6635 = MANIFOLD_SOLID_BREP ( 'Mirror2[6]', #1350 ) ;
#6636 = CARTESIAN_POINT ( 'NONE',  ( 1.130000000000008997, 0.000000000000000000, -0.6999999999999899636 ) ) ;
#6637 = FILL_AREA_STYLE_COLOUR ( '', #4389 ) ;
#6638 = CARTESIAN_POINT ( 'NONE',  ( 1.130000000000008997, 0.08000000000000000167, -0.2999999999999898859 ) ) ;
#6639 = EDGE_CURVE ( 'NONE', #3085, #4510, #7215, .T. ) ;
#6640 = LINE ( 'NONE', #7292, #2206 ) ;
#6641 = SURFACE_SIDE_STYLE ('',( #6017 ) ) ;
#6642 = ORIENTED_EDGE ( 'NONE', *, *, #3644, .T. ) ;
#6643 = FACE_OUTER_BOUND ( 'NONE', #6996, .T. ) ;
#6644 = CARTESIAN_POINT ( 'NONE',  ( 1.100000000000004752, 0.07999999999999998779, 1.130000000000021210 ) ) ;
#6645 = CARTESIAN_POINT ( 'NONE',  ( -1.430000000000000160, -0.3605551275463988459, 0.6999999999999899636 ) ) ;
#6646 = ADVANCED_FACE ( 'NONE', ( #1391 ), #7949, .F. ) ;
#6647 = DIRECTION ( 'NONE',  ( 0.000000000000000000, 0.000000000000000000, 1.000000000000000000 ) ) ;
#6648 = DIRECTION ( 'NONE',  ( 1.000000000000000000, 0.000000000000000000, 0.000000000000000000 ) ) ;
#6649 = CARTESIAN_POINT ( 'NONE',  ( 1.130000000000008997, 0.000000000000000000, -0.4999999999999898415 ) ) ;
#6650 = CARTESIAN_POINT ( 'NONE',  ( -1.100000000000004974, -0.3605551275463988459, 1.430000000000000382 ) ) ;
#6651 = CARTESIAN_POINT ( 'NONE',  ( -0.09999999999999473199, -0.3605551275463988459, -1.130000000000003668 ) ) ;
#6652 = VERTEX_POINT ( 'NONE', #3539 ) ;
#6653 = MANIFOLD_SOLID_BREP ( 'Mirror2[5]', #5380 ) ;
#6654 = PLANE ( 'NONE',  #8781 ) ;
#6655 = EDGE_LOOP ( 'NONE', ( #2938, #8343, #6122, #2420 ) ) ;
#6656 = ORIENTED_EDGE ( 'NONE', *, *, #4151, .T. ) ;
#6657 = ORIENTED_EDGE ( 'NONE', *, *, #209, .T. ) ;
#6658 = CARTESIAN_POINT ( 'NONE',  ( 1.130000000000003446, 0.5005948168962619516, 0.9000000000000101252 ) ) ;
#6659 =( NAMED_UNIT ( * ) SI_UNIT ( $, .STERADIAN. ) SOLID_ANGLE_UNIT ( ) );
#6660 = ORIENTED_EDGE ( 'NONE', *, *, #3476, .F. ) ;
#6661 = ORIENTED_EDGE ( 'NONE', *, *, #350, .F. ) ;
#6662 = PRESENTATION_LAYER_ASSIGNMENT (  '', '', ( #1417 ) ) ;
#6663 = LINE ( 'NONE', #7370, #7351 ) ;
#6664 = ORIENTED_EDGE ( 'NONE', *, *, #2456, .F. ) ;
#6665 = DIRECTION ( 'NONE',  ( -2.930276141852713954E-16, 0.000000000000000000, 1.000000000000000000 ) ) ;
#6666 = FACE_OUTER_BOUND ( 'NONE', #7404, .T. ) ;
#6667 = LINE ( 'NONE', #4388, #4178 ) ;
#6668 = VECTOR ( 'NONE', #3352, 1000.000000000000000 ) ;
#6669 = EDGE_LOOP ( 'NONE', ( #5962, #42, #7178, #1557 ) ) ;
#6670 = VECTOR ( 'NONE', #6647, 1000.000000000000000 ) ;
#6671 = CARTESIAN_POINT ( 'NONE',  ( -1.499999999999999778, 0.9699999999999999734, -1.500000000000000222 ) ) ;
#6672 = PRESENTATION_STYLE_ASSIGNMENT (( #3891 ) ) ;
#6674 = VECTOR ( 'NONE', #1295, 1000.000000000000000 ) ;
#6673 = CARTESIAN_POINT ( 'NONE',  ( 0.000000000000000000, 0.000000000000000000, 0.000000000000000000 ) ) ;
#6675 = FACE_OUTER_BOUND ( 'NONE', #4024, .T. ) ;
#6676 = AXIS2_PLACEMENT_3D ( 'NONE', #2090, #5567, #8435 ) ;
#6677 = DIRECTION ( 'NONE',  ( -1.000000000000000000, 0.000000000000000000, 0.000000000000000000 ) ) ;
#6678 = EDGE_CURVE ( 'NONE', #4429, #3646, #7812, .T. ) ;
#6679 = VECTOR ( 'NONE', #5529, 1000.000000000000000 ) ;
#6680 = CARTESIAN_POINT ( 'NONE',  ( -1.099999999999994982, 0.000000000000000000, 1.499999999999999778 ) ) ;
#6681 = DIRECTION ( 'NONE',  ( 0.000000000000000000, 0.000000000000000000, -1.000000000000000000 ) ) ;
#6682 = EDGE_CURVE ( 'NONE', #753, #2621, #26, .T. ) ;
#6683 = CARTESIAN_POINT ( 'NONE',  ( 1.430000000000000160, 0.08000000000000000167, -0.6999999999999899636 ) ) ;
#6684 = EDGE_LOOP ( 'NONE', ( #6687, #5336, #5604, #3429 ) ) ;
#6685 = VECTOR ( 'NONE', #7965, 1000.000000000000000 ) ;
#6686 = ORIENTED_EDGE ( 'NONE', *, *, #3766, .T. ) ;
#6687 = ORIENTED_EDGE ( 'NONE', *, *, #5801, .F. ) ;
#6688 = ADVANCED_FACE ( 'NONE', ( #5024 ), #1489, .T. ) ;
#6689 = CARTESIAN_POINT ( 'NONE',  ( -0.9999999999999943379, 0.000000000000000000, 1.130000000000007221 ) ) ;
#6690 = LINE ( 'NONE', #2448, #2644 ) ;
#6691 = DIRECTION ( 'NONE',  ( 1.000000000000000000, 0.000000000000000000, 0.000000000000000000 ) ) ;
#6692 = CARTESIAN_POINT ( 'NONE',  ( -1.499999999999999778, 0.000000000000000000, -1.500000000000000222 ) ) ;
#6693 = DIRECTION ( 'NONE',  ( -1.000000000000000000, 0.000000000000000000, 0.000000000000000000 ) ) ;
#6694 = CARTESIAN_POINT ( 'NONE',  ( 1.000000000000004441, 0.000000000000000000, 1.130000000000000338 ) ) ;
#6695 = ORIENTED_EDGE ( 'NONE', *, *, #6865, .F. ) ;
#6696 = EDGE_CURVE ( 'NONE', #2321, #1101, #8828, .T. ) ;
#6697 = MECHANICAL_DESIGN_GEOMETRIC_PRESENTATION_REPRESENTATION (  '', ( #4279 ), #906 ) ;
#6698 = ADVANCED_FACE ( 'NONE', ( #4562 ), #6597, .T. ) ;
#6699 = EDGE_CURVE ( 'NONE', #6322, #8067, #4512, .T. ) ;
#6700 = DIRECTION ( 'NONE',  ( -1.000000000000000000, -0.000000000000000000, -0.000000000000000000 ) ) ;
#6701 =( NAMED_UNIT ( * ) SI_UNIT ( $, .STERADIAN. ) SOLID_ANGLE_UNIT ( ) );
#6702 = ORIENTED_EDGE ( 'NONE', *, *, #6921, .F. ) ;
#6703 = PLANE ( 'NONE',  #9107 ) ;
#6704 = EDGE_CURVE ( 'NONE', #2788, #6056, #8094, .T. ) ;
#6705 = CARTESIAN_POINT ( 'NONE',  ( -1.499999999999999778, 0.1049999999999999545, 1.499999999999999778 ) ) ;
#6706 = VECTOR ( 'NONE', #8588, 1000.000000000000000 ) ;
#6707 = ORIENTED_EDGE ( 'NONE', *, *, #338, .T. ) ;
#6708 = ORIENTED_EDGE ( 'NONE', *, *, #3703, .T. ) ;
#6709 = CARTESIAN_POINT ( 'NONE',  ( -1.499999999999999778, 0.000000000000000000, 1.499999999999999778 ) ) ;
#6710 = DIRECTION ( 'NONE',  ( -1.000000000000000000, 0.000000000000000000, 0.000000000000000000 ) ) ;
#6711 = ORIENTED_EDGE ( 'NONE', *, *, #8706, .T. ) ;
#6712 = ORIENTED_EDGE ( 'NONE', *, *, #8614, .T. ) ;
#6713 = AXIS2_PLACEMENT_3D ( 'NONE', #7598, #493, #5475 ) ;
#6714 = ORIENTED_EDGE ( 'NONE', *, *, #3187, .F. ) ;
#6715 = PLANE ( 'NONE',  #7651 ) ;
#6716 = FACE_OUTER_BOUND ( 'NONE', #4002, .T. ) ;
#6717 = CARTESIAN_POINT ( 'NONE',  ( -1.500000000000005107, 0.5005948168962619516, 0.7000000000000100586 ) ) ;
#6718 = ORIENTED_EDGE ( 'NONE', *, *, #6929, .F. ) ;
#6719 = AXIS2_PLACEMENT_3D ( 'NONE', #1004, #4539, #7420 ) ;
#6720 = DIRECTION ( 'NONE',  ( 0.000000000000000000, 0.000000000000000000, -1.000000000000000000 ) ) ;
#6721 = VECTOR ( 'NONE', #4576, 1000.000000000000000 ) ;
#6722 = EDGE_LOOP ( 'NONE', ( #2847, #4295, #6291, #1714 ) ) ;
#6723 = AXIS2_PLACEMENT_3D ( 'NONE', #9111, #3519, #6373 ) ;
#6724 = PLANE ( 'NONE',  #2465 ) ;
#6725 = CARTESIAN_POINT ( 'NONE',  ( 0.9000000000000051292, 0.000000000000000000, -1.430000000000000382 ) ) ;
#6726 = CARTESIAN_POINT ( 'NONE',  ( 1.130000000000003446, 0.07999999999999998779, 1.000000000000008660 ) ) ;
#6727 = VERTEX_POINT ( 'NONE', #7349 ) ;
#6728 = AXIS2_PLACEMENT_3D ( 'NONE', #5044, #3819, #4298 ) ;
#6729 = PLANE ( 'NONE',  #1781 ) ;
#6730 =( NAMED_UNIT ( * ) PLANE_ANGLE_UNIT ( ) SI_UNIT ( $, .RADIAN. ) );
#6731 = FACE_OUTER_BOUND ( 'NONE', #2618, .T. ) ;
#6732 = ORIENTED_EDGE ( 'NONE', *, *, #2135, .F. ) ;
#6734 = VECTOR ( 'NONE', #4316, 1000.000000000000000 ) ;
#6733 = FACE_OUTER_BOUND ( 'NONE', #5031, .T. ) ;
#6735 = ORIENTED_EDGE ( 'NONE', *, *, #1601, .T. ) ;
#6736 = CARTESIAN_POINT ( 'NONE',  ( -1.130000000000008997, 0.000000000000000000, -0.2999999999999898859 ) ) ;
#6737 = CARTESIAN_POINT ( 'NONE',  ( -1.149999999999999689, 0.8699999999999998845, -1.024999999999999911 ) ) ;
#6738 = PRESENTATION_STYLE_ASSIGNMENT (( #3859 ) ) ;
#6739 = VECTOR ( 'NONE', #301, 1000.000000000000000 ) ;
#6740 = LINE ( 'NONE', #2972, #976 ) ;
#6741 = DIRECTION ( 'NONE',  ( -0.000000000000000000, -0.000000000000000000, 1.000000000000000000 ) ) ;
#6742 = DIRECTION ( 'NONE',  ( 1.000000000000000000, 0.000000000000000000, 0.000000000000000000 ) ) ;
#6743 = CARTESIAN_POINT ( 'NONE',  ( -1.230000000000008420, 0.5005948168962619516, 1.100000000000010303 ) ) ;
#6744 = ORIENTED_EDGE ( 'NONE', *, *, #5636, .T. ) ;
#6745 = EDGE_LOOP ( 'NONE', ( #2794, #3603, #9114, #7185 ) ) ;
#6746 = PRESENTATION_LAYER_ASSIGNMENT (  '', '', ( #3884 ) ) ;
#6747 = LINE ( 'NONE', #333, #116 ) ;
#6748 = CARTESIAN_POINT ( 'NONE',  ( -1.130000000000006777, 0.07999999999999998779, 1.000000000000010436 ) ) ;
#6749 = EDGE_LOOP ( 'NONE', ( #5558, #6744, #1624, #294 ) ) ;
#6750 = LINE ( 'NONE', #4478, #7903 ) ;
#6751 = EDGE_CURVE ( 'NONE', #4996, #7975, #8041, .T. ) ;
#6752 = FILL_AREA_STYLE ('',( #1868 ) ) ;
#6753 = ORIENTED_EDGE ( 'NONE', *, *, #3471, .F. ) ;
#6754 =( LENGTH_UNIT ( ) NAMED_UNIT ( * ) SI_UNIT ( .MILLI., .METRE. ) );
#6755 = AXIS2_PLACEMENT_3D ( 'NONE', #4131, #8417, #7623 ) ;
#6757 = ORIENTED_EDGE ( 'NONE', *, *, #5000, .F. ) ;
#6756 = EDGE_CURVE ( 'NONE', #7319, #2865, #973, .T. ) ;
#6758 = EDGE_LOOP ( 'NONE', ( #1444, #8635, #9047, #7040 ) ) ;
#6759 = VECTOR ( 'NONE', #8717, 1000.000000000000000 ) ;
#6760 = EDGE_CURVE ( 'NONE', #3295, #729, #7438, .T. ) ;
#6761 = EDGE_CURVE ( 'NONE', #9126, #1985, #6690, .T. ) ;
#6762 = EDGE_CURVE ( 'NONE', #298, #765, #879, .T. ) ;
#6763 = DIRECTION ( 'NONE',  ( 0.000000000000000000, 1.000000000000000000, 0.000000000000000000 ) ) ;
#6764 = VERTEX_POINT ( 'NONE', #1723 ) ;
#6765 = STYLED_ITEM ( 'NONE', ( #1553 ), #6198 ) ;
#6766 = LINE ( 'NONE', #1000, #1027 ) ;
#6767 = DIRECTION ( 'NONE',  ( 1.000000000000000000, 0.000000000000000000, 1.084202172485504631E-15 ) ) ;
#6768 = VERTEX_POINT ( 'NONE', #6737 ) ;
#6769 = ADVANCED_FACE ( 'NONE', ( #3057 ), #2256, .F. ) ;
#6770 = EDGE_LOOP ( 'NONE', ( #3741, #7244, #7314, #7309 ) ) ;
#6771 =( NAMED_UNIT ( * ) SI_UNIT ( $, .STERADIAN. ) SOLID_ANGLE_UNIT ( ) );
#6772 = ORIENTED_EDGE ( 'NONE', *, *, #6804, .F. ) ;
#6773 =( NAMED_UNIT ( * ) PLANE_ANGLE_UNIT ( ) SI_UNIT ( $, .RADIAN. ) );
#6774 = VECTOR ( 'NONE', #7256, 1000.000000000000000 ) ;
#6775 = FILL_AREA_STYLE ('',( #5903 ) ) ;
#6776 = PLANE ( 'NONE',  #5401 ) ;
#6777 = CARTESIAN_POINT ( 'NONE',  ( -1.130000000000008997, -0.3605551275463988459, -0.09999999999998980538 ) ) ;
#6778 = ORIENTED_EDGE ( 'NONE', *, *, #3369, .T. ) ;
#6779 = EDGE_CURVE ( 'NONE', #4069, #5117, #5873, .T. ) ;
#6780 = CARTESIAN_POINT ( 'NONE',  ( -1.130000000000010330, -0.3605551275463988459, -0.9999999999999900080 ) ) ;
#6781 = DIRECTION ( 'NONE',  ( 0.000000000000000000, 0.000000000000000000, 1.000000000000000000 ) ) ;
#6782 = CARTESIAN_POINT ( 'NONE',  ( 1.130000000000010330, 0.07999999999999998779, -0.8999999999999896971 ) ) ;
#6783 = ORIENTED_EDGE ( 'NONE', *, *, #8797, .F. ) ;
#6784 = DIRECTION ( 'NONE',  ( 0.000000000000000000, 0.000000000000000000, -1.000000000000000000 ) ) ;
#6785 = LINE ( 'NONE', #4046, #3304 ) ;
#6786 = CARTESIAN_POINT ( 'NONE',  ( -0.9999999999999950040, 0.07999999999999998779, -1.130000000000014326 ) ) ;
#6787 = DIRECTION ( 'NONE',  ( 0.000000000000000000, 1.000000000000000000, 0.000000000000000000 ) ) ;
#6788 = FACE_OUTER_BOUND ( 'NONE', #1813, .T. ) ;
#6789 = PLANE ( 'NONE',  #9272 ) ;
#6790 = DIRECTION ( 'NONE',  ( -5.860552283705427907E-16, 0.000000000000000000, 1.000000000000000000 ) ) ;
#6791 = EDGE_LOOP ( 'NONE', ( #6618, #7293, #4571, #7529 ) ) ;
#6792 = ORIENTED_EDGE ( 'NONE', *, *, #230, .F. ) ;
#6793 = VERTEX_POINT ( 'NONE', #5919 ) ;
#6794 = CARTESIAN_POINT ( 'NONE',  ( 1.130000000000003446, 0.5005948168962619516, 0.9000000000000101252 ) ) ;
#6795 = CARTESIAN_POINT ( 'NONE',  ( -0.2999999999999948264, -0.3605551275463988459, 1.130000000000003668 ) ) ;
#6796 = EDGE_LOOP ( 'NONE', ( #9054, #3965, #5775, #1546 ) ) ;
#6797 = DIRECTION ( 'NONE',  ( -0.7071067811865521247, 0.000000000000000000, -0.7071067811865430208 ) ) ;
#6798 = DIRECTION ( 'NONE',  ( 0.000000000000000000, 0.000000000000000000, 1.000000000000000000 ) ) ;
#6799 = ADVANCED_FACE ( 'NONE', ( #8875 ), #936, .F. ) ;
#6800 = ORIENTED_EDGE ( 'NONE', *, *, #632, .F. ) ;
#6801 = VERTEX_POINT ( 'NONE', #5315 ) ;
#6802 = EDGE_CURVE ( 'NONE', #2881, #7280, #4464, .T. ) ;
#6803 = PLANE ( 'NONE',  #4056 ) ;
#6804 = EDGE_CURVE ( 'NONE', #6046, #3342, #1532, .T. ) ;
#6805 = FILL_AREA_STYLE_COLOUR ( '', #6859 ) ;
#6806 = DIRECTION ( 'NONE',  ( 0.000000000000000000, 0.000000000000000000, -1.000000000000000000 ) ) ;
#6807 = ORIENTED_EDGE ( 'NONE', *, *, #9212, .T. ) ;
#6808 = ORIENTED_EDGE ( 'NONE', *, *, #1079, .F. ) ;
#6809 = FILL_AREA_STYLE ('',( #3927 ) ) ;
#6810 = ADVANCED_FACE ( 'NONE', ( #219 ), #321, .F. ) ;
#6811 = ORIENTED_EDGE ( 'NONE', *, *, #396, .F. ) ;
#6812 = VECTOR ( 'NONE', #9092, 1000.000000000000000 ) ;
#6813 = DIRECTION ( 'NONE',  ( 0.000000000000000000, 0.000000000000000000, -1.000000000000000000 ) ) ;
#6814 = CARTESIAN_POINT ( 'NONE',  ( 1.500000000000000222, 0.1049999999999999545, -1.500000000000000222 ) ) ;
#6815 = EDGE_CURVE ( 'NONE', #9238, #6176, #2347, .T. ) ;
#6816 = PLANE ( 'NONE',  #6913 ) ;
#6817 = STYLED_ITEM ( 'NONE', ( #6532 ), #1886 ) ;
#6818 = VECTOR ( 'NONE', #7341, 1000.000000000000000 ) ;
#6819 =( GEOMETRIC_REPRESENTATION_CONTEXT ( 3 ) GLOBAL_UNCERTAINTY_ASSIGNED_CONTEXT ( ( #7354 ) ) GLOBAL_UNIT_ASSIGNED_CONTEXT ( ( #3830, #2367, #3320 ) ) REPRESENTATION_CONTEXT ( 'NONE', 'WORKASPACE' ) );
#6820 = CARTESIAN_POINT ( 'NONE',  ( -1.130000000000008997, 0.08000000000000000167, -0.4999999999999898415 ) ) ;
#6821 = VERTEX_POINT ( 'NONE', #832 ) ;
#6822 = SURFACE_SIDE_STYLE ('',( #3940 ) ) ;
#6823 = AXIS2_PLACEMENT_3D ( 'NONE', #8367, #9164, #2592 ) ;
#6824 = VERTEX_POINT ( 'NONE', #3671 ) ;
#6825 = ORIENTED_EDGE ( 'NONE', *, *, #2141, .F. ) ;
#6826 = PRESENTATION_LAYER_ASSIGNMENT (  '', '', ( #9217 ) ) ;
#6827 = DIRECTION ( 'NONE',  ( 0.000000000000000000, 0.000000000000000000, -1.000000000000000000 ) ) ;
#6828 = LINE ( 'NONE', #1765, #2935 ) ;
#6829 = DIRECTION ( 'NONE',  ( 0.000000000000000000, 0.000000000000000000, 1.000000000000000000 ) ) ;
#6830 = COLOUR_RGB ( '',1.000000000000000000, 0.8117647058823529438, 0.5019607843137254832 ) ;
#6831 = EDGE_CURVE ( 'NONE', #8792, #761, #3348, .T. ) ;
#6832 = VECTOR ( 'NONE', #218, 1000.000000000000000 ) ;
#6833 = FACE_OUTER_BOUND ( 'NONE', #7073, .T. ) ;
#6834 = DIRECTION ( 'NONE',  ( 0.000000000000000000, 0.000000000000000000, 1.000000000000000000 ) ) ;
#6835 = LINE ( 'NONE', #3912, #6109 ) ;
#6836 = CARTESIAN_POINT ( 'NONE',  ( -0.8999999999999950262, 0.07999999999999998779, -1.130000000000014326 ) ) ;
#6837 = DIRECTION ( 'NONE',  ( 0.000000000000000000, 0.000000000000000000, -1.000000000000000000 ) ) ;
#6838 = EDGE_LOOP ( 'NONE', ( #6316, #5579, #8512, #3332 ) ) ;
#6839 =( NAMED_UNIT ( * ) SI_UNIT ( $, .STERADIAN. ) SOLID_ANGLE_UNIT ( ) );
#6840 = VERTEX_POINT ( 'NONE', #1948 ) ;
#6841 = EDGE_LOOP ( 'NONE', ( #2443, #2273, #1797, #3778 ) ) ;
#6842 = VERTEX_POINT ( 'NONE', #463 ) ;
#6843 = FACE_OUTER_BOUND ( 'NONE', #8391, .T. ) ;
#6844 = SURFACE_STYLE_FILL_AREA ( #2656 ) ;
#6845 =( GEOMETRIC_REPRESENTATION_CONTEXT ( 3 ) GLOBAL_UNCERTAINTY_ASSIGNED_CONTEXT ( ( #2861 ) ) GLOBAL_UNIT_ASSIGNED_CONTEXT ( ( #8785, #3114, #6701 ) ) REPRESENTATION_CONTEXT ( 'NONE', 'WORKASPACE' ) );
#6846 = ORIENTED_EDGE ( 'NONE', *, *, #6531, .F. ) ;
#6847 = ORIENTED_EDGE ( 'NONE', *, *, #6802, .F. ) ;
#6848 =( NAMED_UNIT ( * ) PLANE_ANGLE_UNIT ( ) SI_UNIT ( $, .RADIAN. ) );
#6849 = VERTEX_POINT ( 'NONE', #4702 ) ;
#6850 = VERTEX_POINT ( 'NONE', #3202 ) ;
#6851 = FACE_OUTER_BOUND ( 'NONE', #8522, .T. ) ;
#6852 = VECTOR ( 'NONE', #7622, 1000.000000000000000 ) ;
#6853 = ADVANCED_FACE ( 'NONE', ( #4800 ), #7668, .F. ) ;
#6854 = DIRECTION ( 'NONE',  ( 0.000000000000000000, 0.000000000000000000, 1.000000000000000000 ) ) ;
#6855 = PLANE ( 'NONE',  #8399 ) ;
#6856 = STYLED_ITEM ( 'NONE', ( #6672 ), #2269 ) ;
#6857 = ADVANCED_FACE ( 'NONE', ( #3907 ), #8371, .F. ) ;
#6858 = DIRECTION ( 'NONE',  ( 0.000000000000000000, 0.000000000000000000, 1.000000000000000000 ) ) ;
#6859 = COLOUR_RGB ( '',1.000000000000000000, 0.8117647058823529438, 0.5019607843137254832 ) ;
#6860 = ORIENTED_EDGE ( 'NONE', *, *, #6094, .F. ) ;
#6861 = CARTESIAN_POINT ( 'NONE',  ( 1.430000000000000160, -0.3605551275463988459, 0.6999999999999899636 ) ) ;
#6862 = LINE ( 'NONE', #9013, #2296 ) ;
#6863 = VECTOR ( 'NONE', #8961, 1000.000000000000000 ) ;
#6864 = ORIENTED_EDGE ( 'NONE', *, *, #816, .F. ) ;
#6865 = EDGE_CURVE ( 'NONE', #892, #2591, #1257, .T. ) ;
#6866 = EDGE_CURVE ( 'NONE', #7690, #3435, #6158, .T. ) ;
#6867 = ADVANCED_FACE ( 'NONE', ( #514 ), #7489, .F. ) ;
#6868 = MECHANICAL_DESIGN_GEOMETRIC_PRESENTATION_REPRESENTATION (  '', ( #882 ), #6845 ) ;
#6869 = DIRECTION ( 'NONE',  ( 1.000000000000000000, 0.000000000000000000, 0.000000000000000000 ) ) ;
#6870 = ORIENTED_EDGE ( 'NONE', *, *, #3233, .F. ) ;
#6871 = EDGE_CURVE ( 'NONE', #998, #1113, #6200, .T. ) ;
#6872 = FACE_OUTER_BOUND ( 'NONE', #9090, .T. ) ;
#6873 = VECTOR ( 'NONE', #8036, 1000.000000000000000 ) ;
#6874 = FACE_OUTER_BOUND ( 'NONE', #511, .T. ) ;
#6875 = DIRECTION ( 'NONE',  ( 1.000000000000000000, 0.000000000000000000, 0.000000000000000000 ) ) ;
#6876 = CARTESIAN_POINT ( 'NONE',  ( 1.100000000000004974, 0.5005948168962619516, -1.130000000000000338 ) ) ;
#6877 = ADVANCED_FACE ( 'NONE', ( #1819 ), #4658, .T. ) ;
#6878 = EDGE_CURVE ( 'NONE', #4238, #9041, #8321, .T. ) ;
#6879 = LINE ( 'NONE', #8242, #8589 ) ;
#6880 =( NAMED_UNIT ( * ) SI_UNIT ( $, .STERADIAN. ) SOLID_ANGLE_UNIT ( ) );
#6881 = SURFACE_STYLE_FILL_AREA ( #1824 ) ;
#6882 = AXIS2_PLACEMENT_3D ( 'NONE', #8327, #8374, #4134 ) ;
#6883 = VECTOR ( 'NONE', #3051, 1000.000000000000000 ) ;
#6884 = ORIENTED_EDGE ( 'NONE', *, *, #7205, .T. ) ;
#6885 = VECTOR ( 'NONE', #5289, 1000.000000000000000 ) ;
#6886 = VECTOR ( 'NONE', #3815, 1000.000000000000000 ) ;
#6887 = DIRECTION ( 'NONE',  ( -0.000000000000000000, -1.000000000000000000, -0.000000000000000000 ) ) ;
#6888 = DIRECTION ( 'NONE',  ( 0.000000000000000000, 1.000000000000000000, 0.000000000000000000 ) ) ;
#6889 = ORIENTED_EDGE ( 'NONE', *, *, #1473, .T. ) ;
#6890 = STYLED_ITEM ( 'NONE', ( #4984 ), #3457 ) ;
#6891 = PLANE ( 'NONE',  #7862 ) ;
#6892 = VECTOR ( 'NONE', #4486, 1000.000000000000000 ) ;
#6893 = EDGE_LOOP ( 'NONE', ( #6617, #7999, #7262, #1453, #3387 ) ) ;
#6894 = ORIENTED_EDGE ( 'NONE', *, *, #2762, .F. ) ;
#6895 = AXIS2_PLACEMENT_3D ( 'NONE', #6946, #6806, #386 ) ;
#6896 = PRESENTATION_STYLE_ASSIGNMENT (( #6619 ) ) ;
#6897 = PLANE ( 'NONE',  #1090 ) ;
#6898 = VERTEX_POINT ( 'NONE', #1907 ) ;
#6899 = DIRECTION ( 'NONE',  ( 0.000000000000000000, 0.000000000000000000, 1.000000000000000000 ) ) ;
#6900 =( NAMED_UNIT ( * ) SI_UNIT ( $, .STERADIAN. ) SOLID_ANGLE_UNIT ( ) );
#6901 = PRESENTATION_LAYER_ASSIGNMENT (  '', '', ( #5226 ) ) ;
#6902 = CARTESIAN_POINT ( 'NONE',  ( 1.130000000000008997, -1.084202172485504434E-16, 0.1000000000000101225 ) ) ;
#6903 = FILL_AREA_STYLE_COLOUR ( '', #1351 ) ;
#6904 = EDGE_LOOP ( 'NONE', ( #8705, #7138, #7589, #5572 ) ) ;
#6905 = ORIENTED_EDGE ( 'NONE', *, *, #5752, .F. ) ;
#6906 = VECTOR ( 'NONE', #4532, 1000.000000000000000 ) ;
#6907 = ORIENTED_EDGE ( 'NONE', *, *, #1837, .F. ) ;
#6908 = ORIENTED_EDGE ( 'NONE', *, *, #5308, .T. ) ;
#6909 = DIRECTION ( 'NONE',  ( 0.000000000000000000, 0.000000000000000000, -1.000000000000000000 ) ) ;
#6910 = EDGE_CURVE ( 'NONE', #447, #2299, #1073, .T. ) ;
#6911 = AXIS2_PLACEMENT_3D ( 'NONE', #7842, #1522, #8629 ) ;
#6912 =( NAMED_UNIT ( * ) PLANE_ANGLE_UNIT ( ) SI_UNIT ( $, .RADIAN. ) );
#6913 = AXIS2_PLACEMENT_3D ( 'NONE', #5339, #4543, #8812 ) ;
#6914 = ORIENTED_EDGE ( 'NONE', *, *, #5130, .T. ) ;
#6915 = LINE ( 'NONE', #7000, #1519 ) ;
#6916 = CARTESIAN_POINT ( 'NONE',  ( 1.130000000000010330, 0.07999999999999998779, -1.099999999999989875 ) ) ;
#6917 = ORIENTED_EDGE ( 'NONE', *, *, #4329, .F. ) ;
#6918 = SURFACE_STYLE_USAGE ( .BOTH. , #3442 ) ;
#6919 = SURFACE_SIDE_STYLE ('',( #4037 ) ) ;
#6920 = VECTOR ( 'NONE', #5332, 1000.000000000000000 ) ;
#6921 = EDGE_CURVE ( 'NONE', #7326, #337, #6111, .T. ) ;
#6922 = ORIENTED_EDGE ( 'NONE', *, *, #47, .T. ) ;
#6923 = LINE ( 'NONE', #7576, #5003 ) ;
#6924 = ORIENTED_EDGE ( 'NONE', *, *, #8680, .F. ) ;
#6925 = LINE ( 'NONE', #4837, #4492 ) ;
#6926 = DIRECTION ( 'NONE',  ( -0.000000000000000000, 0.000000000000000000, -1.000000000000000000 ) ) ;
#6927 = DIRECTION ( 'NONE',  ( -1.000000000000000000, 0.000000000000000000, 0.000000000000000000 ) ) ;
#6928 = DIRECTION ( 'NONE',  ( -1.000000000000000000, 0.000000000000000000, 0.000000000000000000 ) ) ;
#6929 = EDGE_CURVE ( 'NONE', #6764, #2739, #2636, .T. ) ;
#6930 = DIRECTION ( 'NONE',  ( -1.000000000000000000, 0.000000000000000000, -0.000000000000000000 ) ) ;
#6931 = CARTESIAN_POINT ( 'NONE',  ( 1.130000000000008997, 0.5005948168962619516, -0.4999999999999898415 ) ) ;
#6932 = FILL_AREA_STYLE_COLOUR ( '', #9124 ) ;
#6933 = EDGE_CURVE ( 'NONE', #6037, #7326, #6965, .T. ) ;
#6934 = CARTESIAN_POINT ( 'NONE',  ( -1.430000000000000160, -1.084202172485504434E-16, 0.3000000000000102029 ) ) ;
#6935 = ORIENTED_EDGE ( 'NONE', *, *, #4850, .F. ) ;
#6936 = ORIENTED_EDGE ( 'NONE', *, *, #3496, .F. ) ;
#6937 = LINE ( 'NONE', #522, #6279 ) ;
#6938 = DIRECTION ( 'NONE',  ( 0.000000000000000000, -0.000000000000000000, -1.000000000000000000 ) ) ;
#6939 = CARTESIAN_POINT ( 'NONE',  ( -1.100000000000004974, 0.08000000000000000167, 1.430000000000000382 ) ) ;
#6940 = DIRECTION ( 'NONE',  ( 0.000000000000000000, 0.000000000000000000, 1.000000000000000000 ) ) ;
#6941 =( LENGTH_UNIT ( ) NAMED_UNIT ( * ) SI_UNIT ( .MILLI., .METRE. ) );
#6942 = ORIENTED_EDGE ( 'NONE', *, *, #9157, .T. ) ;
#6943 = FACE_OUTER_BOUND ( 'NONE', #5774, .T. ) ;
#6944 = CARTESIAN_POINT ( 'NONE',  ( 1.100000000000004974, 0.000000000000000000, 1.430000000000000382 ) ) ;
#6945 =( LENGTH_UNIT ( ) NAMED_UNIT ( * ) SI_UNIT ( .MILLI., .METRE. ) );
#6946 = CARTESIAN_POINT ( 'NONE',  ( -1.130000000000004112, 0.5005948168962619516, 0.1000000000000100253 ) ) ;
#6947 = CARTESIAN_POINT ( 'NONE',  ( 0.3000000000000052625, 0.08000000000000000167, -1.130000000000003668 ) ) ;
#6948 = VERTEX_POINT ( 'NONE', #7532 ) ;
#6949 = ORIENTED_EDGE ( 'NONE', *, *, #2141, .T. ) ;
#6950 = FACE_OUTER_BOUND ( 'NONE', #1158, .T. ) ;
#6951 = LINE ( 'NONE', #2625, #8607 ) ;
#6952 = ORIENTED_EDGE ( 'NONE', *, *, #36, .T. ) ;
#6953 = DIRECTION ( 'NONE',  ( -1.000000000000000000, 0.000000000000000000, 0.000000000000000000 ) ) ;
#6954 = LINE ( 'NONE', #8314, #4644 ) ;
#6955 = ORIENTED_EDGE ( 'NONE', *, *, #7674, .T. ) ;
#6956 =( GEOMETRIC_REPRESENTATION_CONTEXT ( 3 ) GLOBAL_UNCERTAINTY_ASSIGNED_CONTEXT ( ( #4421 ) ) GLOBAL_UNIT_ASSIGNED_CONTEXT ( ( #3139, #6848, #6771 ) ) REPRESENTATION_CONTEXT ( 'NONE', 'WORKASPACE' ) );
#6957 = LINE ( 'NONE', #4921, #5298 ) ;
#6958 = DIRECTION ( 'NONE',  ( 1.000000000000000000, -0.000000000000000000, 5.860552283705431852E-16 ) ) ;
#6959 = EDGE_LOOP ( 'NONE', ( #1455, #8698, #5932, #7448 ) ) ;
#6961 = VECTOR ( 'NONE', #5112, 1000.000000000000000 ) ;
#6960 = CARTESIAN_POINT ( 'NONE',  ( 0.000000000000000000, 0.08000000000000000167, 0.000000000000000000 ) ) ;
#6962 =( GEOMETRIC_REPRESENTATION_CONTEXT ( 3 ) GLOBAL_UNCERTAINTY_ASSIGNED_CONTEXT ( ( #2264 ) ) GLOBAL_UNIT_ASSIGNED_CONTEXT ( ( #1178, #4854, #6839 ) ) REPRESENTATION_CONTEXT ( 'NONE', 'WORKASPACE' ) );
#6963 = EDGE_CURVE ( 'NONE', #337, #2560, #6828, .T. ) ;
#6964 = PLANE ( 'NONE',  #7775 ) ;
#6965 = LINE ( 'NONE', #8193, #1177 ) ;
#6966 = DIRECTION ( 'NONE',  ( 0.000000000000000000, 1.000000000000000000, 0.000000000000000000 ) ) ;
#6967 = EDGE_CURVE ( 'NONE', #2621, #631, #3400, .T. ) ;
#6968 = VECTOR ( 'NONE', #8681, 1000.000000000000000 ) ;
#6969 = PRESENTATION_STYLE_ASSIGNMENT (( #5719 ) ) ;
#6970 = LINE ( 'NONE', #658, #5898 ) ;
#6971 = DIRECTION ( 'NONE',  ( -1.000000000000000000, 0.000000000000000000, 0.000000000000000000 ) ) ;
#6972 = VERTEX_POINT ( 'NONE', #2685 ) ;
#6973 = ORIENTED_EDGE ( 'NONE', *, *, #5644, .T. ) ;
#6974 = EDGE_CURVE ( 'NONE', #160, #447, #4610, .T. ) ;
#6975 = VERTEX_POINT ( 'NONE', #6786 ) ;
#6976 = COLOUR_RGB ( '',1.000000000000000000, 0.8117647058823529438, 0.5019607843137254832 ) ;
#6977 = CARTESIAN_POINT ( 'NONE',  ( -1.100000000000004974, 0.08000000000000000167, -1.229999999999999760 ) ) ;
#6978 = VECTOR ( 'NONE', #8507, 1000.000000000000000 ) ;
#6979 = MECHANICAL_DESIGN_GEOMETRIC_PRESENTATION_REPRESENTATION (  '', ( #6213 ), #253 ) ;
#6980 = EDGE_CURVE ( 'NONE', #4057, #140, #5145, .T. ) ;
#6981 = LINE ( 'NONE', #6306, #2364 ) ;
#6982 =( NAMED_UNIT ( * ) SI_UNIT ( $, .STERADIAN. ) SOLID_ANGLE_UNIT ( ) );
#6983 = ORIENTED_EDGE ( 'NONE', *, *, #8625, .T. ) ;
#6984 = VECTOR ( 'NONE', #7091, 1000.000000000000000 ) ;
#6985 = EDGE_CURVE ( 'NONE', #136, #135, #1513, .T. ) ;
#6986 = EDGE_CURVE ( 'NONE', #676, #9236, #4838, .T. ) ;
#6987 =( LENGTH_UNIT ( ) NAMED_UNIT ( * ) SI_UNIT ( .MILLI., .METRE. ) );
#6988 = ADVANCED_FACE ( 'NONE', ( #8573 ), #8022, .F. ) ;
#6989 = DIRECTION ( 'NONE',  ( 0.000000000000000000, 0.000000000000000000, 1.000000000000000000 ) ) ;
#6990 = CARTESIAN_POINT ( 'NONE',  ( 0.000000000000000000, 0.000000000000000000, 0.000000000000000000 ) ) ;
#6991 = PLANE ( 'NONE',  #6713 ) ;
#6992 = FACE_OUTER_BOUND ( 'NONE', #79, .T. ) ;
#6993 = ORIENTED_EDGE ( 'NONE', *, *, #1140, .T. ) ;
#6994 = ORIENTED_EDGE ( 'NONE', *, *, #7042, .F. ) ;
#6995 = ORIENTED_EDGE ( 'NONE', *, *, #2569, .T. ) ;
#6996 = EDGE_LOOP ( 'NONE', ( #6592, #3789, #1355, #5487 ) ) ;
#6997 = LINE ( 'NONE', #592, #6104 ) ;
#6998 = CARTESIAN_POINT ( 'NONE',  ( 0.000000000000000000, 0.08000000000000000167, 0.8000000000000000444 ) ) ;
#6999 = VERTEX_POINT ( 'NONE', #8666 ) ;
#7000 = CARTESIAN_POINT ( 'NONE',  ( -1.130000000000008997, 0.08000000000000000167, -0.6999999999999899636 ) ) ;
#7001 = LINE ( 'NONE', #551, #1225 ) ;
#7002 = ORIENTED_EDGE ( 'NONE', *, *, #6261, .F. ) ;
#7003 = CARTESIAN_POINT ( 'NONE',  ( -0.7249999999999998668, 0.4535533905932740972, -0.8250000000000117240 ) ) ;
#7004 =( GEOMETRIC_REPRESENTATION_CONTEXT ( 3 ) GLOBAL_UNCERTAINTY_ASSIGNED_CONTEXT ( ( #8579 ) ) GLOBAL_UNIT_ASSIGNED_CONTEXT ( ( #7768, #8640, #5074 ) ) REPRESENTATION_CONTEXT ( 'NONE', 'WORKASPACE' ) );
#7005 = PLANE ( 'NONE',  #6247 ) ;
#7006 =( NAMED_UNIT ( * ) SI_UNIT ( $, .STERADIAN. ) SOLID_ANGLE_UNIT ( ) );
#7007 = ORIENTED_EDGE ( 'NONE', *, *, #920, .F. ) ;
#7008 = VECTOR ( 'NONE', #4197, 1000.000000000000000 ) ;
#7009 = DIRECTION ( 'NONE',  ( 0.000000000000000000, 0.000000000000000000, -1.000000000000000000 ) ) ;
#7010 = AXIS2_PLACEMENT_3D ( 'NONE', #1745, #954, #8118 ) ;
#7011 = DIRECTION ( 'NONE',  ( 0.000000000000000000, 0.000000000000000000, 1.000000000000000000 ) ) ;
#7012 = CARTESIAN_POINT ( 'NONE',  ( -1.130000000000008997, -0.3605551275463988459, -0.4999999999999898415 ) ) ;
#7013 = CARTESIAN_POINT ( 'NONE',  ( 0.3000000000000052625, -0.3605551275463988459, 1.430000000000000382 ) ) ;
#7014 =( GEOMETRIC_REPRESENTATION_CONTEXT ( 3 ) GLOBAL_UNCERTAINTY_ASSIGNED_CONTEXT ( ( #9 ) ) GLOBAL_UNIT_ASSIGNED_CONTEXT ( ( #4036, #3002, #7141 ) ) REPRESENTATION_CONTEXT ( 'NONE', 'WORKASPACE' ) );
#7015 = DIRECTION ( 'NONE',  ( 0.000000000000000000, 0.000000000000000000, -1.000000000000000000 ) ) ;
#7016 = FACE_OUTER_BOUND ( 'NONE', #8214, .T. ) ;
#7017 =( LENGTH_UNIT ( ) NAMED_UNIT ( * ) SI_UNIT ( .MILLI., .METRE. ) );
#7018 = VECTOR ( 'NONE', #528, 1000.000000000000000 ) ;
#7019 = ORIENTED_EDGE ( 'NONE', *, *, #2669, .F. ) ;
#7020 = VECTOR ( 'NONE', #2484, 1000.000000000000000 ) ;
#7021 = VERTEX_POINT ( 'NONE', #7188 ) ;
#7022 = VECTOR ( 'NONE', #3354, 1000.000000000000000 ) ;
#7023 = EDGE_LOOP ( 'NONE', ( #5321, #4351, #3188, #3177 ) ) ;
#7024 = FACE_OUTER_BOUND ( 'NONE', #586, .T. ) ;
#7025 = EDGE_CURVE ( 'NONE', #8989, #753, #101, .T. ) ;
#7026 = DIRECTION ( 'NONE',  ( 0.000000000000000000, 0.000000000000000000, -1.000000000000000000 ) ) ;
#7027 = VECTOR ( 'NONE', #5126, 1000.000000000000000 ) ;
#7028 = VECTOR ( 'NONE', #7397, 1000.000000000000000 ) ;
#7029 =( LENGTH_UNIT ( ) NAMED_UNIT ( * ) SI_UNIT ( .MILLI., .METRE. ) );
#7030 = CARTESIAN_POINT ( 'NONE',  ( -1.430000000000000160, -0.3605551275463988459, -0.8999999999999896971 ) ) ;
#7031 = EDGE_LOOP ( 'NONE', ( #6043, #6091, #9191, #6338 ) ) ;
#7032 = AXIS2_PLACEMENT_3D ( 'NONE', #3275, #7686, #8997 ) ;
#7033 = DIRECTION ( 'NONE',  ( 5.860552283705431852E-16, 0.000000000000000000, -1.000000000000000000 ) ) ;
#7034 = VECTOR ( 'NONE', #790, 1000.000000000000000 ) ;
#7035 = PLANE ( 'NONE',  #2546 ) ;
#7036 = PLANE ( 'NONE',  #331 ) ;
#7037 = ORIENTED_EDGE ( 'NONE', *, *, #8692, .F. ) ;
#7038 = CARTESIAN_POINT ( 'NONE',  ( -1.230000000000008420, 0.07999999999999998779, 1.100000000000010303 ) ) ;
#7039 =( NAMED_UNIT ( * ) PLANE_ANGLE_UNIT ( ) SI_UNIT ( $, .RADIAN. ) );
#7040 = ORIENTED_EDGE ( 'NONE', *, *, #2896, .F. ) ;
#7041 = ORIENTED_EDGE ( 'NONE', *, *, #3522, .T. ) ;
#7042 = EDGE_CURVE ( 'NONE', #2984, #5182, #910, .T. ) ;
#7043 = CLOSED_SHELL ( 'NONE', ( #5875, #728, #6217, #959, #1475, #3426 ) ) ;
#7044 = LINE ( 'NONE', #4728, #7560 ) ;
#7045 = EDGE_CURVE ( 'NONE', #2125, #5427, #4349, .T. ) ;
#7046 = VECTOR ( 'NONE', #811, 1000.000000000000000 ) ;
#7047 = ORIENTED_EDGE ( 'NONE', *, *, #3766, .F. ) ;
#7048 = ORIENTED_EDGE ( 'NONE', *, *, #164, .F. ) ;
#7049 = CARTESIAN_POINT ( 'NONE',  ( 1.130000000000003446, 0.000000000000000000, 1.000000000000008660 ) ) ;
#7050 = EDGE_CURVE ( 'NONE', #8904, #2050, #2140, .T. ) ;
#7051 = COLOUR_RGB ( '',1.000000000000000000, 0.8117647058823529438, 0.5019607843137254832 ) ;
#7052 = DIRECTION ( 'NONE',  ( -0.000000000000000000, -1.000000000000000000, -0.000000000000000000 ) ) ;
#7053 = VECTOR ( 'NONE', #8586, 1000.000000000000000 ) ;
#7054 = DIRECTION ( 'NONE',  ( 0.000000000000000000, -1.000000000000000000, 0.000000000000000000 ) ) ;
#7055 = EDGE_CURVE ( 'NONE', #4148, #8422, #773, .T. ) ;
#7056 = COLOUR_RGB ( '',1.000000000000000000, 0.8117647058823529438, 0.5019607843137254832 ) ;
#7057 = FACE_OUTER_BOUND ( 'NONE', #571, .T. ) ;
#7058 = EDGE_LOOP ( 'NONE', ( #8109, #1839, #8276, #3229 ) ) ;
#7059 = CARTESIAN_POINT ( 'NONE',  ( -0.7249999999999998668, 0.1000000000000000056, -0.8250000000000117240 ) ) ;
#7060 = SURFACE_SIDE_STYLE ('',( #1338 ) ) ;
#7061 = CARTESIAN_POINT ( 'NONE',  ( -1.130000000000005445, 0.5005948168962619516, 0.7000000000000100586 ) ) ;
#7062 = VECTOR ( 'NONE', #8546, 1000.000000000000000 ) ;
#7063 = ORIENTED_EDGE ( 'NONE', *, *, #5411, .F. ) ;
#7064 = VECTOR ( 'NONE', #2390, 1000.000000000000000 ) ;
#7065 = CARTESIAN_POINT ( 'NONE',  ( 0.7000000000000052847, 0.5005948168962619516, -1.130000000000003668 ) ) ;
#7066 = CARTESIAN_POINT ( 'NONE',  ( -0.9000000000000051292, -1.084202172485504434E-16, -1.130000000000000338 ) ) ;
#7067 = CARTESIAN_POINT ( 'NONE',  ( 1.100000000000004974, 0.08000000000000000167, 1.229999999999999760 ) ) ;
#7068 = EDGE_CURVE ( 'NONE', #968, #1496, #6521, .T. ) ;
#7069 = PRESENTATION_LAYER_ASSIGNMENT (  '', '', ( #6765 ) ) ;
#7070 = CARTESIAN_POINT ( 'NONE',  ( -1.130000000000010330, 0.08000000000000000167, -0.8999999999999896971 ) ) ;
#7071 =( LENGTH_UNIT ( ) NAMED_UNIT ( * ) SI_UNIT ( .MILLI., .METRE. ) );
#7072 = PLANE ( 'NONE',  #1637 ) ;
#7073 = EDGE_LOOP ( 'NONE', ( #7416, #7717, #2205, #7646 ) ) ;
#7074 = CARTESIAN_POINT ( 'NONE',  ( 1.500000000000007105, 0.07999999999999998779, -0.09999999999998984701 ) ) ;
#7075 = FILL_AREA_STYLE ('',( #7851 ) ) ;
#7076 = FACE_OUTER_BOUND ( 'NONE', #249, .T. ) ;
#7077 = SURFACE_STYLE_FILL_AREA ( #2035 ) ;
#7078 = ORIENTED_EDGE ( 'NONE', *, *, #45, .T. ) ;
#7079 = DIRECTION ( 'NONE',  ( -1.000000000000000000, 0.000000000000000000, 0.000000000000000000 ) ) ;
#7080 = LINE ( 'NONE', #1446, #5192 ) ;
#7081 = ORIENTED_EDGE ( 'NONE', *, *, #8480, .T. ) ;
#7082 = LINE ( 'NONE', #3551, #6396 ) ;
#7083 = EDGE_CURVE ( 'NONE', #1128, #1082, #5751, .T. ) ;
#7084 = SURFACE_STYLE_USAGE ( .BOTH. , #38 ) ;
#7085 = VERTEX_POINT ( 'NONE', #157 ) ;
#7086 = EDGE_LOOP ( 'NONE', ( #5473, #435, #3691, #6079 ) ) ;
#7087 = LINE ( 'NONE', #91, #6047 ) ;
#7088 = EDGE_CURVE ( 'NONE', #2421, #7313, #1555, .T. ) ;
#7089 = EDGE_LOOP ( 'NONE', ( #6281, #313, #2071, #7127 ) ) ;
#7090 = LINE ( 'NONE', #9052, #5196 ) ;
#7091 = DIRECTION ( 'NONE',  ( 0.000000000000000000, 1.000000000000000000, 0.000000000000000000 ) ) ;
#7092 = EDGE_CURVE ( 'NONE', #3282, #801, #5549, .T. ) ;
#7093 = VERTEX_POINT ( 'NONE', #9166 ) ;
#7094 = CARTESIAN_POINT ( 'NONE',  ( -1.499999999999999778, 0.07999999999999998779, -1.099999999999989875 ) ) ;
#7095 = ORIENTED_EDGE ( 'NONE', *, *, #5584, .F. ) ;
#7096 = FACE_OUTER_BOUND ( 'NONE', #3793, .T. ) ;
#7097 = DIRECTION ( 'NONE',  ( 0.000000000000000000, 0.000000000000000000, 1.000000000000000000 ) ) ;
#7098 = DIRECTION ( 'NONE',  ( 0.000000000000000000, 1.000000000000000000, 0.000000000000000000 ) ) ;
#7099 = EDGE_LOOP ( 'NONE', ( #6936, #8234, #4581, #4779, #1919 ) ) ;
#7100 = EDGE_CURVE ( 'NONE', #6975, #5384, #7232, .T. ) ;
#7101 = CARTESIAN_POINT ( 'NONE',  ( -1.099999999999994982, 0.07999999999999998779, 1.230000000000006644 ) ) ;
#7102 = EDGE_CURVE ( 'NONE', #3602, #2491, #6296, .T. ) ;
#7103 = LINE ( 'NONE', #1384, #487 ) ;
#7104 = PRESENTATION_STYLE_ASSIGNMENT (( #8545 ) ) ;
#7105 = CARTESIAN_POINT ( 'NONE',  ( -0.9000000000000051292, -0.3605551275463988459, 1.130000000000000338 ) ) ;
#7106 = CARTESIAN_POINT ( 'NONE',  ( -1.499999999999999778, 0.9699999999999999734, -1.500000000000000222 ) ) ;
#7107 = DIRECTION ( 'NONE',  ( 0.000000000000000000, 0.000000000000000000, 1.000000000000000000 ) ) ;
#7108 = DIRECTION ( 'NONE',  ( -0.000000000000000000, 0.000000000000000000, 1.000000000000000000 ) ) ;
#7109 = ORIENTED_EDGE ( 'NONE', *, *, #7503, .T. ) ;
#7110 = COLOUR_RGB ( '',1.000000000000000000, 0.8117647058823529438, 0.5019607843137254832 ) ;
#7111 = VERTEX_POINT ( 'NONE', #6472 ) ;
#7112 = FILL_AREA_STYLE_COLOUR ( '', #311 ) ;
#7113 = VECTOR ( 'NONE', #7712, 1000.000000000000000 ) ;
#7114 = UNCERTAINTY_MEASURE_WITH_UNIT (LENGTH_MEASURE( 1.000000000000000082E-05 ), #847, 'distance_accuracy_value', 'NONE');
#7115 = VECTOR ( 'NONE', #8830, 1000.000000000000000 ) ;
#7116 = DIRECTION ( 'NONE',  ( 0.000000000000000000, 0.000000000000000000, 1.000000000000000000 ) ) ;
#7117 =( NAMED_UNIT ( * ) PLANE_ANGLE_UNIT ( ) SI_UNIT ( $, .RADIAN. ) );
#7118 = ORIENTED_EDGE ( 'NONE', *, *, #2888, .T. ) ;
#7119 = ORIENTED_EDGE ( 'NONE', *, *, #1374, .F. ) ;
#7120 = AXIS2_PLACEMENT_3D ( 'NONE', #7482, #2344, #4697 ) ;
#7121 = DIRECTION ( 'NONE',  ( 0.000000000000000000, -0.000000000000000000, 1.000000000000000000 ) ) ;
#7122 = DIRECTION ( 'NONE',  ( 0.000000000000000000, 0.000000000000000000, -1.000000000000000000 ) ) ;
#7123 =( NAMED_UNIT ( * ) SI_UNIT ( $, .STERADIAN. ) SOLID_ANGLE_UNIT ( ) );
#7124 = ORIENTED_EDGE ( 'NONE', *, *, #7678, .F. ) ;
#7125 = PLANE ( 'NONE',  #9100 ) ;
#7126 = LINE ( 'NONE', #760, #8079 ) ;
#7127 = ORIENTED_EDGE ( 'NONE', *, *, #8452, .F. ) ;
#7128 = VECTOR ( 'NONE', #7801, 1000.000000000000000 ) ;
#7129 =( NAMED_UNIT ( * ) SI_UNIT ( $, .STERADIAN. ) SOLID_ANGLE_UNIT ( ) );
#7130 = VERTEX_POINT ( 'NONE', #2940 ) ;
#7131 = VERTEX_POINT ( 'NONE', #51 ) ;
#7132 = VECTOR ( 'NONE', #4232, 1000.000000000000000 ) ;
#7133 = CARTESIAN_POINT ( 'NONE',  ( 0.1000000000000051958, -0.3605551275463988459, 1.430000000000000382 ) ) ;
#7134 = FACE_OUTER_BOUND ( 'NONE', #1402, .T. ) ;
#7135 = ORIENTED_EDGE ( 'NONE', *, *, #2053, .F. ) ;
#7136 = PLANE ( 'NONE',  #3900 ) ;
#7137 = DIRECTION ( 'NONE',  ( 0.000000000000000000, -1.000000000000000000, 0.000000000000000000 ) ) ;
#7138 = ORIENTED_EDGE ( 'NONE', *, *, #329, .T. ) ;
#7139 = DIRECTION ( 'NONE',  ( -1.000000000000000000, 0.000000000000000000, 0.000000000000000000 ) ) ;
#7140 = UNCERTAINTY_MEASURE_WITH_UNIT (LENGTH_MEASURE( 1.000000000000000082E-05 ), #403, 'distance_accuracy_value', 'NONE');
#7141 =( NAMED_UNIT ( * ) SI_UNIT ( $, .STERADIAN. ) SOLID_ANGLE_UNIT ( ) );
#7142 = EDGE_CURVE ( 'NONE', #1372, #4846, #2889, .T. ) ;
#7143 = ORIENTED_EDGE ( 'NONE', *, *, #5411, .T. ) ;
#7144 = PRESENTATION_LAYER_ASSIGNMENT (  '', '', ( #1454 ) ) ;
#7145 = EDGE_CURVE ( 'NONE', #1902, #3329, #5803, .T. ) ;
#7146 = DIRECTION ( 'NONE',  ( 0.000000000000000000, 1.000000000000000000, 0.000000000000000000 ) ) ;
#7147 = DIRECTION ( 'NONE',  ( -0.000000000000000000, 1.000000000000000000, -0.000000000000000000 ) ) ;
#7148 = FILL_AREA_STYLE ('',( #110 ) ) ;
#7149 = LINE ( 'NONE', #6430, #7798 ) ;
#7150 = EDGE_CURVE ( 'NONE', #4244, #2503, #2283, .T. ) ;
#7151 = PLANE ( 'NONE',  #983 ) ;
#7152 = DIRECTION ( 'NONE',  ( -0.000000000000000000, -1.000000000000000000, -0.000000000000000000 ) ) ;
#7153 = EDGE_CURVE ( 'NONE', #1487, #2491, #5855, .T. ) ;
#7154 = ADVANCED_FACE ( 'NONE', ( #6666 ), #8897, .F. ) ;
#7155 = ORIENTED_EDGE ( 'NONE', *, *, #1874, .F. ) ;
#7156 = EDGE_CURVE ( 'NONE', #2222, #6850, #6766, .T. ) ;
#7157 = VECTOR ( 'NONE', #7297, 1000.000000000000000 ) ;
#7158 = DIRECTION ( 'NONE',  ( -0.000000000000000000, 1.000000000000000000, -0.000000000000000000 ) ) ;
#7159 = VERTEX_POINT ( 'NONE', #1698 ) ;
#7160 = CARTESIAN_POINT ( 'NONE',  ( -1.230000000000008420, 0.000000000000000000, 1.100000000000010303 ) ) ;
#7161 = CARTESIAN_POINT ( 'NONE',  ( -1.100000000000004974, 0.08000000000000000167, -1.430000000000000382 ) ) ;
#7162 = AXIS2_PLACEMENT_3D ( 'NONE', #2806, #2106, #5582 ) ;
#7163 = DIRECTION ( 'NONE',  ( 0.000000000000000000, 0.000000000000000000, -1.000000000000000000 ) ) ;
#7164 = VECTOR ( 'NONE', #2044, 1000.000000000000000 ) ;
#7165 = CARTESIAN_POINT ( 'NONE',  ( -1.130000000000010330, -1.084202172485504434E-16, -0.8999999999999896971 ) ) ;
#7166 =( LENGTH_UNIT ( ) NAMED_UNIT ( * ) SI_UNIT ( .MILLI., .METRE. ) );
#7167 = EDGE_LOOP ( 'NONE', ( #7820, #199, #7737, #1397 ) ) ;
#7168 = ORIENTED_EDGE ( 'NONE', *, *, #443, .T. ) ;
#7169 = COLOUR_RGB ( '',1.000000000000000000, 0.8117647058823529438, 0.5019607843137254832 ) ;
#7170 = VECTOR ( 'NONE', #3171, 1000.000000000000000 ) ;
#7171 = FACE_OUTER_BOUND ( 'NONE', #9172, .T. ) ;
#7172 = LINE ( 'NONE', #84, #8049 ) ;
#7173 = FILL_AREA_STYLE_COLOUR ( '', #5646 ) ;
#7174 = ORIENTED_EDGE ( 'NONE', *, *, #3632, .F. ) ;
#7175 = VECTOR ( 'NONE', #8100, 1000.000000000000000 ) ;
#7176 = LINE ( 'NONE', #1449, #2648 ) ;
#7177 = LINE ( 'NONE', #4862, #2314 ) ;
#7178 = ORIENTED_EDGE ( 'NONE', *, *, #3012, .T. ) ;
#7179 = EDGE_LOOP ( 'NONE', ( #8943, #4461, #5853, #4951 ) ) ;
#7180 = FILL_AREA_STYLE ('',( #3509 ) ) ;
#7181 = ORIENTED_EDGE ( 'NONE', *, *, #1598, .F. ) ;
#7182 = DIRECTION ( 'NONE',  ( 0.000000000000000000, -0.000000000000000000, -1.000000000000000000 ) ) ;
#7183 = VECTOR ( 'NONE', #6742, 1000.000000000000000 ) ;
#7184 = CARTESIAN_POINT ( 'NONE',  ( -1.149999999999999689, 0.9699999999999999734, -1.150000000000000133 ) ) ;
#7185 = ORIENTED_EDGE ( 'NONE', *, *, #579, .F. ) ;
#7186 = DIRECTION ( 'NONE',  ( 0.000000000000000000, 1.000000000000000000, 0.000000000000000000 ) ) ;
#7187 = VECTOR ( 'NONE', #5711, 1000.000000000000000 ) ;
#7188 = CARTESIAN_POINT ( 'NONE',  ( -1.129999999999999893, 0.07999999999999998779, -0.9999999999999892308 ) ) ;
#7189 = CARTESIAN_POINT ( 'NONE',  ( -1.129999999999999893, 0.000000000000000000, -0.9999999999999892308 ) ) ;
#7190 = ORIENTED_EDGE ( 'NONE', *, *, #2170, .F. ) ;
#7191 = LINE ( 'NONE', #1609, #4855 ) ;
#7192 = VERTEX_POINT ( 'NONE', #5191 ) ;
#7193 = CARTESIAN_POINT ( 'NONE',  ( 0.000000000000000000, 0.08000000000000000167, 0.000000000000000000 ) ) ;
#7194 = VECTOR ( 'NONE', #5353, 1000.000000000000000 ) ;
#7195 = CARTESIAN_POINT ( 'NONE',  ( -0.5000000000000052180, -1.084202172485504434E-16, 1.430000000000000382 ) ) ;
#7196 = SURFACE_STYLE_FILL_AREA ( #7148 ) ;
#7197 = LINE ( 'NONE', #7105, #319 ) ;
#7198 = UNCERTAINTY_MEASURE_WITH_UNIT (LENGTH_MEASURE( 1.000000000000000082E-05 ), #5373, 'distance_accuracy_value', 'NONE');
#7199 = VECTOR ( 'NONE', #1990, 1000.000000000000000 ) ;
#7200 = ADVANCED_FACE ( 'NONE', ( #7373, #6716 ), #4534, .T. ) ;
#7201 = CARTESIAN_POINT ( 'NONE',  ( 1.500000000000009992, 0.07999999999999998779, -0.8999999999999896971 ) ) ;
#7202 = FILL_AREA_STYLE ('',( #6637 ) ) ;
#7203 = FACE_OUTER_BOUND ( 'NONE', #675, .T. ) ;
#7204 = VECTOR ( 'NONE', #4180, 1000.000000000000000 ) ;
#7205 = EDGE_CURVE ( 'NONE', #7280, #136, #300, .T. ) ;
#7206 = DIRECTION ( 'NONE',  ( 0.000000000000000000, 0.000000000000000000, -1.000000000000000000 ) ) ;
#7207 = DIRECTION ( 'NONE',  ( 0.000000000000000000, 0.000000000000000000, 1.000000000000000000 ) ) ;
#7208 = ORIENTED_EDGE ( 'NONE', *, *, #3419, .T. ) ;
#7209 = VECTOR ( 'NONE', #3235, 1000.000000000000000 ) ;
#7210 = VECTOR ( 'NONE', #3179, 1000.000000000000000 ) ;
#7211 = ORIENTED_EDGE ( 'NONE', *, *, #5520, .T. ) ;
#7212 = AXIS2_PLACEMENT_3D ( 'NONE', #1937, #3336, #6187 ) ;
#7213 = ADVANCED_FACE ( 'NONE', ( #7468 ), #3133, .F. ) ;
#7214 = CARTESIAN_POINT ( 'NONE',  ( 1.130000000000005000, 0.07999999999999998779, 0.5000000000000099920 ) ) ;
#7215 = LINE ( 'NONE', #7900, #8046 ) ;
#7216 = FACE_OUTER_BOUND ( 'NONE', #6189, .T. ) ;
#7217 = EDGE_CURVE ( 'NONE', #4605, #4057, #4679, .T. ) ;
#7218 = ORIENTED_EDGE ( 'NONE', *, *, #8128, .F. ) ;
#7219 = UNCERTAINTY_MEASURE_WITH_UNIT (LENGTH_MEASURE( 1.000000000000000082E-05 ), #8777, 'distance_accuracy_value', 'NONE');
#7220 = ORIENTED_EDGE ( 'NONE', *, *, #8866, .T. ) ;
#7221 = PRESENTATION_LAYER_ASSIGNMENT (  '', '', ( #3606 ) ) ;
#7222 = ADVANCED_FACE ( 'NONE', ( #2379 ), #1840, .F. ) ;
#7223 = LINE ( 'NONE', #2219, #8822 ) ;
#7224 = DIRECTION ( 'NONE',  ( 1.000000000000000000, 0.000000000000000000, 0.000000000000000000 ) ) ;
#7225 = PLANE ( 'NONE',  #120 ) ;
#7226 = ADVANCED_FACE ( 'NONE', ( #1792 ), #7514, .F. ) ;
#7227 = ORIENTED_EDGE ( 'NONE', *, *, #7068, .F. ) ;
#7228 = ORIENTED_EDGE ( 'NONE', *, *, #6097, .T. ) ;
#7229 = LINE ( 'NONE', #808, #565 ) ;
#7230 = ORIENTED_EDGE ( 'NONE', *, *, #3437, .F. ) ;
#7231 = EDGE_CURVE ( 'NONE', #6371, #4008, #4157, .T. ) ;
#7232 = LINE ( 'NONE', #609, #7464 ) ;
#7233 = DIRECTION ( 'NONE',  ( 0.000000000000000000, -0.000000000000000000, -1.000000000000000000 ) ) ;
#7234 = ORIENTED_EDGE ( 'NONE', *, *, #4375, .F. ) ;
#7235 =( NAMED_UNIT ( * ) SI_UNIT ( $, .STERADIAN. ) SOLID_ANGLE_UNIT ( ) );
#7236 = DIRECTION ( 'NONE',  ( 0.000000000000000000, 1.000000000000000000, 0.000000000000000000 ) ) ;
#7237 = ORIENTED_EDGE ( 'NONE', *, *, #1030, .F. ) ;
#7238 = CARTESIAN_POINT ( 'NONE',  ( -0.09999999999999484301, 0.5005948168962619516, 1.130000000000013216 ) ) ;
#7239 = FACE_OUTER_BOUND ( 'NONE', #5351, .T. ) ;
#7240 = DIRECTION ( 'NONE',  ( 1.000000000000000000, 0.000000000000000000, 0.000000000000000000 ) ) ;
#7241 = DIRECTION ( 'NONE',  ( 0.000000000000000000, 0.000000000000000000, -1.000000000000000000 ) ) ;
#7242 = CARTESIAN_POINT ( 'NONE',  ( 1.430000000000000160, 0.08000000000000000167, 0.1000000000000101225 ) ) ;
#7243 = CARTESIAN_POINT ( 'NONE',  ( 1.130000000000008997, -0.3605551275463988459, -0.6999999999999899636 ) ) ;
#7244 = ORIENTED_EDGE ( 'NONE', *, *, #4737, .T. ) ;
#7245 = EDGE_CURVE ( 'NONE', #6975, #7390, #5566, .T. ) ;
#7246 = LINE ( 'NONE', #5918, #8758 ) ;
#7247 = DIRECTION ( 'NONE',  ( -1.000000000000000000, 0.000000000000000000, 1.084202172485504040E-15 ) ) ;
#7248 = FACE_OUTER_BOUND ( 'NONE', #9005, .T. ) ;
#7249 = PRODUCT_CONTEXT ( 'NONE', #118, 'mechanical' ) ;
#7250 = CARTESIAN_POINT ( 'NONE',  ( -1.099999999999994982, 0.000000000000000000, 1.130000000000007221 ) ) ;
#7251 = UNCERTAINTY_MEASURE_WITH_UNIT (LENGTH_MEASURE( 1.000000000000000082E-05 ), #4330, 'distance_accuracy_value', 'NONE');
#7252 = ORIENTED_EDGE ( 'NONE', *, *, #4161, .F. ) ;
#7253 = EDGE_LOOP ( 'NONE', ( #1018, #4791, #7365, #899 ) ) ;
#7254 = EDGE_CURVE ( 'NONE', #2028, #6322, #1277, .T. ) ;
#7255 = VECTOR ( 'NONE', #5629, 1000.000000000000000 ) ;
#7256 = DIRECTION ( 'NONE',  ( -0.000000000000000000, -1.000000000000000000, -0.000000000000000000 ) ) ;
#7257 = AXIS2_PLACEMENT_3D ( 'NONE', #360, #555, #3237 ) ;
#7258 = CARTESIAN_POINT ( 'NONE',  ( -1.430000000000000160, 0.08000000000000000167, 0.8999999999999896971 ) ) ;
#7259 = SURFACE_STYLE_FILL_AREA ( #4198 ) ;
#7260 = PLANE ( 'NONE',  #5036 ) ;
#7261 = CARTESIAN_POINT ( 'NONE',  ( 0.9000000000000051292, 0.07999999999999998779, -1.130000000000000338 ) ) ;
#7262 = ORIENTED_EDGE ( 'NONE', *, *, #4200, .F. ) ;
#7263 = VERTEX_POINT ( 'NONE', #7639 ) ;
#7264 = SURFACE_SIDE_STYLE ('',( #4380 ) ) ;
#7265 = ORIENTED_EDGE ( 'NONE', *, *, #1470, .T. ) ;
#7266 = VERTEX_POINT ( 'NONE', #7038 ) ;
#7267 = VECTOR ( 'NONE', #9065, 1000.000000000000000 ) ;
#7268 = FILL_AREA_STYLE ('',( #4583 ) ) ;
#7269 = EDGE_CURVE ( 'NONE', #4807, #5478, #1362, .T. ) ;
#7270 = EDGE_CURVE ( 'NONE', #6824, #5379, #1237, .T. ) ;
#7271 = ADVANCED_FACE ( 'NONE', ( #4018 ), #7734, .F. ) ;
#7272 =( GEOMETRIC_REPRESENTATION_CONTEXT ( 3 ) GLOBAL_UNCERTAINTY_ASSIGNED_CONTEXT ( ( #5355 ) ) GLOBAL_UNIT_ASSIGNED_CONTEXT ( ( #3845, #6009, #5299 ) ) REPRESENTATION_CONTEXT ( 'NONE', 'WORKASPACE' ) );
#7273 = CARTESIAN_POINT ( 'NONE',  ( 1.130000000000008997, -0.3605551275463988459, 0.1000000000000101225 ) ) ;
#7274 = ORIENTED_EDGE ( 'NONE', *, *, #7388, .F. ) ;
#7275 =( LENGTH_UNIT ( ) NAMED_UNIT ( * ) SI_UNIT ( .MILLI., .METRE. ) );
#7276 = ADVANCED_FACE ( 'NONE', ( #3465 ), #584, .T. ) ;
#7277 = VECTOR ( 'NONE', #2527, 1000.000000000000000 ) ;
#7278 = DIRECTION ( 'NONE',  ( -1.000000000000000000, -0.000000000000000000, -0.000000000000000000 ) ) ;
#7279 = DIRECTION ( 'NONE',  ( 1.000000000000000000, 0.000000000000000000, 0.000000000000000000 ) ) ;
#7280 = VERTEX_POINT ( 'NONE', #6902 ) ;
#7281 = EDGE_CURVE ( 'NONE', #7111, #8889, #6312, .T. ) ;
#7282 = VECTOR ( 'NONE', #2775, 1000.000000000000000 ) ;
#7283 = CARTESIAN_POINT ( 'NONE',  ( 0.000000000000000000, 0.08000000000000000167, 0.000000000000000000 ) ) ;
#7284 = MECHANICAL_DESIGN_GEOMETRIC_PRESENTATION_REPRESENTATION (  '', ( #3970 ), #3817 ) ;
#7285 = CARTESIAN_POINT ( 'NONE',  ( 1.100000000000004974, -0.3605551275463988459, 1.229999999999999760 ) ) ;
#7286 = CARTESIAN_POINT ( 'NONE',  ( -0.09999999999999473199, 0.000000000000000000, -1.130000000000003668 ) ) ;
#7287 = PLANE ( 'NONE',  #2095 ) ;
#7288 = CARTESIAN_POINT ( 'NONE',  ( -1.130000000000008997, -0.3605551275463988459, 0.4999999999999898415 ) ) ;
#7289 = DIRECTION ( 'NONE',  ( -1.000000000000000000, 0.000000000000000000, 0.000000000000000000 ) ) ;
#7290 = FACE_OUTER_BOUND ( 'NONE', #4361, .T. ) ;
#7291 = LINE ( 'NONE', #2251, #4997 ) ;
#7292 = CARTESIAN_POINT ( 'NONE',  ( -0.7249999999999998668, 0.1000000000000000056, -0.5750000000000117240 ) ) ;
#7293 = ORIENTED_EDGE ( 'NONE', *, *, #5287, .F. ) ;
#7294 = ORIENTED_EDGE ( 'NONE', *, *, #9142, .F. ) ;
#7295 = ORIENTED_EDGE ( 'NONE', *, *, #8361, .T. ) ;
#7296 = LINE ( 'NONE', #5828, #2467 ) ;
#7297 = DIRECTION ( 'NONE',  ( -0.000000000000000000, -0.000000000000000000, 1.000000000000000000 ) ) ;
#7298 = CARTESIAN_POINT ( 'NONE',  ( -1.130000000000008997, 0.000000000000000000, 0.3000000000000102029 ) ) ;
#7299 = PLANE ( 'NONE',  #7855 ) ;
#7300 = CARTESIAN_POINT ( 'NONE',  ( -1.500000000000006661, 0.07999999999999998779, 0.9000000000000101252 ) ) ;
#7301 = SURFACE_STYLE_FILL_AREA ( #979 ) ;
#7302 = ORIENTED_EDGE ( 'NONE', *, *, #7050, .T. ) ;
#7303 = EDGE_LOOP ( 'NONE', ( #148, #7316, #7872, #7190 ) ) ;
#7304 = MECHANICAL_DESIGN_GEOMETRIC_PRESENTATION_REPRESENTATION (  '', ( #8633 ), #589 ) ;
#7305 = AXIS2_PLACEMENT_3D ( 'NONE', #3430, #6229, #677 ) ;
#7306 = FACE_OUTER_BOUND ( 'NONE', #7312, .T. ) ;
#7307 = CARTESIAN_POINT ( 'NONE',  ( -1.499999999999999778, 0.000000000000000000, -1.500000000000000222 ) ) ;
#7308 = SURFACE_STYLE_USAGE ( .BOTH. , #8007 ) ;
#7309 = ORIENTED_EDGE ( 'NONE', *, *, #1412, .T. ) ;
#7310 = LINE ( 'NONE', #8154, #3132 ) ;
#7311 = DIRECTION ( 'NONE',  ( 1.000000000000000000, 0.000000000000000000, 0.000000000000000000 ) ) ;
#7312 = EDGE_LOOP ( 'NONE', ( #3638, #2310, #4079, #8747 ) ) ;
#7313 = VERTEX_POINT ( 'NONE', #3326 ) ;
#7314 = ORIENTED_EDGE ( 'NONE', *, *, #6575, .T. ) ;
#7315 = VECTOR ( 'NONE', #2667, 1000.000000000000000 ) ;
#7316 = ORIENTED_EDGE ( 'NONE', *, *, #6564, .T. ) ;
#7317 = VECTOR ( 'NONE', #5931, 1000.000000000000000 ) ;
#7318 = VECTOR ( 'NONE', #614, 1000.000000000000000 ) ;
#7319 = VERTEX_POINT ( 'NONE', #538 ) ;
#7320 = FACE_OUTER_BOUND ( 'NONE', #390, .T. ) ;
#7321 = ADVANCED_FACE ( 'NONE', ( #4772 ), #4065, .F. ) ;
#7322 = EDGE_CURVE ( 'NONE', #2503, #8189, #3276, .T. ) ;
#7323 = CLOSED_SHELL ( 'NONE', ( #4628, #1420, #6582, #5415, #7707, #4602, #922 ) ) ;
#7324 = CARTESIAN_POINT ( 'NONE',  ( 1.430000000000000160, -0.3605551275463988459, 0.1000000000000101225 ) ) ;
#7325 = DIRECTION ( 'NONE',  ( 1.000000000000000000, 0.000000000000000000, 0.000000000000000000 ) ) ;
#7326 = VERTEX_POINT ( 'NONE', #2660 ) ;
#7327 = CARTESIAN_POINT ( 'NONE',  ( -1.149999999999999689, 0.8699999999999998845, -1.275000000000000577 ) ) ;
#7328 = VECTOR ( 'NONE', #940, 1000.000000000000000 ) ;
#7329 = VECTOR ( 'NONE', #8266, 1000.000000000000000 ) ;
#7330 = CARTESIAN_POINT ( 'NONE',  ( -1.130000000000002780, 0.5005948168962619516, -0.09999999999998984701 ) ) ;
#7331 = EDGE_CURVE ( 'NONE', #4863, #2321, #8392, .T. ) ;
#7332 = FACE_OUTER_BOUND ( 'NONE', #3537, .T. ) ;
#7333 =( NAMED_UNIT ( * ) PLANE_ANGLE_UNIT ( ) SI_UNIT ( $, .RADIAN. ) );
#7334 =( GEOMETRIC_REPRESENTATION_CONTEXT ( 3 ) GLOBAL_UNCERTAINTY_ASSIGNED_CONTEXT ( ( #6451 ) ) GLOBAL_UNIT_ASSIGNED_CONTEXT ( ( #4192, #7858, #3587 ) ) REPRESENTATION_CONTEXT ( 'NONE', 'WORKASPACE' ) );
#7335 = CARTESIAN_POINT ( 'NONE',  ( -1.430000000000000160, -1.084202172485504434E-16, -0.6999999999999899636 ) ) ;
#7336 = PLANE ( 'NONE',  #8826 ) ;
#7337 = VECTOR ( 'NONE', #5797, 1000.000000000000000 ) ;
#7338 = CLOSED_SHELL ( 'NONE', ( #4434, #521, #2269, #1939, #7547, #8125, #1262 ) ) ;
#7339 = CARTESIAN_POINT ( 'NONE',  ( -1.499999999999999778, 0.1049999999999999545, -1.500000000000000222 ) ) ;
#7340 = DIRECTION ( 'NONE',  ( -1.000000000000000000, 0.000000000000000000, 0.000000000000000000 ) ) ;
#7341 = DIRECTION ( 'NONE',  ( -0.000000000000000000, 1.000000000000000000, -0.000000000000000000 ) ) ;
#7342 = VECTOR ( 'NONE', #6271, 1000.000000000000000 ) ;
#7343 = CARTESIAN_POINT ( 'NONE',  ( -0.6999999999999949596, 0.5005948168962619516, 1.500000000000009992 ) ) ;
#7344 = VERTEX_POINT ( 'NONE', #2575 ) ;
#7345 = DIRECTION ( 'NONE',  ( 0.000000000000000000, -1.000000000000000000, 0.000000000000000000 ) ) ;
#7346 = ORIENTED_EDGE ( 'NONE', *, *, #7873, .T. ) ;
#7347 = VECTOR ( 'NONE', #5970, 1000.000000000000000 ) ;
#7348 = CARTESIAN_POINT ( 'NONE',  ( 1.130000000000005000, 0.07999999999999998779, 0.5000000000000099920 ) ) ;
#7349 = CARTESIAN_POINT ( 'NONE',  ( 1.130000000000006111, 0.07999999999999998779, 0.1000000000000100253 ) ) ;
#7350 = DIRECTION ( 'NONE',  ( -0.000000000000000000, -0.000000000000000000, -1.000000000000000000 ) ) ;
#7351 = VECTOR ( 'NONE', #6763, 1000.000000000000000 ) ;
#7352 = LINE ( 'NONE', #3060, #4251 ) ;
#7353 = LINE ( 'NONE', #8977, #5807 ) ;
#7354 = UNCERTAINTY_MEASURE_WITH_UNIT (LENGTH_MEASURE( 1.000000000000000082E-05 ), #3830, 'distance_accuracy_value', 'NONE');
#7355 = DIRECTION ( 'NONE',  ( 0.000000000000000000, 1.000000000000000000, 0.000000000000000000 ) ) ;
#7356 = ORIENTED_EDGE ( 'NONE', *, *, #3238, .T. ) ;
#7357 = ORIENTED_EDGE ( 'NONE', *, *, #1978, .F. ) ;
#7358 = VECTOR ( 'NONE', #5817, 1000.000000000000000 ) ;
#7359 = AXIS2_PLACEMENT_3D ( 'NONE', #2352, #6543, #8694 ) ;
#7360 = AXIS2_PLACEMENT_3D ( 'NONE', #7961, #5131, #3299 ) ;
#7361 = DIRECTION ( 'NONE',  ( 0.000000000000000000, -1.000000000000000000, 0.000000000000000000 ) ) ;
#7362 = SURFACE_SIDE_STYLE ('',( #5230 ) ) ;
#7363 = CARTESIAN_POINT ( 'NONE',  ( 0.5000000000000052180, -0.3605551275463988459, -1.130000000000003668 ) ) ;
#7364 = VERTEX_POINT ( 'NONE', #9045 ) ;
#7365 = ORIENTED_EDGE ( 'NONE', *, *, #4322, .F. ) ;
#7366 =( NAMED_UNIT ( * ) SI_UNIT ( $, .STERADIAN. ) SOLID_ANGLE_UNIT ( ) );
#7367 = PRESENTATION_STYLE_ASSIGNMENT (( #4528 ) ) ;
#7368 = ORIENTED_EDGE ( 'NONE', *, *, #8176, .T. ) ;
#7369 = SURFACE_STYLE_FILL_AREA ( #6559 ) ;
#7370 = CARTESIAN_POINT ( 'NONE',  ( -0.5000000000000052180, -0.3605551275463988459, 1.430000000000000382 ) ) ;
#7371 = ORIENTED_EDGE ( 'NONE', *, *, #3632, .T. ) ;
#7372 = ADVANCED_FACE ( 'NONE', ( #1970 ), #6991, .F. ) ;
#7373 = FACE_BOUND ( 'NONE', #5242, .T. ) ;
#7374 = EDGE_CURVE ( 'NONE', #316, #4526, #1924, .T. ) ;
#7375 = DIRECTION ( 'NONE',  ( 0.000000000000000000, 0.000000000000000000, -1.000000000000000000 ) ) ;
#7376 = EDGE_LOOP ( 'NONE', ( #3263, #595, #1263, #2705 ) ) ;
#7377 = DIRECTION ( 'NONE',  ( 0.000000000000000000, -1.000000000000000000, 0.000000000000000000 ) ) ;
#7378 = CARTESIAN_POINT ( 'NONE',  ( 0.3000000000000053180, 0.000000000000000000, -1.130000000000006333 ) ) ;
#7379 = EDGE_CURVE ( 'NONE', #6016, #2488, #7176, .T. ) ;
#7380 = CARTESIAN_POINT ( 'NONE',  ( 1.130000000000008997, -0.3605551275463988459, 0.4999999999999898415 ) ) ;
#7381 = DIRECTION ( 'NONE',  ( 0.000000000000000000, -1.000000000000000000, 0.000000000000000000 ) ) ;
#7382 = LINE ( 'NONE', #6634, #7939 ) ;
#7383 = ADVANCED_FACE ( 'NONE', ( #2789 ), #7260, .F. ) ;
#7384 = CARTESIAN_POINT ( 'NONE',  ( -1.149999999999999689, 0.5164466094067252655, -1.150000000000000133 ) ) ;
#7385 = DIRECTION ( 'NONE',  ( -2.930276141852713954E-16, -0.000000000000000000, -1.000000000000000000 ) ) ;
#7386 = LINE ( 'NONE', #7243, #5966 ) ;
#7387 = VERTEX_POINT ( 'NONE', #6551 ) ;
#7388 = EDGE_CURVE ( 'NONE', #7611, #7836, #2171, .T. ) ;
#7389 =( LENGTH_UNIT ( ) NAMED_UNIT ( * ) SI_UNIT ( .MILLI., .METRE. ) );
#7390 = VERTEX_POINT ( 'NONE', #4991 ) ;
#7391 = DIRECTION ( 'NONE',  ( 0.000000000000000000, -1.000000000000000000, 0.000000000000000000 ) ) ;
#7392 = DIRECTION ( 'NONE',  ( 0.000000000000000000, 0.000000000000000000, 1.000000000000000000 ) ) ;
#7393 = LINE ( 'NONE', #3401, #3300 ) ;
#7394 = CARTESIAN_POINT ( 'NONE',  ( -0.09999999999999484301, 0.000000000000000000, 1.130000000000013216 ) ) ;
#7395 = CARTESIAN_POINT ( 'NONE',  ( -1.500000000000005329, 0.07999999999999998779, 0.5000000000000099920 ) ) ;
#7396 =( NAMED_UNIT ( * ) SI_UNIT ( $, .STERADIAN. ) SOLID_ANGLE_UNIT ( ) );
#7397 = DIRECTION ( 'NONE',  ( -0.000000000000000000, -1.000000000000000000, -0.000000000000000000 ) ) ;
#7398 = EDGE_LOOP ( 'NONE', ( #5082, #6224, #4433, #2104, #636 ) ) ;
#7399 = VERTEX_POINT ( 'NONE', #5845 ) ;
#7400 = FACE_OUTER_BOUND ( 'NONE', #9078, .T. ) ;
#7401 = ORIENTED_EDGE ( 'NONE', *, *, #6520, .F. ) ;
#7402 = CARTESIAN_POINT ( 'NONE',  ( 1.130000000000008997, 0.5005948168962619516, -0.6999999999999899636 ) ) ;
#7403 = DIRECTION ( 'NONE',  ( 0.000000000000000000, 1.000000000000000000, 0.000000000000000000 ) ) ;
#7404 = EDGE_LOOP ( 'NONE', ( #1583, #147, #6408, #5868 ) ) ;
#7405 = ORIENTED_EDGE ( 'NONE', *, *, #1601, .F. ) ;
#7406 = ORIENTED_EDGE ( 'NONE', *, *, #5287, .T. ) ;
#7407 =( NAMED_UNIT ( * ) SI_UNIT ( $, .STERADIAN. ) SOLID_ANGLE_UNIT ( ) );
#7408 = STYLED_ITEM ( 'NONE', ( #5449 ), #3933 ) ;
#7409 = VECTOR ( 'NONE', #7517, 1000.000000000000000 ) ;
#7410 =( NAMED_UNIT ( * ) PLANE_ANGLE_UNIT ( ) SI_UNIT ( $, .RADIAN. ) );
#7411 = ORIENTED_EDGE ( 'NONE', *, *, #6779, .F. ) ;
#7412 = SURFACE_STYLE_USAGE ( .BOTH. , #344 ) ;
#7413 = DIRECTION ( 'NONE',  ( 1.000000000000000000, -0.000000000000000000, 0.000000000000000000 ) ) ;
#7414 = DIRECTION ( 'NONE',  ( -0.000000000000000000, 1.000000000000000000, -0.000000000000000000 ) ) ;
#7415 = ORIENTED_EDGE ( 'NONE', *, *, #7897, .T. ) ;
#7416 = ORIENTED_EDGE ( 'NONE', *, *, #1600, .T. ) ;
#7417 = COLOUR_RGB ( '',1.000000000000000000, 0.8117647058823529438, 0.5019607843137254832 ) ;
#7418 = DIRECTION ( 'NONE',  ( 0.000000000000000000, 0.000000000000000000, 1.000000000000000000 ) ) ;
#7419 = ORIENTED_EDGE ( 'NONE', *, *, #9219, .T. ) ;
#7420 = DIRECTION ( 'NONE',  ( 0.000000000000000000, -0.000000000000000000, -1.000000000000000000 ) ) ;
#7421 = VECTOR ( 'NONE', #3989, 1000.000000000000000 ) ;
#7422 = CARTESIAN_POINT ( 'NONE',  ( 1.100000000000004974, 0.000000000000000000, -1.229999999999999760 ) ) ;
#7423 = LINE ( 'NONE', #4154, #902 ) ;
#7424 = VECTOR ( 'NONE', #2699, 1000.000000000000000 ) ;
#7425 = DIRECTION ( 'NONE',  ( -0.000000000000000000, -1.000000000000000000, -0.000000000000000000 ) ) ;
#7426 = CARTESIAN_POINT ( 'NONE',  ( 1.430000000000000160, -0.3605551275463988459, -1.099999999999989875 ) ) ;
#7427 = ORIENTED_EDGE ( 'NONE', *, *, #6751, .T. ) ;
#7428 = DIRECTION ( 'NONE',  ( 0.000000000000000000, 0.000000000000000000, -1.000000000000000000 ) ) ;
#7429 = AXIS2_PLACEMENT_3D ( 'NONE', #6998, #2714, #594 ) ;
#7430 =( NAMED_UNIT ( * ) SI_UNIT ( $, .STERADIAN. ) SOLID_ANGLE_UNIT ( ) );
#7431 = ORIENTED_EDGE ( 'NONE', *, *, #4883, .F. ) ;
#7432 = CARTESIAN_POINT ( 'NONE',  ( 1.100000000000004752, 0.5005948168962619516, 1.130000000000021210 ) ) ;
#7433 = ORIENTED_EDGE ( 'NONE', *, *, #5758, .T. ) ;
#7434 = EDGE_CURVE ( 'NONE', #7399, #761, #7822, .T. ) ;
#7435 = ORIENTED_EDGE ( 'NONE', *, *, #2835, .F. ) ;
#7436 = EDGE_CURVE ( 'NONE', #3119, #2773, #7082, .T. ) ;
#7437 = CARTESIAN_POINT ( 'NONE',  ( 1.500000000000000222, 0.1049999999999999545, 1.499999999999999778 ) ) ;
#7438 = LINE ( 'NONE', #4366, #6236 ) ;
#7439 = FILL_AREA_STYLE_COLOUR ( '', #4636 ) ;
#7440 = EDGE_CURVE ( 'NONE', #496, #1607, #1544, .T. ) ;
#7441 = ADVANCED_FACE ( 'NONE', ( #143 ), #7125, .F. ) ;
#7442 = EDGE_CURVE ( 'NONE', #8189, #2309, #6406, .T. ) ;
#7443 = CARTESIAN_POINT ( 'NONE',  ( 1.430000000000000160, 0.08000000000000000167, 0.3000000000000102029 ) ) ;
#7444 = CARTESIAN_POINT ( 'NONE',  ( -1.130000000000006777, 0.07999999999999998779, 0.9000000000000101252 ) ) ;
#7445 = DIRECTION ( 'NONE',  ( 0.000000000000000000, 0.000000000000000000, 1.000000000000000000 ) ) ;
#7446 = ADVANCED_FACE ( 'NONE', ( #8703 ), #7225, .F. ) ;
#7447 = DIRECTION ( 'NONE',  ( 1.000000000000000000, 0.000000000000000000, 0.000000000000000000 ) ) ;
#7448 = ORIENTED_EDGE ( 'NONE', *, *, #1314, .F. ) ;
#7449 = ORIENTED_EDGE ( 'NONE', *, *, #6577, .F. ) ;
#7450 = ADVANCED_FACE ( 'NONE', ( #5088 ), #2129, .F. ) ;
#7451 = DIRECTION ( 'NONE',  ( 1.000000000000000000, 0.000000000000000000, -0.000000000000000000 ) ) ;
#7452 = DIRECTION ( 'NONE',  ( 0.000000000000000000, -1.000000000000000000, 0.000000000000000000 ) ) ;
#7453 = ORIENTED_EDGE ( 'NONE', *, *, #8551, .T. ) ;
#7454 = DIRECTION ( 'NONE',  ( 0.000000000000000000, 0.000000000000000000, 1.000000000000000000 ) ) ;
#7455 = LINE ( 'NONE', #4059, #845 ) ;
#7456 = VECTOR ( 'NONE', #7392, 1000.000000000000000 ) ;
#7457 = ORIENTED_EDGE ( 'NONE', *, *, #3700, .T. ) ;
#7458 = FACE_OUTER_BOUND ( 'NONE', #4138, .T. ) ;
#7459 = LINE ( 'NONE', #1691, #4100 ) ;
#7460 = ORIENTED_EDGE ( 'NONE', *, *, #4091, .T. ) ;
#7461 = ORIENTED_EDGE ( 'NONE', *, *, #4495, .T. ) ;
#7462 = AXIS2_PLACEMENT_3D ( 'NONE', #1400, #7122, #1542 ) ;
#7463 = PRESENTATION_STYLE_ASSIGNMENT (( #3787 ) ) ;
#7464 = VECTOR ( 'NONE', #2235, 1000.000000000000000 ) ;
#7465 = DIRECTION ( 'NONE',  ( 0.7071067811865521247, 0.000000000000000000, 0.7071067811865430208 ) ) ;
#7466 = ORIENTED_EDGE ( 'NONE', *, *, #2081, .T. ) ;
#7467 = DIRECTION ( 'NONE',  ( 0.000000000000000000, 0.000000000000000000, -1.000000000000000000 ) ) ;
#7468 = FACE_OUTER_BOUND ( 'NONE', #8577, .T. ) ;
#7469 = LINE ( 'NONE', #248, #469 ) ;
#7470 = VERTEX_POINT ( 'NONE', #5790 ) ;
#7471 = VECTOR ( 'NONE', #2061, 1000.000000000000000 ) ;
#7472 = CARTESIAN_POINT ( 'NONE',  ( -0.4999999999999947820, 0.000000000000000000, 1.130000000000010330 ) ) ;
#7473 = VERTEX_POINT ( 'NONE', #7964 ) ;
#7474 = PRESENTATION_LAYER_ASSIGNMENT (  '', '', ( #3854 ) ) ;
#7475 = CARTESIAN_POINT ( 'NONE',  ( -1.499999999999999778, 0.000000000000000000, -1.500000000000000222 ) ) ;
#7476 = CARTESIAN_POINT ( 'NONE',  ( -1.430000000000000160, -0.3605551275463988459, -0.6999999999999899636 ) ) ;
#7477 = DIRECTION ( 'NONE',  ( -1.000000000000000000, 0.000000000000000000, 0.000000000000000000 ) ) ;
#7478 = VERTEX_POINT ( 'NONE', #3682 ) ;
#7479 = AXIS2_PLACEMENT_3D ( 'NONE', #5021, #7152, #4273 ) ;
#7480 = PRESENTATION_LAYER_ASSIGNMENT (  '', '', ( #1486 ) ) ;
#7481 = EDGE_LOOP ( 'NONE', ( #8934, #2232, #2643, #7921, #8423 ) ) ;
#7483 = VECTOR ( 'NONE', #5770, 1000.000000000000000 ) ;
#7482 = CARTESIAN_POINT ( 'NONE',  ( 1.430000000000000160, -0.3605551275463988459, 0.6999999999999899636 ) ) ;
#7484 = ORIENTED_EDGE ( 'NONE', *, *, #6263, .T. ) ;
#7485 = VERTEX_POINT ( 'NONE', #3872 ) ;
#7486 = CARTESIAN_POINT ( 'NONE',  ( 1.500000000000000222, 0.000000000000000000, 1.499999999999999778 ) ) ;
#7487 = ADVANCED_FACE ( 'NONE', ( #5933 ), #6703, .T. ) ;
#7488 = DIRECTION ( 'NONE',  ( -0.000000000000000000, -1.000000000000000000, -0.000000000000000000 ) ) ;
#7489 = PLANE ( 'NONE',  #3245 ) ;
#7490 = VECTOR ( 'NONE', #8393, 1000.000000000000000 ) ;
#7491 = ADVANCED_FACE ( 'NONE', ( #5178 ), #190, .F. ) ;
#7492 = LINE ( 'NONE', #1337, #8460 ) ;
#7493 = DIRECTION ( 'NONE',  ( 0.000000000000000000, 0.000000000000000000, 1.000000000000000000 ) ) ;
#7494 = DIRECTION ( 'NONE',  ( 0.000000000000000000, 0.000000000000000000, 1.000000000000000000 ) ) ;
#7495 = EDGE_LOOP ( 'NONE', ( #5655, #1882, #3378, #888 ) ) ;
#7496 = AXIS2_PLACEMENT_3D ( 'NONE', #6584, #4454, #2249 ) ;
#7497 = ORIENTED_EDGE ( 'NONE', *, *, #8048, .F. ) ;
#7498 = EDGE_CURVE ( 'NONE', #8400, #6371, #6750, .T. ) ;
#7499 = VECTOR ( 'NONE', #876, 1000.000000000000000 ) ;
#7500 = VECTOR ( 'NONE', #2613, 1000.000000000000000 ) ;
#7501 = DIRECTION ( 'NONE',  ( 0.000000000000000000, 0.000000000000000000, 1.000000000000000000 ) ) ;
#7502 = LINE ( 'NONE', #2983, #2803 ) ;
#7503 = EDGE_CURVE ( 'NONE', #4745, #8120, #8055, .T. ) ;
#7504 = EDGE_LOOP ( 'NONE', ( #7827, #715, #5377, #9089 ) ) ;
#7505 = PLANE ( 'NONE',  #705 ) ;
#7506 = SURFACE_SIDE_STYLE ('',( #8112 ) ) ;
#7507 = VECTOR ( 'NONE', #8144, 1000.000000000000000 ) ;
#7508 = ORIENTED_EDGE ( 'NONE', *, *, #8975, .F. ) ;
#7509 = ORIENTED_EDGE ( 'NONE', *, *, #5076, .F. ) ;
#7510 = EDGE_CURVE ( 'NONE', #7093, #7313, #8842, .T. ) ;
#7511 =( GEOMETRIC_REPRESENTATION_CONTEXT ( 3 ) GLOBAL_UNCERTAINTY_ASSIGNED_CONTEXT ( ( #5690 ) ) GLOBAL_UNIT_ASSIGNED_CONTEXT ( ( #5453, #4797, #8320 ) ) REPRESENTATION_CONTEXT ( 'NONE', 'WORKASPACE' ) );
#7512 = CARTESIAN_POINT ( 'NONE',  ( -0.6999999999999946265, 0.000000000000000000, -1.130000000000012106 ) ) ;
#7513 = PRESENTATION_LAYER_ASSIGNMENT (  '', '', ( #2240 ) ) ;
#7514 = PLANE ( 'NONE',  #3100 ) ;
#7515 = EDGE_LOOP ( 'NONE', ( #7109, #2241, #8592, #7081 ) ) ;
#7516 = ORIENTED_EDGE ( 'NONE', *, *, #4992, .T. ) ;
#7517 = DIRECTION ( 'NONE',  ( -0.000000000000000000, -0.000000000000000000, -1.000000000000000000 ) ) ;
#7518 = ORIENTED_EDGE ( 'NONE', *, *, #7254, .T. ) ;
#7519 = PLANE ( 'NONE',  #9253 ) ;
#7520 = FACE_OUTER_BOUND ( 'NONE', #4293, .T. ) ;
#7521 = EDGE_CURVE ( 'NONE', #2657, #3515, #3734, .T. ) ;
#7522 = DIRECTION ( 'NONE',  ( -0.7071067811865521247, 0.000000000000000000, 0.7071067811865430208 ) ) ;
#7523 = DIRECTION ( 'NONE',  ( -1.000000000000000000, 0.000000000000000000, 0.000000000000000000 ) ) ;
#7524 = ORIENTED_EDGE ( 'NONE', *, *, #6328, .T. ) ;
#7525 = DIRECTION ( 'NONE',  ( 1.000000000000000000, 0.000000000000000000, 0.000000000000000000 ) ) ;
#7526 = CARTESIAN_POINT ( 'NONE',  ( -0.9000000000000051292, 0.000000000000000000, 1.130000000000000338 ) ) ;
#7527 = VERTEX_POINT ( 'NONE', #3076 ) ;
#7528 = ORIENTED_EDGE ( 'NONE', *, *, #8294, .T. ) ;
#7529 = ORIENTED_EDGE ( 'NONE', *, *, #7821, .F. ) ;
#7530 = CARTESIAN_POINT ( 'NONE',  ( 0.1000000000000049183, 0.5005948168962619516, 1.130000000000015881 ) ) ;
#7531 = PLANE ( 'NONE',  #613 ) ;
#7532 = CARTESIAN_POINT ( 'NONE',  ( -0.2999999999999948264, 0.08000000000000000167, 1.130000000000003668 ) ) ;
#7533 = LINE ( 'NONE', #937, #7507 ) ;
#7534 = DIRECTION ( 'NONE',  ( -1.000000000000000000, 0.000000000000000000, -0.000000000000000000 ) ) ;
#7535 = CARTESIAN_POINT ( 'NONE',  ( -1.149999999999999689, 0.9699999999999999734, -1.275000000000000577 ) ) ;
#7536 = CARTESIAN_POINT ( 'NONE',  ( -1.100000000000004974, -0.3605551275463988459, 1.229999999999999760 ) ) ;
#7537 = VERTEX_POINT ( 'NONE', #6613 ) ;
#7538 = CARTESIAN_POINT ( 'NONE',  ( -1.130000000000010330, 0.08000000000000000167, 0.9999999999999900080 ) ) ;
#7539 = EDGE_CURVE ( 'NONE', #2009, #5844, #7310, .T. ) ;
#7540 = CARTESIAN_POINT ( 'NONE',  ( 1.430000000000000160, 0.08000000000000000167, 0.4999999999999898415 ) ) ;
#7541 =( NAMED_UNIT ( * ) PLANE_ANGLE_UNIT ( ) SI_UNIT ( $, .RADIAN. ) );
#7542 = DIRECTION ( 'NONE',  ( -0.000000000000000000, -1.000000000000000000, -0.000000000000000000 ) ) ;
#7543 = VERTEX_POINT ( 'NONE', #4430 ) ;
#7544 = CARTESIAN_POINT ( 'NONE',  ( 1.130000000000003446, 0.07999999999999998779, 0.9000000000000101252 ) ) ;
#7545 = EDGE_CURVE ( 'NONE', #8884, #7266, #4523, .T. ) ;
#7546 = ORIENTED_EDGE ( 'NONE', *, *, #5881, .F. ) ;
#7547 = ADVANCED_FACE ( 'NONE', ( #895 ), #5982, .F. ) ;
#7548 = CARTESIAN_POINT ( 'NONE',  ( -0.7000000000000052847, -0.3605551275463988459, -1.130000000000003668 ) ) ;
#7549 = CARTESIAN_POINT ( 'NONE',  ( -0.8999999999999950262, 0.000000000000000000, -1.130000000000014326 ) ) ;
#7550 = ORIENTED_EDGE ( 'NONE', *, *, #3694, .T. ) ;
#7551 = DIRECTION ( 'NONE',  ( 1.000000000000000000, -0.000000000000000000, -0.000000000000000000 ) ) ;
#7552 = PLANE ( 'NONE',  #620 ) ;
#7553 = EDGE_LOOP ( 'NONE', ( #4128, #408, #1692, #380 ) ) ;
#7554 = ORIENTED_EDGE ( 'NONE', *, *, #6933, .T. ) ;
#7555 = SURFACE_STYLE_USAGE ( .BOTH. , #1659 ) ;
#7556 = EDGE_CURVE ( 'NONE', #7085, #3282, #2963, .T. ) ;
#7557 = EDGE_CURVE ( 'NONE', #9265, #7364, #7848, .T. ) ;
#7558 = EDGE_CURVE ( 'NONE', #1749, #4935, #4977, .T. ) ;
#7559 = ORIENTED_EDGE ( 'NONE', *, *, #4106, .F. ) ;
#7560 = VECTOR ( 'NONE', #3330, 1000.000000000000000 ) ;
#7561 = DIRECTION ( 'NONE',  ( -0.000000000000000000, -1.000000000000000000, -0.000000000000000000 ) ) ;
#7562 = EDGE_CURVE ( 'NONE', #8349, #637, #6437, .T. ) ;
#7563 = EDGE_CURVE ( 'NONE', #3342, #4996, #7944, .T. ) ;
#7564 = LINE ( 'NONE', #4121, #1292 ) ;
#7565 = ORIENTED_EDGE ( 'NONE', *, *, #8849, .T. ) ;
#7566 = LINE ( 'NONE', #1850, #1670 ) ;
#7567 = VECTOR ( 'NONE', #2453, 1000.000000000000000 ) ;
#7568 = ADVANCED_FACE ( 'NONE', ( #4320 ), #3714, .T. ) ;
#7569 = PRESENTATION_LAYER_ASSIGNMENT (  '', '', ( #7408 ) ) ;
#7570 = STYLED_ITEM ( 'NONE', ( #3268 ), #3409 ) ;
#7571 = DIRECTION ( 'NONE',  ( -1.000000000000000000, 0.000000000000000000, 0.000000000000000000 ) ) ;
#7572 = EDGE_LOOP ( 'NONE', ( #8505, #5989, #3148, #3259 ) ) ;
#7573 = LINE ( 'NONE', #1159, #3860 ) ;
#7574 = DIRECTION ( 'NONE',  ( 0.000000000000000000, 0.000000000000000000, -1.000000000000000000 ) ) ;
#7575 = AXIS2_PLACEMENT_3D ( 'NONE', #7283, #6628, #3563 ) ;
#7576 = CARTESIAN_POINT ( 'NONE',  ( -0.2999999999999950484, 0.07999999999999998779, 1.130000000000013216 ) ) ;
#7577 = EDGE_LOOP ( 'NONE', ( #5926, #4112, #1584, #8539 ) ) ;
#7578 = LINE ( 'NONE', #8279, #7194 ) ;
#7579 = CARTESIAN_POINT ( 'NONE',  ( -1.130000000000001226, 0.5005948168962619516, -0.4999999999999898415 ) ) ;
#7580 = DIRECTION ( 'NONE',  ( 1.000000000000000000, 0.000000000000000000, 0.000000000000000000 ) ) ;
#7581 = CARTESIAN_POINT ( 'NONE',  ( -0.7000000000000052847, 0.000000000000000000, 1.430000000000000382 ) ) ;
#7582 = AXIS2_PLACEMENT_3D ( 'NONE', #7840, #1423, #8623 ) ;
#7583 = VECTOR ( 'NONE', #1531, 1000.000000000000000 ) ;
#7584 = CARTESIAN_POINT ( 'NONE',  ( -0.9750000000000000888, 0.000000000000000000, -0.8250000000000119460 ) ) ;
#7585 = DIRECTION ( 'NONE',  ( 0.000000000000000000, 0.000000000000000000, -1.000000000000000000 ) ) ;
#7586 = STYLED_ITEM ( 'NONE', ( #3027 ), #9093 ) ;
#7587 = SURFACE_STYLE_USAGE ( .BOTH. , #6116 ) ;
#7588 = ORIENTED_EDGE ( 'NONE', *, *, #3427, .T. ) ;
#7589 = ORIENTED_EDGE ( 'NONE', *, *, #8796, .T. ) ;
#7590 = LINE ( 'NONE', #4097, #8493 ) ;
#7591 = ORIENTED_EDGE ( 'NONE', *, *, #9157, .F. ) ;
#7592 = PLANE ( 'NONE',  #3666 ) ;
#7593 = ORIENTED_EDGE ( 'NONE', *, *, #4488, .F. ) ;
#7594 = DIRECTION ( 'NONE',  ( 1.000000000000000000, 0.000000000000000000, 0.000000000000000000 ) ) ;
#7595 = VERTEX_POINT ( 'NONE', #6591 ) ;
#7596 = DIRECTION ( 'NONE',  ( -1.000000000000000000, 0.000000000000000000, 0.000000000000000000 ) ) ;
#7597 = ORIENTED_EDGE ( 'NONE', *, *, #2029, .T. ) ;
#7598 = CARTESIAN_POINT ( 'NONE',  ( 0.000000000000000000, 0.000000000000000000, 0.000000000000000000 ) ) ;
#7599 = EDGE_CURVE ( 'NONE', #7595, #4727, #6386, .T. ) ;
#7600 = DIRECTION ( 'NONE',  ( 0.000000000000000000, -1.000000000000000000, 0.000000000000000000 ) ) ;
#7601 = EDGE_LOOP ( 'NONE', ( #7174, #2554, #6146, #6590 ) ) ;
#7602 = SURFACE_SIDE_STYLE ('',( #8395 ) ) ;
#7603 = EDGE_LOOP ( 'NONE', ( #1143, #8601, #2628, #3137 ) ) ;
#7604 = ORIENTED_EDGE ( 'NONE', *, *, #932, .F. ) ;
#7605 = LINE ( 'NONE', #1283, #5949 ) ;
#7606 = DIRECTION ( 'NONE',  ( 0.000000000000000000, 0.000000000000000000, -1.000000000000000000 ) ) ;
#7607 = EDGE_CURVE ( 'NONE', #8205, #6508, #2864, .T. ) ;
#7608 = DIRECTION ( 'NONE',  ( 1.000000000000000000, 0.000000000000000000, 8.673617379884028570E-16 ) ) ;
#7609 = DIRECTION ( 'NONE',  ( 0.000000000000000000, 1.000000000000000000, 0.000000000000000000 ) ) ;
#7610 = VECTOR ( 'NONE', #3446, 1000.000000000000000 ) ;
#7611 = VERTEX_POINT ( 'NONE', #5869 ) ;
#7612 = CARTESIAN_POINT ( 'NONE',  ( -1.100000000000004974, 0.08000000000000000167, -1.430000000000000382 ) ) ;
#7613 = DIRECTION ( 'NONE',  ( -1.000000000000000000, 0.000000000000000000, 0.000000000000000000 ) ) ;
#7614 = EDGE_CURVE ( 'NONE', #699, #7628, #2298, .T. ) ;
#7615 = VERTEX_POINT ( 'NONE', #8037 ) ;
#7616 = VECTOR ( 'NONE', #2086, 1000.000000000000000 ) ;
#7617 = CARTESIAN_POINT ( 'NONE',  ( 1.130000000000005000, 0.000000000000000000, 0.5000000000000099920 ) ) ;
#7618 = VERTEX_POINT ( 'NONE', #1623 ) ;
#7619 = CARTESIAN_POINT ( 'NONE',  ( -1.130000000000010330, -0.3605551275463988459, 0.9999999999999900080 ) ) ;
#7620 = AXIS2_PLACEMENT_3D ( 'NONE', #7536, #2455, #8244 ) ;
#7621 = CARTESIAN_POINT ( 'NONE',  ( 0.3000000000000052625, 0.08000000000000000167, 1.430000000000000382 ) ) ;
#7622 = DIRECTION ( 'NONE',  ( 1.000000000000000000, 0.000000000000000000, 0.000000000000000000 ) ) ;
#7623 = DIRECTION ( 'NONE',  ( 0.000000000000000000, 0.000000000000000000, -1.000000000000000000 ) ) ;
#7624 = FACE_OUTER_BOUND ( 'NONE', #7663, .T. ) ;
#7625 = PLANE ( 'NONE',  #6882 ) ;
#7626 = LINE ( 'NONE', #327, #5957 ) ;
#7627 = ORIENTED_EDGE ( 'NONE', *, *, #4502, .F. ) ;
#7628 = VERTEX_POINT ( 'NONE', #784 ) ;
#7629 = AXIS2_PLACEMENT_3D ( 'NONE', #1703, #3838, #6720 ) ;
#7630 = PRESENTATION_LAYER_ASSIGNMENT (  '', '', ( #5218 ) ) ;
#7631 = LINE ( 'NONE', #9032, #8909 ) ;
#7632 = CARTESIAN_POINT ( 'NONE',  ( -0.2999999999999948264, 0.000000000000000000, -1.130000000000003668 ) ) ;
#7633 = DIRECTION ( 'NONE',  ( 1.000000000000000000, 0.000000000000000000, 0.000000000000000000 ) ) ;
#7634 = LINE ( 'NONE', #4218, #2339 ) ;
#7635 = VECTOR ( 'NONE', #7594, 1000.000000000000000 ) ;
#7636 = CARTESIAN_POINT ( 'NONE',  ( -1.500000000000003775, 0.5005948168962619516, 0.3000000000000100919 ) ) ;
#7637 = DIRECTION ( 'NONE',  ( 0.000000000000000000, 1.000000000000000000, 0.000000000000000000 ) ) ;
#7638 = VECTOR ( 'NONE', #308, 1000.000000000000000 ) ;
#7639 = CARTESIAN_POINT ( 'NONE',  ( -1.100000000000004974, 0.08000000000000000167, 1.430000000000000382 ) ) ;
#7640 = LINE ( 'NONE', #3227, #5823 ) ;
#7641 = ORIENTED_EDGE ( 'NONE', *, *, #7045, .T. ) ;
#7642 = VERTEX_POINT ( 'NONE', #8687 ) ;
#7643 = VECTOR ( 'NONE', #109, 1000.000000000000000 ) ;
#7644 = DIRECTION ( 'NONE',  ( 0.000000000000000000, -0.000000000000000000, 1.000000000000000000 ) ) ;
#7645 = VERTEX_POINT ( 'NONE', #8636 ) ;
#7646 = ORIENTED_EDGE ( 'NONE', *, *, #1831, .F. ) ;
#7647 = CARTESIAN_POINT ( 'NONE',  ( -1.500000000000003775, 0.07999999999999998779, 0.3000000000000100919 ) ) ;
#7648 = VECTOR ( 'NONE', #9194, 1000.000000000000000 ) ;
#7649 = EDGE_CURVE ( 'NONE', #6801, #857, #4459, .T. ) ;
#7650 =( NAMED_UNIT ( * ) SI_UNIT ( $, .STERADIAN. ) SOLID_ANGLE_UNIT ( ) );
#7651 = AXIS2_PLACEMENT_3D ( 'NONE', #8896, #8851, #3924 ) ;
#7652 = ORIENTED_EDGE ( 'NONE', *, *, #6761, .F. ) ;
#7653 = ADVANCED_FACE ( 'NONE', ( #1434 ), #2253, .T. ) ;
#7654 = DIRECTION ( 'NONE',  ( -0.000000000000000000, -0.000000000000000000, -1.000000000000000000 ) ) ;
#7655 = UNCERTAINTY_MEASURE_WITH_UNIT (LENGTH_MEASURE( 1.000000000000000082E-05 ), #566, 'distance_accuracy_value', 'NONE');
#7656 = CARTESIAN_POINT ( 'NONE',  ( -1.499999999999999778, 0.1049999999999999545, 1.499999999999999778 ) ) ;
#7657 = ORIENTED_EDGE ( 'NONE', *, *, #2669, .T. ) ;
#7658 = CARTESIAN_POINT ( 'NONE',  ( -1.430000000000000160, -0.3605551275463988459, -0.2999999999999898859 ) ) ;
#7659 = UNCERTAINTY_MEASURE_WITH_UNIT (LENGTH_MEASURE( 1.000000000000000082E-05 ), #5278, 'distance_accuracy_value', 'NONE');
#7660 = PLANE ( 'NONE',  #5346 ) ;
#7661 = MECHANICAL_DESIGN_GEOMETRIC_PRESENTATION_REPRESENTATION (  '', ( #2397 ), #6006 ) ;
#7662 = EDGE_CURVE ( 'NONE', #2049, #4354, #9264, .T. ) ;
#7663 = EDGE_LOOP ( 'NONE', ( #4250, #4246, #7368, #1538 ) ) ;
#7664 = DIRECTION ( 'NONE',  ( 0.000000000000000000, -1.000000000000000000, -0.000000000000000000 ) ) ;
#7665 = LINE ( 'NONE', #9116, #1368 ) ;
#7666 = EDGE_CURVE ( 'NONE', #8824, #6849, #2116, .T. ) ;
#7667 =( LENGTH_UNIT ( ) NAMED_UNIT ( * ) SI_UNIT ( .MILLI., .METRE. ) );
#7668 = PLANE ( 'NONE',  #5780 ) ;
#7669 = CARTESIAN_POINT ( 'NONE',  ( -0.09999999999999506506, 0.07999999999999998779, 1.500000000000013101 ) ) ;
#7670 = SURFACE_SIDE_STYLE ('',( #1428 ) ) ;
#7671 = DIRECTION ( 'NONE',  ( 1.084202172485504040E-15, 0.000000000000000000, -1.000000000000000000 ) ) ;
#7672 = SURFACE_SIDE_STYLE ('',( #1221 ) ) ;
#7673 = EDGE_CURVE ( 'NONE', #6768, #4069, #1357, .T. ) ;
#7674 = EDGE_CURVE ( 'NONE', #3930, #8855, #6475, .T. ) ;
#7675 =( NAMED_UNIT ( * ) SI_UNIT ( $, .STERADIAN. ) SOLID_ANGLE_UNIT ( ) );
#7676 = ORIENTED_EDGE ( 'NONE', *, *, #6963, .F. ) ;
#7677 = ORIENTED_EDGE ( 'NONE', *, *, #9277, .T. ) ;
#7678 = EDGE_CURVE ( 'NONE', #4429, #1834, #2378, .T. ) ;
#7679 = ORIENTED_EDGE ( 'NONE', *, *, #9266, .F. ) ;
#7680 = ORIENTED_EDGE ( 'NONE', *, *, #3803, .F. ) ;
#7681 = DIRECTION ( 'NONE',  ( 0.000000000000000000, 0.000000000000000000, 1.000000000000000000 ) ) ;
#7682 = DIRECTION ( 'NONE',  ( -0.7071067811865430208, 0.000000000000000000, -0.7071067811865521247 ) ) ;
#7683 = PLANE ( 'NONE',  #6118 ) ;
#7684 = VERTEX_POINT ( 'NONE', #2917 ) ;
#7685 = SURFACE_STYLE_FILL_AREA ( #3322 ) ;
#7686 = DIRECTION ( 'NONE',  ( 0.000000000000000000, -1.000000000000000000, 0.000000000000000000 ) ) ;
#7687 = DIRECTION ( 'NONE',  ( -1.000000000000000000, -0.000000000000000000, -0.000000000000000000 ) ) ;
#7688 = ORIENTED_EDGE ( 'NONE', *, *, #7379, .F. ) ;
#7689 =( NAMED_UNIT ( * ) SI_UNIT ( $, .STERADIAN. ) SOLID_ANGLE_UNIT ( ) );
#7690 = VERTEX_POINT ( 'NONE', #2658 ) ;
#7691 = ORIENTED_EDGE ( 'NONE', *, *, #5057, .T. ) ;
#7692 = DIRECTION ( 'NONE',  ( 0.000000000000000000, 0.000000000000000000, 1.000000000000000000 ) ) ;
#7693 = ORIENTED_EDGE ( 'NONE', *, *, #795, .T. ) ;
#7694 = ORIENTED_EDGE ( 'NONE', *, *, #3929, .F. ) ;
#7695 = LINE ( 'NONE', #4776, #3997 ) ;
#7696 = DIRECTION ( 'NONE',  ( 0.000000000000000000, 0.000000000000000000, 1.000000000000000000 ) ) ;
#7697 = VERTEX_POINT ( 'NONE', #6492 ) ;
#7698 = CARTESIAN_POINT ( 'NONE',  ( -0.9750000000000000888, 0.4535533905932740972, -0.5750000000000119460 ) ) ;
#7699 = CARTESIAN_POINT ( 'NONE',  ( -0.2999999999999948264, -1.084202172485504434E-16, 1.130000000000003668 ) ) ;
#7700 = ORIENTED_EDGE ( 'NONE', *, *, #7068, .T. ) ;
#7701 =( GEOMETRIC_REPRESENTATION_CONTEXT ( 3 ) GLOBAL_UNCERTAINTY_ASSIGNED_CONTEXT ( ( #6605 ) ) GLOBAL_UNIT_ASSIGNED_CONTEXT ( ( #1369, #6226, #6138 ) ) REPRESENTATION_CONTEXT ( 'NONE', 'WORKASPACE' ) );
#7702 = CARTESIAN_POINT ( 'NONE',  ( -1.430000000000000160, -0.3605551275463988459, 0.4999999999999898415 ) ) ;
#7703 = FACE_OUTER_BOUND ( 'NONE', #2080, .T. ) ;
#7704 = VERTEX_POINT ( 'NONE', #833 ) ;
#7705 = CARTESIAN_POINT ( 'NONE',  ( 1.100000000000004974, 0.07999999999999998779, -1.130000000000000338 ) ) ;
#7706 = VECTOR ( 'NONE', #3876, 1000.000000000000000 ) ;
#7707 = ADVANCED_FACE ( 'NONE', ( #7813 ), #2826, .F. ) ;
#7708 = DIRECTION ( 'NONE',  ( -0.000000000000000000, -1.000000000000000000, -0.000000000000000000 ) ) ;
#7709 = DIRECTION ( 'NONE',  ( 1.000000000000000000, 0.000000000000000000, -0.000000000000000000 ) ) ;
#7710 = LINE ( 'NONE', #1300, #924 ) ;
#7711 = AXIS2_PLACEMENT_3D ( 'NONE', #6372, #553, #2804 ) ;
#7712 = DIRECTION ( 'NONE',  ( -0.000000000000000000, 1.000000000000000000, -0.000000000000000000 ) ) ;
#7713 = FILL_AREA_STYLE ('',( #7846 ) ) ;
#7714 = ORIENTED_EDGE ( 'NONE', *, *, #840, .F. ) ;
#7715 = EDGE_CURVE ( 'NONE', #640, #6140, #7852, .T. ) ;
#7716 =( GEOMETRIC_REPRESENTATION_CONTEXT ( 3 ) GLOBAL_UNCERTAINTY_ASSIGNED_CONTEXT ( ( #7655 ) ) GLOBAL_UNIT_ASSIGNED_CONTEXT ( ( #566, #8580, #8501 ) ) REPRESENTATION_CONTEXT ( 'NONE', 'WORKASPACE' ) );
#7717 = ORIENTED_EDGE ( 'NONE', *, *, #8914, .T. ) ;
#7718 = ADVANCED_FACE ( 'NONE', ( #8641 ), #4326, .F. ) ;
#7719 = AXIS2_PLACEMENT_3D ( 'NONE', #6673, #917, #3934 ) ;
#7720 = EDGE_CURVE ( 'NONE', #3827, #5274, #4940, .T. ) ;
#7721 = EDGE_CURVE ( 'NONE', #3329, #1963, #2257, .T. ) ;
#7722 = CARTESIAN_POINT ( 'NONE',  ( -1.430000000000000160, -0.3605551275463988459, -0.4999999999999898415 ) ) ;
#7723 = FILL_AREA_STYLE ('',( #1228 ) ) ;
#7724 = VECTOR ( 'NONE', #3056, 1000.000000000000000 ) ;
#7725 = VECTOR ( 'NONE', #2006, 1000.000000000000000 ) ;
#7726 = EDGE_CURVE ( 'NONE', #8268, #5737, #744, .T. ) ;
#7727 = FACE_OUTER_BOUND ( 'NONE', #3298, .T. ) ;
#7728 = CARTESIAN_POINT ( 'NONE',  ( -1.499999999999999778, 0.000000000000000000, 1.499999999999999778 ) ) ;
#7729 = ORIENTED_EDGE ( 'NONE', *, *, #1523, .T. ) ;
#7730 = EDGE_CURVE ( 'NONE', #6322, #8330, #788, .T. ) ;
#7731 = DIRECTION ( 'NONE',  ( -1.000000000000000000, 0.000000000000000000, 0.000000000000000000 ) ) ;
#7732 = CARTESIAN_POINT ( 'NONE',  ( 0.1000000000000051958, 0.08000000000000000167, 1.130000000000003668 ) ) ;
#7733 = ORIENTED_EDGE ( 'NONE', *, *, #4723, .T. ) ;
#7734 = PLANE ( 'NONE',  #4290 ) ;
#7735 = CARTESIAN_POINT ( 'NONE',  ( 1.130000000000008997, 0.08000000000000000167, 0.3000000000000102029 ) ) ;
#7736 = ORIENTED_EDGE ( 'NONE', *, *, #1817, .F. ) ;
#7737 = ORIENTED_EDGE ( 'NONE', *, *, #1151, .T. ) ;
#7738 = CARTESIAN_POINT ( 'NONE',  ( -1.130000000000008997, -0.3605551275463988459, 0.3000000000000102029 ) ) ;
#7739 = ORIENTED_EDGE ( 'NONE', *, *, #5064, .T. ) ;
#7740 = ORIENTED_EDGE ( 'NONE', *, *, #798, .F. ) ;
#7741 = DIRECTION ( 'NONE',  ( 1.000000000000000000, 0.000000000000000000, -1.084202172485505223E-15 ) ) ;
#7742 = DIRECTION ( 'NONE',  ( 0.000000000000000000, -1.000000000000000000, -0.000000000000000000 ) ) ;
#7743 = EDGE_CURVE ( 'NONE', #3507, #618, #71, .T. ) ;
#7744 = ORIENTED_EDGE ( 'NONE', *, *, #36, .F. ) ;
#7745 = PLANE ( 'NONE',  #1376 ) ;
#7746 = CARTESIAN_POINT ( 'NONE',  ( 0.7000000000000050626, 0.5005948168962619516, 1.130000000000018767 ) ) ;
#7747 = DIRECTION ( 'NONE',  ( 0.000000000000000000, 0.000000000000000000, 1.000000000000000000 ) ) ;
#7748 = DIRECTION ( 'NONE',  ( -1.000000000000000000, 0.000000000000000000, 0.000000000000000000 ) ) ;
#7749 = CARTESIAN_POINT ( 'NONE',  ( -1.499999999999999778, 0.1049999999999999545, -1.500000000000000222 ) ) ;
#7750 = ORIENTED_EDGE ( 'NONE', *, *, #209, .F. ) ;
#7751 = VECTOR ( 'NONE', #3213, 1000.000000000000000 ) ;
#7752 = DIRECTION ( 'NONE',  ( 1.000000000000000000, 0.000000000000000000, 0.000000000000000000 ) ) ;
#7753 = STYLED_ITEM ( 'NONE', ( #8945 ), #7226 ) ;
#7754 = SURFACE_STYLE_USAGE ( .BOTH. , #8414 ) ;
#7755 = DIRECTION ( 'NONE',  ( 0.000000000000000000, 1.000000000000000000, 0.000000000000000000 ) ) ;
#7756 = LINE ( 'NONE', #1343, #4857 ) ;
#7757 = CARTESIAN_POINT ( 'NONE',  ( -1.130000000000006777, 0.5005948168962619516, 0.9000000000000101252 ) ) ;
#7758 = DIRECTION ( 'NONE',  ( 1.000000000000000000, 0.000000000000000000, -0.000000000000000000 ) ) ;
#7759 = COLOUR_RGB ( '',1.000000000000000000, 0.8117647058823529438, 0.5019607843137254832 ) ;
#7760 = VERTEX_POINT ( 'NONE', #7298 ) ;
#7761 =( GEOMETRIC_REPRESENTATION_CONTEXT ( 3 ) GLOBAL_UNCERTAINTY_ASSIGNED_CONTEXT ( ( #3201 ) ) GLOBAL_UNIT_ASSIGNED_CONTEXT ( ( #5865, #2904, #310 ) ) REPRESENTATION_CONTEXT ( 'NONE', 'WORKASPACE' ) );
#7762 = ORIENTED_EDGE ( 'NONE', *, *, #4217, .F. ) ;
#7763 = AXIS2_PLACEMENT_3D ( 'NONE', #3064, #4470, #5925 ) ;
#7764 = ORIENTED_EDGE ( 'NONE', *, *, #7254, .F. ) ;
#7765 = ADVANCED_FACE ( 'NONE', ( #7216 ), #3540, .F. ) ;
#7766 = ADVANCED_FACE ( 'NONE', ( #5122 ), #1533, .F. ) ;
#7767 = CARTESIAN_POINT ( 'NONE',  ( -1.430000000000000160, 0.000000000000000000, -0.09999999999998980538 ) ) ;
#7768 =( LENGTH_UNIT ( ) NAMED_UNIT ( * ) SI_UNIT ( .MILLI., .METRE. ) );
#7769 = CARTESIAN_POINT ( 'NONE',  ( 0.5000000000000052180, 0.000000000000000000, -1.130000000000003668 ) ) ;
#7770 = MECHANICAL_DESIGN_GEOMETRIC_PRESENTATION_REPRESENTATION (  '', ( #4767 ), #607 ) ;
#7771 = MECHANICAL_DESIGN_GEOMETRIC_PRESENTATION_REPRESENTATION (  '', ( #8808 ), #4768 ) ;
#7772 = FILL_AREA_STYLE ('',( #6446 ) ) ;
#7773 = FILL_AREA_STYLE ('',( #1494 ) ) ;
#7774 = EDGE_CURVE ( 'NONE', #6252, #3342, #8924, .T. ) ;
#7775 = AXIS2_PLACEMENT_3D ( 'NONE', #2543, #562, #1818 ) ;
#7776 = PLANE ( 'NONE',  #4187 ) ;
#7777 = VECTOR ( 'NONE', #8990, 1000.000000000000000 ) ;
#7778 = SURFACE_SIDE_STYLE ('',( #7259 ) ) ;
#7779 = ORIENTED_EDGE ( 'NONE', *, *, #5698, .T. ) ;
#7780 = DIRECTION ( 'NONE',  ( 0.000000000000000000, 1.000000000000000000, 0.000000000000000000 ) ) ;
#7781 = CARTESIAN_POINT ( 'NONE',  ( 1.500000000000000222, 0.9699999999999999734, -1.500000000000000222 ) ) ;
#7782 = ORIENTED_EDGE ( 'NONE', *, *, #8254, .F. ) ;
#7783 = EDGE_CURVE ( 'NONE', #7760, #7611, #4513, .T. ) ;
#7784 = PLANE ( 'NONE',  #4546 ) ;
#7785 = MECHANICAL_DESIGN_GEOMETRIC_PRESENTATION_REPRESENTATION (  '', ( #2528 ), #8976 ) ;
#7786 = ORIENTED_EDGE ( 'NONE', *, *, #8480, .F. ) ;
#7787 = ORIENTED_EDGE ( 'NONE', *, *, #4044, .F. ) ;
#7788 = FACE_OUTER_BOUND ( 'NONE', #3123, .T. ) ;
#7789 = VECTOR ( 'NONE', #4506, 1000.000000000000000 ) ;
#7790 = CARTESIAN_POINT ( 'NONE',  ( 1.500000000000000222, 0.000000000000000000, -0.8999999999999895861 ) ) ;
#7791 = VECTOR ( 'NONE', #2911, 1000.000000000000000 ) ;
#7792 = LINE ( 'NONE', #1979, #1084 ) ;
#7793 = AXIS2_PLACEMENT_3D ( 'NONE', #3035, #8019, #7465 ) ;
#7794 = DIRECTION ( 'NONE',  ( 5.860552283705431852E-16, 0.000000000000000000, -1.000000000000000000 ) ) ;
#7795 = ORIENTED_EDGE ( 'NONE', *, *, #1975, .F. ) ;
#7796 = DIRECTION ( 'NONE',  ( 0.000000000000000000, 1.000000000000000000, 0.000000000000000000 ) ) ;
#7797 = LINE ( 'NONE', #2630, #1476 ) ;
#7798 = VECTOR ( 'NONE', #4269, 1000.000000000000000 ) ;
#7799 = VECTOR ( 'NONE', #3420, 1000.000000000000000 ) ;
#7800 = ORIENTED_EDGE ( 'NONE', *, *, #6209, .F. ) ;
#7801 = DIRECTION ( 'NONE',  ( 1.000000000000000000, -0.000000000000000000, -0.000000000000000000 ) ) ;
#7802 = CARTESIAN_POINT ( 'NONE',  ( 1.130000000000010330, 0.000000000000000000, 0.9999999999999900080 ) ) ;
#7803 =( NAMED_UNIT ( * ) SI_UNIT ( $, .STERADIAN. ) SOLID_ANGLE_UNIT ( ) );
#7804 = LINE ( 'NONE', #2766, #4489 ) ;
#7805 = VECTOR ( 'NONE', #4491, 1000.000000000000000 ) ;
#7806 = CARTESIAN_POINT ( 'NONE',  ( -0.2999999999999948264, 0.08000000000000000167, 1.430000000000000382 ) ) ;
#7807 = CARTESIAN_POINT ( 'NONE',  ( 0.1000000000000049183, 0.5005948168962619516, 1.130000000000015881 ) ) ;
#7808 = LINE ( 'NONE', #4886, #3272 ) ;
#7809 = SURFACE_STYLE_USAGE ( .BOTH. , #2770 ) ;
#7810 = ORIENTED_EDGE ( 'NONE', *, *, #730, .T. ) ;
#7811 =( LENGTH_UNIT ( ) NAMED_UNIT ( * ) SI_UNIT ( .MILLI., .METRE. ) );
#7812 = LINE ( 'NONE', #2825, #5942 ) ;
#7813 = FACE_OUTER_BOUND ( 'NONE', #8702, .T. ) ;
#7814 = PLANE ( 'NONE',  #8179 ) ;
#7815 = CARTESIAN_POINT ( 'NONE',  ( -1.230000000000011973, -0.3605551275463988459, 1.099999999999989875 ) ) ;
#7816 = ORIENTED_EDGE ( 'NONE', *, *, #6460, .T. ) ;
#7817 = VERTEX_POINT ( 'NONE', #8194 ) ;
#7818 = PLANE ( 'NONE',  #6599 ) ;
#7819 = FACE_OUTER_BOUND ( 'NONE', #6517, .T. ) ;
#7820 = ORIENTED_EDGE ( 'NONE', *, *, #24, .T. ) ;
#7821 = EDGE_CURVE ( 'NONE', #7390, #807, #1724, .T. ) ;
#7822 = LINE ( 'NONE', #8653, #7894 ) ;
#7823 = ORIENTED_EDGE ( 'NONE', *, *, #5877, .T. ) ;
#7824 = CARTESIAN_POINT ( 'NONE',  ( 1.230000000000003313, 0.07999999999999998779, 1.100000000000010303 ) ) ;
#7825 = ORIENTED_EDGE ( 'NONE', *, *, #7102, .T. ) ;
#7826 = ADVANCED_FACE ( 'NONE', ( #5874 ), #2496, .F. ) ;
#7827 = ORIENTED_EDGE ( 'NONE', *, *, #1033, .T. ) ;
#7828 = DIRECTION ( 'NONE',  ( -1.000000000000000000, 0.000000000000000000, 0.000000000000000000 ) ) ;
#7829 = CARTESIAN_POINT ( 'NONE',  ( -1.149999999999999689, 0.9699999999999999734, -1.275000000000000577 ) ) ;
#7830 = EDGE_LOOP ( 'NONE', ( #993, #361, #8959, #3785 ) ) ;
#7831 = CARTESIAN_POINT ( 'NONE',  ( -1.000000000000004441, -1.084202172485504434E-16, -1.130000000000000338 ) ) ;
#7832 = ADVANCED_FACE ( 'NONE', ( #6598 ), #182, .F. ) ;
#7833 = ADVANCED_FACE ( 'NONE', ( #1766 ), #2405, .F. ) ;
#7834 = EDGE_CURVE ( 'NONE', #6084, #4239, #4611, .T. ) ;
#7835 = CARTESIAN_POINT ( 'NONE',  ( 0.000000000000000000, 0.9699999999999999734, 0.000000000000000000 ) ) ;
#7836 = VERTEX_POINT ( 'NONE', #220 ) ;
#7837 = FACE_OUTER_BOUND ( 'NONE', #5754, .T. ) ;
#7838 = EDGE_CURVE ( 'NONE', #3066, #7645, #1628, .T. ) ;
#7839 = LINE ( 'NONE', #6424, #2652 ) ;
#7840 = CARTESIAN_POINT ( 'NONE',  ( 0.000000000000000000, 0.1000000000000000056, 0.000000000000000000 ) ) ;
#7841 = DIRECTION ( 'NONE',  ( 0.000000000000000000, 0.000000000000000000, -1.000000000000000000 ) ) ;
#7842 = CARTESIAN_POINT ( 'NONE',  ( 0.000000000000000000, 0.08000000000000000167, 0.000000000000000000 ) ) ;
#7843 = UNCERTAINTY_MEASURE_WITH_UNIT (LENGTH_MEASURE( 1.000000000000000082E-05 ), #2776, 'distance_accuracy_value', 'NONE');
#7844 = CARTESIAN_POINT ( 'NONE',  ( 1.130000000000007443, 0.5005948168962619516, -0.2999999999999899414 ) ) ;
#7845 = DIRECTION ( 'NONE',  ( -1.000000000000000000, 0.000000000000000000, 0.000000000000000000 ) ) ;
#7846 = FILL_AREA_STYLE_COLOUR ( '', #5511 ) ;
#7847 = MECHANICAL_DESIGN_GEOMETRIC_PRESENTATION_REPRESENTATION (  '', ( #2145 ), #6956 ) ;
#7848 = LINE ( 'NONE', #2161, #4030 ) ;
#7849 = ORIENTED_EDGE ( 'NONE', *, *, #9192, .F. ) ;
#7850 = CARTESIAN_POINT ( 'NONE',  ( 1.500000000000000222, 0.000000000000000000, 1.499999999999999778 ) ) ;
#7851 = FILL_AREA_STYLE_COLOUR ( '', #2336 ) ;
#7852 = LINE ( 'NONE', #1439, #763 ) ;
#7853 = AXIS2_PLACEMENT_3D ( 'NONE', #9120, #5501, #9260 ) ;
#7854 = UNCERTAINTY_MEASURE_WITH_UNIT (LENGTH_MEASURE( 1.000000000000000082E-05 ), #7275, 'distance_accuracy_value', 'NONE');
#7855 = AXIS2_PLACEMENT_3D ( 'NONE', #881, #3673, #2406 ) ;
#7856 =( LENGTH_UNIT ( ) NAMED_UNIT ( * ) SI_UNIT ( .MILLI., .METRE. ) );
#7857 = CARTESIAN_POINT ( 'NONE',  ( -1.430000000000000160, -1.084202172485504434E-16, 0.1000000000000101225 ) ) ;
#7858 =( NAMED_UNIT ( * ) PLANE_ANGLE_UNIT ( ) SI_UNIT ( $, .RADIAN. ) );
#7859 =( NAMED_UNIT ( * ) PLANE_ANGLE_UNIT ( ) SI_UNIT ( $, .RADIAN. ) );
#7860 = VECTOR ( 'NONE', #7976, 1000.000000000000000 ) ;
#7861 = PLANE ( 'NONE',  #767 ) ;
#7862 = AXIS2_PLACEMENT_3D ( 'NONE', #9080, #9176, #7026 ) ;
#7863 = CARTESIAN_POINT ( 'NONE',  ( -0.2999999999999948264, 0.000000000000000000, 1.130000000000003668 ) ) ;
#7864 = FILL_AREA_STYLE_COLOUR ( '', #6100 ) ;
#7865 = LINE ( 'NONE', #4111, #2074 ) ;
#7866 = AXIS2_PLACEMENT_3D ( 'NONE', #7970, #768, #2936 ) ;
#7867 =( LENGTH_UNIT ( ) NAMED_UNIT ( * ) SI_UNIT ( .MILLI., .METRE. ) );
#7868 = ORIENTED_EDGE ( 'NONE', *, *, #8925, .T. ) ;
#7869 = EDGE_LOOP ( 'NONE', ( #7508, #1213, #5995, #6757 ) ) ;
#7870 = CARTESIAN_POINT ( 'NONE',  ( 1.230000000000011973, -0.3605551275463988459, -1.099999999999989875 ) ) ;
#7871 = LINE ( 'NONE', #1458, #556 ) ;
#7872 = ORIENTED_EDGE ( 'NONE', *, *, #7952, .F. ) ;
#7873 = EDGE_CURVE ( 'NONE', #9076, #6793, #4465, .T. ) ;
#7874 = SURFACE_STYLE_USAGE ( .BOTH. , #6518 ) ;
#7875 = CARTESIAN_POINT ( 'NONE',  ( 1.430000000000000160, -0.3605551275463988459, 1.099999999999989875 ) ) ;
#7876 = EDGE_CURVE ( 'NONE', #8200, #8989, #7533, .T. ) ;
#7877 = CARTESIAN_POINT ( 'NONE',  ( 1.100000000000004974, 0.08000000000000000167, 1.430000000000000382 ) ) ;
#7878 = ORIENTED_EDGE ( 'NONE', *, *, #5363, .F. ) ;
#7879 = LINE ( 'NONE', #8714, #550 ) ;
#7880 = ORIENTED_EDGE ( 'NONE', *, *, #6169, .F. ) ;
#7881 = ADVANCED_FACE ( 'NONE', ( #3772 ), #5920, .F. ) ;
#7882 = DIRECTION ( 'NONE',  ( 0.000000000000000000, -1.000000000000000000, 0.000000000000000000 ) ) ;
#7883 = EDGE_CURVE ( 'NONE', #3278, #4068, #7393, .T. ) ;
#7884 = FACE_OUTER_BOUND ( 'NONE', #2978, .T. ) ;
#7885 = SURFACE_STYLE_USAGE ( .BOTH. , #4268 ) ;
#7886 = PLANE ( 'NONE',  #6911 ) ;
#7887 = VECTOR ( 'NONE', #8238, 1000.000000000000000 ) ;
#7888 = CARTESIAN_POINT ( 'NONE',  ( -1.500000000000006661, 0.000000000000000000, 0.9000000000000101252 ) ) ;
#7889 = PLANE ( 'NONE',  #8807 ) ;
#7890 = EDGE_CURVE ( 'NONE', #6842, #3329, #8457, .T. ) ;
#7891 = VECTOR ( 'NONE', #8520, 1000.000000000000000 ) ;
#7892 = DIRECTION ( 'NONE',  ( 1.000000000000000000, 0.000000000000000000, 8.673617379884027583E-16 ) ) ;
#7893 = EDGE_LOOP ( 'NONE', ( #4294, #2602, #8140, #713 ) ) ;
#7894 = VECTOR ( 'NONE', #1594, 1000.000000000000000 ) ;
#7895 = CARTESIAN_POINT ( 'NONE',  ( 0.9000000000000049072, 0.5005948168962619516, 1.130000000000021210 ) ) ;
#7896 = ORIENTED_EDGE ( 'NONE', *, *, #5885, .F. ) ;
#7897 = EDGE_CURVE ( 'NONE', #3621, #5307, #8322, .T. ) ;
#7898 = VERTEX_POINT ( 'NONE', #6112 ) ;
#7899 = LINE ( 'NONE', #6304, #5468 ) ;
#7900 = CARTESIAN_POINT ( 'NONE',  ( 1.130000000000010330, -0.3605551275463988459, 0.9999999999999900080 ) ) ;
#7901 = CARTESIAN_POINT ( 'NONE',  ( -1.100000000000004974, -0.3605551275463988459, -1.430000000000000382 ) ) ;
#7902 = VECTOR ( 'NONE', #3795, 1000.000000000000000 ) ;
#7903 = VECTOR ( 'NONE', #8744, 1000.000000000000000 ) ;
#7904 = VECTOR ( 'NONE', #4549, 1000.000000000000000 ) ;
#7905 = SURFACE_STYLE_USAGE ( .BOTH. , #4237 ) ;
#7906 = SURFACE_STYLE_USAGE ( .BOTH. , #1495 ) ;
#7907 = VERTEX_POINT ( 'NONE', #1908 ) ;
#7908 = ORIENTED_EDGE ( 'NONE', *, *, #7156, .T. ) ;
#7909 = VECTOR ( 'NONE', #6289, 1000.000000000000000 ) ;
#7910 = CARTESIAN_POINT ( 'NONE',  ( -0.4999999999999946154, 0.5005948168962619516, -1.130000000000012106 ) ) ;
#7911 = ORIENTED_EDGE ( 'NONE', *, *, #2951, .T. ) ;
#7912 = VECTOR ( 'NONE', #6971, 1000.000000000000000 ) ;
#7913 = DIRECTION ( 'NONE',  ( -0.000000000000000000, -0.000000000000000000, -1.000000000000000000 ) ) ;
#7914 = DIRECTION ( 'NONE',  ( 0.000000000000000000, 1.000000000000000000, 0.000000000000000000 ) ) ;
#7915 = EDGE_LOOP ( 'NONE', ( #474, #1971, #6607, #8436 ) ) ;
#7916 = VERTEX_POINT ( 'NONE', #1861 ) ;
#7917 = ORIENTED_EDGE ( 'NONE', *, *, #8288, .T. ) ;
#7918 = DIRECTION ( 'NONE',  ( 0.000000000000000000, 1.000000000000000000, 0.000000000000000000 ) ) ;
#7919 = VECTOR ( 'NONE', #3308, 1000.000000000000000 ) ;
#7920 = LINE ( 'NONE', #3514, #4573 ) ;
#7921 = ORIENTED_EDGE ( 'NONE', *, *, #3928, .F. ) ;
#7922 = DIRECTION ( 'NONE',  ( -0.000000000000000000, -1.000000000000000000, -0.000000000000000000 ) ) ;
#7923 = VECTOR ( 'NONE', #681, 1000.000000000000000 ) ;
#7924 = DIRECTION ( 'NONE',  ( -0.000000000000000000, -1.000000000000000000, -0.000000000000000000 ) ) ;
#7925 = FACE_OUTER_BOUND ( 'NONE', #5761, .T. ) ;
#7926 = ORIENTED_EDGE ( 'NONE', *, *, #6967, .F. ) ;
#7927 = CARTESIAN_POINT ( 'NONE',  ( 1.130000000000005000, 0.5005948168962619516, 0.5000000000000099920 ) ) ;
#7928 = CARTESIAN_POINT ( 'NONE',  ( -1.100000000000004974, -0.3605551275463988459, -1.430000000000000382 ) ) ;
#7929 = EDGE_CURVE ( 'NONE', #7159, #3553, #4801, .T. ) ;
#7930 = ORIENTED_EDGE ( 'NONE', *, *, #6696, .T. ) ;
#7931 =( GEOMETRIC_REPRESENTATION_CONTEXT ( 3 ) GLOBAL_UNCERTAINTY_ASSIGNED_CONTEXT ( ( #5767 ) ) GLOBAL_UNIT_ASSIGNED_CONTEXT ( ( #1578, #8553, #2119 ) ) REPRESENTATION_CONTEXT ( 'NONE', 'WORKASPACE' ) );
#7932 = EDGE_CURVE ( 'NONE', #5810, #302, #5550, .T. ) ;
#7933 = LINE ( 'NONE', #4355, #4114 ) ;
#7934 = AXIS2_PLACEMENT_3D ( 'NONE', #4607, #8191, #1763 ) ;
#7935 = DIRECTION ( 'NONE',  ( 1.000000000000000000, 0.000000000000000000, -0.000000000000000000 ) ) ;
#7936 = PLANE ( 'NONE',  #2330 ) ;
#7937 =( NAMED_UNIT ( * ) SI_UNIT ( $, .STERADIAN. ) SOLID_ANGLE_UNIT ( ) );
#7938 = EDGE_CURVE ( 'NONE', #5789, #2748, #2727, .T. ) ;
#7939 = VECTOR ( 'NONE', #6677, 1000.000000000000000 ) ;
#7940 = LINE ( 'NONE', #927, #2225 ) ;
#7941 = CARTESIAN_POINT ( 'NONE',  ( 1.100000000000004752, 0.5005948168962619516, 1.230000000000022631 ) ) ;
#7942 = CARTESIAN_POINT ( 'NONE',  ( -0.4999999999999946154, 0.07999999999999998779, -1.130000000000012106 ) ) ;
#7943 = CARTESIAN_POINT ( 'NONE',  ( 0.9000000000000051292, 0.08000000000000000167, -1.130000000000000338 ) ) ;
#7944 = LINE ( 'NONE', #20, #5072 ) ;
#7945 = ORIENTED_EDGE ( 'NONE', *, *, #869, .T. ) ;
#7946 =( GEOMETRIC_REPRESENTATION_CONTEXT ( 3 ) GLOBAL_UNCERTAINTY_ASSIGNED_CONTEXT ( ( #7251 ) ) GLOBAL_UNIT_ASSIGNED_CONTEXT ( ( #4330, #133, #4419 ) ) REPRESENTATION_CONTEXT ( 'NONE', 'WORKASPACE' ) );
#7947 = EDGE_LOOP ( 'NONE', ( #6164, #5465, #6811, #7762 ) ) ;
#7948 = CARTESIAN_POINT ( 'NONE',  ( -1.430000000000000160, -1.084202172485504434E-16, 0.6999999999999899636 ) ) ;
#7949 = PLANE ( 'NONE',  #3689 ) ;
#7950 = DIRECTION ( 'NONE',  ( 1.000000000000000000, 0.000000000000000000, -0.000000000000000000 ) ) ;
#7951 = EDGE_CURVE ( 'NONE', #8376, #2913, #8972, .T. ) ;
#7952 = EDGE_CURVE ( 'NONE', #1963, #892, #6246, .T. ) ;
#7953 = SURFACE_STYLE_USAGE ( .BOTH. , #1680 ) ;
#7954 = PRESENTATION_STYLE_ASSIGNMENT (( #7905 ) ) ;
#7955 = SURFACE_STYLE_FILL_AREA ( #29 ) ;
#7956 = ADVANCED_FACE ( 'NONE', ( #1258 ), #5414, .F. ) ;
#7957 = ORIENTED_EDGE ( 'NONE', *, *, #405, .T. ) ;
#7958 = UNCERTAINTY_MEASURE_WITH_UNIT (LENGTH_MEASURE( 1.000000000000000082E-05 ), #8085, 'distance_accuracy_value', 'NONE');
#7959 = ORIENTED_EDGE ( 'NONE', *, *, #1870, .F. ) ;
#7960 = VECTOR ( 'NONE', #8003, 1000.000000000000000 ) ;
#7961 = CARTESIAN_POINT ( 'NONE',  ( -0.8000000000000000444, 0.08000000000000000167, 0.000000000000000000 ) ) ;
#7962 = DIRECTION ( 'NONE',  ( 0.000000000000000000, -1.000000000000000000, 0.000000000000000000 ) ) ;
#7963 = SURFACE_STYLE_USAGE ( .BOTH. , #2221 ) ;
#7964 = CARTESIAN_POINT ( 'NONE',  ( -1.130000000000004112, 0.000000000000000000, 0.3000000000000100919 ) ) ;
#7965 = DIRECTION ( 'NONE',  ( -1.000000000000000000, 0.000000000000000000, 0.000000000000000000 ) ) ;
#7966 = VERTEX_POINT ( 'NONE', #610 ) ;
#7967 = ORIENTED_EDGE ( 'NONE', *, *, #7025, .T. ) ;
#7968 = ORIENTED_EDGE ( 'NONE', *, *, #1412, .F. ) ;
#7969 = LINE ( 'NONE', #2994, #7337 ) ;
#7970 = CARTESIAN_POINT ( 'NONE',  ( -0.8999999999999952482, 0.5005948168962619516, 1.130000000000007221 ) ) ;
#7971 = VERTEX_POINT ( 'NONE', #1117 ) ;
#7972 = DIRECTION ( 'NONE',  ( 0.000000000000000000, 0.000000000000000000, 1.000000000000000000 ) ) ;
#7973 = CARTESIAN_POINT ( 'NONE',  ( -1.230000000000011973, 0.000000000000000000, 1.099999999999989875 ) ) ;
#7974 = DIRECTION ( 'NONE',  ( 1.000000000000000000, 0.000000000000000000, 0.000000000000000000 ) ) ;
#7975 = VERTEX_POINT ( 'NONE', #4084 ) ;
#7976 = DIRECTION ( 'NONE',  ( -0.000000000000000000, -1.000000000000000000, -0.000000000000000000 ) ) ;
#7977 = CARTESIAN_POINT ( 'NONE',  ( -0.9000000000000051292, -0.3605551275463988459, 1.130000000000000338 ) ) ;
#7978 = CARTESIAN_POINT ( 'NONE',  ( 1.430000000000000160, -1.084202172485504434E-16, -0.09999999999998980538 ) ) ;
#7979 = LINE ( 'NONE', #5816, #5929 ) ;
#7980 = DIRECTION ( 'NONE',  ( 0.000000000000000000, 1.000000000000000000, 0.000000000000000000 ) ) ;
#7981 = LINE ( 'NONE', #5768, #1806 ) ;
#7982 = CARTESIAN_POINT ( 'NONE',  ( -0.09999999999999473199, -0.3605551275463988459, -1.430000000000000382 ) ) ;
#7983 = CARTESIAN_POINT ( 'NONE',  ( 1.130000000000005000, 0.000000000000000000, 0.7000000000000100586 ) ) ;
#7984 = DIRECTION ( 'NONE',  ( -1.000000000000000000, 0.000000000000000000, 0.000000000000000000 ) ) ;
#7985 = ORIENTED_EDGE ( 'NONE', *, *, #2201, .F. ) ;
#7986 = CARTESIAN_POINT ( 'NONE',  ( 0.000000000000000000, 0.000000000000000000, 0.000000000000000000 ) ) ;
#7987 = ORIENTED_EDGE ( 'NONE', *, *, #1379, .F. ) ;
#7988 = ORIENTED_EDGE ( 'NONE', *, *, #3136, .F. ) ;
#7989 = CARTESIAN_POINT ( 'NONE',  ( 1.130000000000007443, 0.07999999999999998779, -0.2999999999999899414 ) ) ;
#7990 = CARTESIAN_POINT ( 'NONE',  ( 0.000000000000000000, 0.08000000000000000167, 0.000000000000000000 ) ) ;
#7991 = FILL_AREA_STYLE ('',( #7112 ) ) ;
#7992 = PLANE ( 'NONE',  #8584 ) ;
#7993 = STYLED_ITEM ( 'NONE', ( #2175 ), #3328 ) ;
#7994 = PRESENTATION_STYLE_ASSIGNMENT (( #7953 ) ) ;
#7995 = DIRECTION ( 'NONE',  ( 0.000000000000000000, 0.000000000000000000, 1.000000000000000000 ) ) ;
#7996 = UNCERTAINTY_MEASURE_WITH_UNIT (LENGTH_MEASURE( 1.000000000000000082E-05 ), #5288, 'distance_accuracy_value', 'NONE');
#7997 = UNCERTAINTY_MEASURE_WITH_UNIT (LENGTH_MEASURE( 1.000000000000000082E-05 ), #7017, 'distance_accuracy_value', 'NONE');
#7998 = ORIENTED_EDGE ( 'NONE', *, *, #2609, .F. ) ;
#7999 = ORIENTED_EDGE ( 'NONE', *, *, #7217, .F. ) ;
#8000 = ADVANCED_FACE ( 'NONE', ( #4748 ), #1218, .T. ) ;
#8001 = EDGE_CURVE ( 'NONE', #2514, #2657, #5498, .T. ) ;
#8002 = MECHANICAL_DESIGN_GEOMETRIC_PRESENTATION_REPRESENTATION (  '', ( #6817 ), #3559 ) ;
#8003 = DIRECTION ( 'NONE',  ( -0.000000000000000000, -1.000000000000000000, -0.000000000000000000 ) ) ;
#8004 = VECTOR ( 'NONE', #6781, 1000.000000000000000 ) ;
#8005 = EDGE_CURVE ( 'NONE', #192, #5531, #7710, .T. ) ;
#8006 = DIRECTION ( 'NONE',  ( 1.000000000000000000, 0.000000000000000000, 0.000000000000000000 ) ) ;
#8007 = SURFACE_SIDE_STYLE ('',( #2272 ) ) ;
#8008 = ORIENTED_EDGE ( 'NONE', *, *, #4094, .F. ) ;
#8009 = DIRECTION ( 'NONE',  ( -1.000000000000000000, 0.000000000000000000, 0.000000000000000000 ) ) ;
#8010 = DIRECTION ( 'NONE',  ( 0.000000000000000000, 0.000000000000000000, 1.000000000000000000 ) ) ;
#8011 = ORIENTED_EDGE ( 'NONE', *, *, #3928, .T. ) ;
#8012 = ORIENTED_EDGE ( 'NONE', *, *, #6457, .T. ) ;
#8013 = CARTESIAN_POINT ( 'NONE',  ( 1.100000000000004752, 0.07999999999999998779, 1.230000000000022631 ) ) ;
#8014 = EDGE_CURVE ( 'NONE', #2299, #952, #3349, .T. ) ;
#8015 = ORIENTED_EDGE ( 'NONE', *, *, #4213, .T. ) ;
#8016 = VECTOR ( 'NONE', #505, 1000.000000000000000 ) ;
#8017 = CARTESIAN_POINT ( 'NONE',  ( -1.130000000000006777, 0.000000000000000000, 1.000000000000010436 ) ) ;
#8018 = VECTOR ( 'NONE', #7425, 1000.000000000000000 ) ;
#8019 = DIRECTION ( 'NONE',  ( 0.7071067811865430208, 0.000000000000000000, -0.7071067811865521247 ) ) ;
#8020 = LINE ( 'NONE', #1743, #8688 ) ;
#8021 = PRESENTATION_LAYER_ASSIGNMENT (  '', '', ( #5010 ) ) ;
#8022 = PLANE ( 'NONE',  #8203 ) ;
#8023 = DIRECTION ( 'NONE',  ( 0.000000000000000000, 1.000000000000000000, 0.000000000000000000 ) ) ;
#8024 = ORIENTED_EDGE ( 'NONE', *, *, #261, .F. ) ;
#8025 = VECTOR ( 'NONE', #2255, 1000.000000000000000 ) ;
#8026 = CARTESIAN_POINT ( 'NONE',  ( 1.500000000000003331, 0.07999999999999998779, 0.9000000000000101252 ) ) ;
#8027 = AXIS2_PLACEMENT_3D ( 'NONE', #8745, #5791, #2929 ) ;
#8028 = LINE ( 'NONE', #2895, #5795 ) ;
#8029 = ADVANCED_FACE ( 'NONE', ( #6297 ), #2686, .F. ) ;
#8030 = SURFACE_STYLE_FILL_AREA ( #4500 ) ;
#8031 = CARTESIAN_POINT ( 'NONE',  ( -1.130000000000008997, 0.08000000000000000167, 0.6999999999999899636 ) ) ;
#8032 = CARTESIAN_POINT ( 'NONE',  ( 0.000000000000000000, 0.08000000000000000167, 0.000000000000000000 ) ) ;
#8033 = CARTESIAN_POINT ( 'NONE',  ( -0.7249999999999998668, 0.09999999999999999167, -0.8250000000000117240 ) ) ;
#8034 = CARTESIAN_POINT ( 'NONE',  ( 0.7000000000000052847, 0.5005948168962619516, -1.500000000000003553 ) ) ;
#8035 = CARTESIAN_POINT ( 'NONE',  ( -1.500000000000005329, 0.000000000000000000, 0.5000000000000099920 ) ) ;
#8036 = DIRECTION ( 'NONE',  ( 1.000000000000000000, 0.000000000000000000, 0.000000000000000000 ) ) ;
#8037 = CARTESIAN_POINT ( 'NONE',  ( -0.7249999999999998668, 0.000000000000000000, -0.8250000000000117240 ) ) ;
#8038 = ORIENTED_EDGE ( 'NONE', *, *, #1470, .F. ) ;
#8039 =( GEOMETRIC_REPRESENTATION_CONTEXT ( 3 ) GLOBAL_UNCERTAINTY_ASSIGNED_CONTEXT ( ( #61 ) ) GLOBAL_UNIT_ASSIGNED_CONTEXT ( ( #9033, #7541, #419 ) ) REPRESENTATION_CONTEXT ( 'NONE', 'WORKASPACE' ) );
#8040 = LINE ( 'NONE', #7437, #9224 ) ;
#8041 = LINE ( 'NONE', #3015, #8936 ) ;
#8042 = DIRECTION ( 'NONE',  ( 0.000000000000000000, 0.000000000000000000, 1.000000000000000000 ) ) ;
#8043 = DIRECTION ( 'NONE',  ( 0.000000000000000000, -1.000000000000000000, 0.000000000000000000 ) ) ;
#8044 = FILL_AREA_STYLE ('',( #5923 ) ) ;
#8045 = LINE ( 'NONE', #3109, #7027 ) ;
#8046 = VECTOR ( 'NONE', #9268, 1000.000000000000000 ) ;
#8047 = VERTEX_POINT ( 'NONE', #6201 ) ;
#8048 = EDGE_CURVE ( 'NONE', #3871, #6317, #9167, .T. ) ;
#8049 = VECTOR ( 'NONE', #7224, 1000.000000000000000 ) ;
#8050 = EDGE_CURVE ( 'NONE', #6317, #7473, #2024, .T. ) ;
#8051 = VECTOR ( 'NONE', #9151, 1000.000000000000000 ) ;
#8052 = LINE ( 'NONE', #2359, #9094 ) ;
#8053 = SURFACE_STYLE_USAGE ( .BOTH. , #1086 ) ;
#8054 = PRESENTATION_LAYER_ASSIGNMENT (  '', '', ( #7753 ) ) ;
#8055 = LINE ( 'NONE', #3825, #6721 ) ;
#8056 = LINE ( 'NONE', #3637, #3525 ) ;
#8057 = ORIENTED_EDGE ( 'NONE', *, *, #2835, .T. ) ;
#8058 = VERTEX_POINT ( 'NONE', #3249 ) ;
#8059 = DIRECTION ( 'NONE',  ( 0.000000000000000000, 0.000000000000000000, -1.000000000000000000 ) ) ;
#8060 = EDGE_CURVE ( 'NONE', #160, #1372, #1949, .T. ) ;
#8061 = VERTEX_POINT ( 'NONE', #2154 ) ;
#8062 =( GEOMETRIC_REPRESENTATION_CONTEXT ( 3 ) GLOBAL_UNCERTAINTY_ASSIGNED_CONTEXT ( ( #1419 ) ) GLOBAL_UNIT_ASSIGNED_CONTEXT ( ( #1807, #2485, #8868 ) ) REPRESENTATION_CONTEXT ( 'NONE', 'WORKASPACE' ) );
#8063 =( NAMED_UNIT ( * ) PLANE_ANGLE_UNIT ( ) SI_UNIT ( $, .RADIAN. ) );
#8064 =( GEOMETRIC_REPRESENTATION_CONTEXT ( 3 ) GLOBAL_UNCERTAINTY_ASSIGNED_CONTEXT ( ( #1393 ) ) GLOBAL_UNIT_ASSIGNED_CONTEXT ( ( #4904, #4338, #3503 ) ) REPRESENTATION_CONTEXT ( 'NONE', 'WORKASPACE' ) );
#8065 = CARTESIAN_POINT ( 'NONE',  ( -0.9000000000000051292, -0.3605551275463988459, -1.130000000000000338 ) ) ;
#8066 = VECTOR ( 'NONE', #7984, 1000.000000000000000 ) ;
#8067 = VERTEX_POINT ( 'NONE', #2109 ) ;
#8068 = CARTESIAN_POINT ( 'NONE',  ( 1.500000000000003331, 0.07999999999999998779, 0.9000000000000101252 ) ) ;
#8069 = EDGE_CURVE ( 'NONE', #4625, #5342, #7149, .T. ) ;
#8070 = DIRECTION ( 'NONE',  ( 0.000000000000000000, -1.000000000000000000, 0.000000000000000000 ) ) ;
#8071 = CARTESIAN_POINT ( 'NONE',  ( 0.9000000000000049072, 0.07999999999999998779, 1.130000000000021210 ) ) ;
#8072 = EDGE_LOOP ( 'NONE', ( #6350, #2173, #6708, #5118 ) ) ;
#8073 = PLANE ( 'NONE',  #9196 ) ;
#8074 = ADVANCED_FACE ( 'NONE', ( #5718 ), #820, .F. ) ;
#8075 =( GEOMETRIC_REPRESENTATION_CONTEXT ( 3 ) GLOBAL_UNCERTAINTY_ASSIGNED_CONTEXT ( ( #1497 ) ) GLOBAL_UNIT_ASSIGNED_CONTEXT ( ( #5642, #326, #7396 ) ) REPRESENTATION_CONTEXT ( 'NONE', 'WORKASPACE' ) );
#8076 = AXIS2_PLACEMENT_3D ( 'NONE', #7815, #1395, #28 ) ;
#8077 = CARTESIAN_POINT ( 'NONE',  ( 1.130000000000006111, 0.5005948168962619516, 0.1000000000000100253 ) ) ;
#8078 = LINE ( 'NONE', #4541, #9072 ) ;
#8079 = VECTOR ( 'NONE', #3599, 1000.000000000000000 ) ;
#8080 = CARTESIAN_POINT ( 'NONE',  ( 1.500000000000010214, 0.000000000000000000, -1.099999999999989875 ) ) ;
#8081 = PRESENTATION_STYLE_ASSIGNMENT (( #8863 ) ) ;
#8082 = DIRECTION ( 'NONE',  ( -0.000000000000000000, -1.000000000000000000, -0.000000000000000000 ) ) ;
#8083 =( GEOMETRIC_REPRESENTATION_CONTEXT ( 3 ) GLOBAL_UNCERTAINTY_ASSIGNED_CONTEXT ( ( #8645 ) ) GLOBAL_UNIT_ASSIGNED_CONTEXT ( ( #8891, #488, #8208 ) ) REPRESENTATION_CONTEXT ( 'NONE', 'WORKASPACE' ) );
#8084 = SURFACE_STYLE_FILL_AREA ( #7202 ) ;
#8085 =( LENGTH_UNIT ( ) NAMED_UNIT ( * ) SI_UNIT ( .MILLI., .METRE. ) );
#8086 =( GEOMETRIC_REPRESENTATION_CONTEXT ( 3 ) GLOBAL_UNCERTAINTY_ASSIGNED_CONTEXT ( ( #1474 ) ) GLOBAL_UNIT_ASSIGNED_CONTEXT ( ( #3809, #6068, #368 ) ) REPRESENTATION_CONTEXT ( 'NONE', 'WORKASPACE' ) );
#8087 = CARTESIAN_POINT ( 'NONE',  ( 1.130000000000008997, -1.084202172485504434E-16, -0.6999999999999899636 ) ) ;
#8088 = VERTEX_POINT ( 'NONE', #734 ) ;
#8089 = DIRECTION ( 'NONE',  ( -0.000000000000000000, -1.000000000000000000, -0.000000000000000000 ) ) ;
#8090 = ORIENTED_EDGE ( 'NONE', *, *, #7952, .T. ) ;
#8091 = EDGE_LOOP ( 'NONE', ( #1693, #4160, #93, #7641 ) ) ;
#8092 = VECTOR ( 'NONE', #121, 1000.000000000000000 ) ;
#8093 = CARTESIAN_POINT ( 'NONE',  ( 1.430000000000000160, -0.3605551275463988459, 0.3000000000000102029 ) ) ;
#8094 = LINE ( 'NONE', #3808, #7456 ) ;
#8095 = DIRECTION ( 'NONE',  ( 0.000000000000000000, 0.000000000000000000, 1.000000000000000000 ) ) ;
#8096 = AXIS2_PLACEMENT_3D ( 'NONE', #3192, #1707, #6052 ) ;
#8097 = CARTESIAN_POINT ( 'NONE',  ( 1.130000000000008997, -0.3605551275463988459, -0.4999999999999898415 ) ) ;
#8098 = DIRECTION ( 'NONE',  ( 0.000000000000000000, 0.000000000000000000, -1.000000000000000000 ) ) ;
#8099 = CYLINDRICAL_SURFACE ( 'NONE', #3432, 0.1250000000000003331 ) ;
#8100 = DIRECTION ( 'NONE',  ( 0.000000000000000000, 0.000000000000000000, 1.000000000000000000 ) ) ;
#8101 = ORIENTED_EDGE ( 'NONE', *, *, #8410, .T. ) ;
#8102 = VECTOR ( 'NONE', #7980, 1000.000000000000000 ) ;
#8103 = VECTOR ( 'NONE', #2765, 1000.000000000000000 ) ;
#8104 = LINE ( 'NONE', #3113, #3552 ) ;
#8105 = DIRECTION ( 'NONE',  ( -0.000000000000000000, 0.000000000000000000, 1.000000000000000000 ) ) ;
#8106 = ORIENTED_EDGE ( 'NONE', *, *, #8250, .T. ) ;
#8107 = SURFACE_STYLE_USAGE ( .BOTH. , #7362 ) ;
#8108 = DIRECTION ( 'NONE',  ( -1.000000000000000000, 0.000000000000000000, 0.000000000000000000 ) ) ;
#8109 = ORIENTED_EDGE ( 'NONE', *, *, #6328, .F. ) ;
#8110 = CARTESIAN_POINT ( 'NONE',  ( 1.500000000000007327, 0.07999999999999998779, -0.2999999999999899414 ) ) ;
#8111 = VECTOR ( 'NONE', #5190, 1000.000000000000000 ) ;
#8112 = SURFACE_STYLE_FILL_AREA ( #5986 ) ;
#8113 = VERTEX_POINT ( 'NONE', #8499 ) ;
#8114 = ORIENTED_EDGE ( 'NONE', *, *, #3531, .T. ) ;
#8115 = DIRECTION ( 'NONE',  ( 1.000000000000000000, 0.000000000000000000, 0.000000000000000000 ) ) ;
#8116 = ORIENTED_EDGE ( 'NONE', *, *, #6076, .F. ) ;
#8117 = LINE ( 'NONE', #2377, #6920 ) ;
#8118 = DIRECTION ( 'NONE',  ( 0.000000000000000000, -0.000000000000000000, -1.000000000000000000 ) ) ;
#8119 = CARTESIAN_POINT ( 'NONE',  ( -1.500000000000003997, 0.5005948168962619516, 0.1000000000000100253 ) ) ;
#8120 = VERTEX_POINT ( 'NONE', #1385 ) ;
#8121 = ORIENTED_EDGE ( 'NONE', *, *, #8336, .F. ) ;
#8122 = DIRECTION ( 'NONE',  ( -0.000000000000000000, 1.000000000000000000, -0.000000000000000000 ) ) ;
#8123 = FACE_OUTER_BOUND ( 'NONE', #2574, .T. ) ;
#8124 = EDGE_CURVE ( 'NONE', #6037, #5087, #7804, .T. ) ;
#8125 = ADVANCED_FACE ( 'NONE', ( #2812 ), #7886, .F. ) ;
#8126 = EDGE_CURVE ( 'NONE', #2491, #6557, #2955, .T. ) ;
#8127 = PRESENTATION_STYLE_ASSIGNMENT (( #4593 ) ) ;
#8128 = EDGE_CURVE ( 'NONE', #363, #5478, #7197, .T. ) ;
#8129 = EDGE_CURVE ( 'NONE', #3493, #4689, #693, .T. ) ;
#8130 = DIRECTION ( 'NONE',  ( 0.000000000000000000, 0.000000000000000000, -1.000000000000000000 ) ) ;
#8131 = CARTESIAN_POINT ( 'NONE',  ( -1.499999999999999778, 0.9699999999999999734, -1.500000000000000222 ) ) ;
#8132 = CARTESIAN_POINT ( 'NONE',  ( 0.1000000000000052514, 0.07999999999999998779, -1.130000000000006333 ) ) ;
#8133 = EDGE_CURVE ( 'NONE', #519, #3086, #3490, .T. ) ;
#8134 = CARTESIAN_POINT ( 'NONE',  ( 1.130000000000008997, 0.5005948168962619516, -0.6999999999999899636 ) ) ;
#8135 = ORIENTED_EDGE ( 'NONE', *, *, #1130, .F. ) ;
#8136 = DIRECTION ( 'NONE',  ( -0.000000000000000000, -1.000000000000000000, -0.000000000000000000 ) ) ;
#8137 = DIRECTION ( 'NONE',  ( -1.000000000000000000, 0.000000000000000000, -0.000000000000000000 ) ) ;
#8138 =( LENGTH_UNIT ( ) NAMED_UNIT ( * ) SI_UNIT ( .MILLI., .METRE. ) );
#8139 = ORIENTED_EDGE ( 'NONE', *, *, #9202, .F. ) ;
#8140 = ORIENTED_EDGE ( 'NONE', *, *, #3929, .T. ) ;
#8141 = ORIENTED_EDGE ( 'NONE', *, *, #7662, .T. ) ;
#8142 = CARTESIAN_POINT ( 'NONE',  ( -0.09999999999999473199, 0.08000000000000000167, -1.130000000000003668 ) ) ;
#8143 = DIRECTION ( 'NONE',  ( 0.000000000000000000, 1.000000000000000000, 0.000000000000000000 ) ) ;
#8144 = DIRECTION ( 'NONE',  ( -0.7071067811865536790, 0.000000000000000000, 0.7071067811865414665 ) ) ;
#8145 = LINE ( 'NONE', #7443, #1875 ) ;
#8146 =( NAMED_UNIT ( * ) SI_UNIT ( $, .STERADIAN. ) SOLID_ANGLE_UNIT ( ) );
#8147 = CARTESIAN_POINT ( 'NONE',  ( -0.2999999999999947153, 0.07999999999999998779, -1.500000000000008882 ) ) ;
#8148 = ORIENTED_EDGE ( 'NONE', *, *, #7379, .T. ) ;
#8149 = EDGE_LOOP ( 'NONE', ( #4654, #335, #3404, #3786 ) ) ;
#8150 = DIRECTION ( 'NONE',  ( 0.000000000000000000, 0.000000000000000000, 1.000000000000000000 ) ) ;
#8151 = LINE ( 'NONE', #3074, #4450 ) ;
#8152 = ORIENTED_EDGE ( 'NONE', *, *, #7666, .T. ) ;
#8153 = COLOUR_RGB ( '',1.000000000000000000, 0.8117647058823529438, 0.5019607843137254832 ) ;
#8154 = CARTESIAN_POINT ( 'NONE',  ( 0.9000000000000052403, 0.5005948168962619516, -1.500000000000000444 ) ) ;
#8155 = CARTESIAN_POINT ( 'NONE',  ( -1.130000000000004112, 0.07999999999999998779, 0.3000000000000100919 ) ) ;
#8156 = ORIENTED_EDGE ( 'NONE', *, *, #5814, .F. ) ;
#8157 = LINE ( 'NONE', #16, #5607 ) ;
#8158 =( NAMED_UNIT ( * ) SI_UNIT ( $, .STERADIAN. ) SOLID_ANGLE_UNIT ( ) );
#8159 = ORIENTED_EDGE ( 'NONE', *, *, #9087, .F. ) ;
#8160 = PLANE ( 'NONE',  #2376 ) ;
#8161 = AXIS2_PLACEMENT_3D ( 'NONE', #7658, #9159, #7747 ) ;
#8162 = MECHANICAL_DESIGN_GEOMETRIC_PRESENTATION_REPRESENTATION (  '', ( #3953 ), #827 ) ;
#8163 = CARTESIAN_POINT ( 'NONE',  ( 0.7000000000000052847, 0.07999999999999998779, -1.500000000000003553 ) ) ;
#8164 = CARTESIAN_POINT ( 'NONE',  ( -1.130000000000004112, 0.000000000000000000, 0.1000000000000100253 ) ) ;
#8165 =( NAMED_UNIT ( * ) SI_UNIT ( $, .STERADIAN. ) SOLID_ANGLE_UNIT ( ) );
#8166 = DIRECTION ( 'NONE',  ( 0.000000000000000000, 0.000000000000000000, -1.000000000000000000 ) ) ;
#8167 = VERTEX_POINT ( 'NONE', #4181 ) ;
#8168 =( GEOMETRIC_REPRESENTATION_CONTEXT ( 3 ) GLOBAL_UNCERTAINTY_ASSIGNED_CONTEXT ( ( #2921 ) ) GLOBAL_UNIT_ASSIGNED_CONTEXT ( ( #883, #1631, #4468 ) ) REPRESENTATION_CONTEXT ( 'NONE', 'WORKASPACE' ) );
#8169 = ORIENTED_EDGE ( 'NONE', *, *, #5235, .T. ) ;
#8170 = COLOUR_RGB ( '',1.000000000000000000, 0.8117647058823529438, 0.5019607843137254832 ) ;
#8171 = CARTESIAN_POINT ( 'NONE',  ( 1.130000000000010330, 0.000000000000000000, -1.099999999999989875 ) ) ;
#8172 = ORIENTED_EDGE ( 'NONE', *, *, #1010, .T. ) ;
#8173 =( LENGTH_UNIT ( ) NAMED_UNIT ( * ) SI_UNIT ( .MILLI., .METRE. ) );
#8174 = EDGE_CURVE ( 'NONE', #1855, #4582, #5674, .T. ) ;
#8175 = CARTESIAN_POINT ( 'NONE',  ( -1.430000000000000160, -1.084202172485504434E-16, 0.4999999999999898415 ) ) ;
#8176 = EDGE_CURVE ( 'NONE', #8999, #8446, #6480, .T. ) ;
#8177 = DIRECTION ( 'NONE',  ( 1.000000000000000000, 0.000000000000000000, 0.000000000000000000 ) ) ;
#8178 = VECTOR ( 'NONE', #3247, 1000.000000000000000 ) ;
#8179 = AXIS2_PLACEMENT_3D ( 'NONE', #706, #7163, #9271 ) ;
#8180 = CARTESIAN_POINT ( 'NONE',  ( -0.9999999999999943379, 0.000000000000000000, 1.130000000000007221 ) ) ;
#8181 = ORIENTED_EDGE ( 'NONE', *, *, #7539, .F. ) ;
#8182 = CARTESIAN_POINT ( 'NONE',  ( 1.100000000000004752, 0.000000000000000000, 1.130000000000021210 ) ) ;
#8183 = VECTOR ( 'NONE', #1375, 1000.000000000000000 ) ;
#8184 = FACE_OUTER_BOUND ( 'NONE', #5526, .T. ) ;
#8185 = CARTESIAN_POINT ( 'NONE',  ( -1.500000000000003997, 0.000000000000000000, 0.1000000000000100253 ) ) ;
#8186 = EDGE_CURVE ( 'NONE', #1747, #8999, #2903, .T. ) ;
#8187 = VERTEX_POINT ( 'NONE', #1427 ) ;
#8188 = EDGE_CURVE ( 'NONE', #5274, #4774, #5058, .T. ) ;
#8189 = VERTEX_POINT ( 'NONE', #5907 ) ;
#8190 = ORIENTED_EDGE ( 'NONE', *, *, #2612, .F. ) ;
#8191 = DIRECTION ( 'NONE',  ( 0.000000000000000000, 0.000000000000000000, -1.000000000000000000 ) ) ;
#8192 = CARTESIAN_POINT ( 'NONE',  ( 1.000000000000004441, -0.3605551275463988459, -1.130000000000000338 ) ) ;
#8193 = CARTESIAN_POINT ( 'NONE',  ( -0.09999999999999462097, 0.07999999999999998779, -1.130000000000009219 ) ) ;
#8194 = CARTESIAN_POINT ( 'NONE',  ( -0.5000000000000052180, 0.08000000000000000167, 1.430000000000000382 ) ) ;
#8195 = EDGE_CURVE ( 'NONE', #2529, #291, #962, .T. ) ;
#8196 = CARTESIAN_POINT ( 'NONE',  ( -1.430000000000000160, -0.3605551275463988459, -0.09999999999998980538 ) ) ;
#8197 = CARTESIAN_POINT ( 'NONE',  ( -1.130000000000001226, 0.5005948168962619516, -0.6999999999999899636 ) ) ;
#8198 = FACE_OUTER_BOUND ( 'NONE', #7179, .T. ) ;
#8199 = ORIENTED_EDGE ( 'NONE', *, *, #1715, .T. ) ;
#8200 = VERTEX_POINT ( 'NONE', #3846 ) ;
#8201 = DIRECTION ( 'NONE',  ( 1.000000000000000000, 0.000000000000000000, -0.000000000000000000 ) ) ;
#8202 = ORIENTED_EDGE ( 'NONE', *, *, #8186, .F. ) ;
#8203 = AXIS2_PLACEMENT_3D ( 'NONE', #1605, #5049, #7709 ) ;
#8204 = ORIENTED_EDGE ( 'NONE', *, *, #3364, .T. ) ;
#8205 = VERTEX_POINT ( 'NONE', #5155 ) ;
#8206 = ADVANCED_FACE ( 'NONE', ( #3193 ), #5108, .F. ) ;
#8207 = AXIS2_PLACEMENT_3D ( 'NONE', #5980, #3073, #5177 ) ;
#8208 =( NAMED_UNIT ( * ) SI_UNIT ( $, .STERADIAN. ) SOLID_ANGLE_UNIT ( ) );
#8209 = VECTOR ( 'NONE', #4201, 1000.000000000000000 ) ;
#8210 = FILL_AREA_STYLE ('',( #5330 ) ) ;
#8211 = ORIENTED_EDGE ( 'NONE', *, *, #750, .T. ) ;
#8212 = DIRECTION ( 'NONE',  ( 0.000000000000000000, 0.000000000000000000, -1.000000000000000000 ) ) ;
#8213 = CARTESIAN_POINT ( 'NONE',  ( 0.3000000000000053180, 0.000000000000000000, -1.500000000000000222 ) ) ;
#8214 = EDGE_LOOP ( 'NONE', ( #6924, #420, #2300, #4578, #3028, #1754, #6081, #8121, #1264, #402, #9067, #8451, #4716, #1179, #3959, #7227, #1463, #187, #217, #501, #3486, #5069, #523, #89, #3833, #9006, #665, #2830 ) ) ;
#8215 = ORIENTED_EDGE ( 'NONE', *, *, #3191, .F. ) ;
#8216 = VECTOR ( 'NONE', #4591, 1000.000000000000000 ) ;
#8217 = LINE ( 'NONE', #1053, #7329 ) ;
#8218 = STYLED_ITEM ( 'NONE', ( #4810 ), #6581 ) ;
#8219 = CARTESIAN_POINT ( 'NONE',  ( -0.5000000000000052180, 0.08000000000000000167, -1.130000000000003668 ) ) ;
#8220 = AXIS2_PLACEMENT_3D ( 'NONE', #8549, #7108, #4931 ) ;
#8221 = CARTESIAN_POINT ( 'NONE',  ( -0.4999999999999947820, 0.5005948168962619516, 1.130000000000010330 ) ) ;
#8222 = LINE ( 'NONE', #1803, #4041 ) ;
#8223 = DIRECTION ( 'NONE',  ( -0.000000000000000000, 1.000000000000000000, -0.000000000000000000 ) ) ;
#8224 = ORIENTED_EDGE ( 'NONE', *, *, #4271, .T. ) ;
#8225 = AXIS2_PLACEMENT_3D ( 'NONE', #4842, #8283, #5362 ) ;
#8226 = AXIS2_PLACEMENT_3D ( 'NONE', #2829, #4236, #2779 ) ;
#8227 = FACE_OUTER_BOUND ( 'NONE', #8804, .T. ) ;
#8228 = CARTESIAN_POINT ( 'NONE',  ( 1.130000000000010330, 0.5005948168962619516, -1.099999999999989875 ) ) ;
#8229 = EDGE_CURVE ( 'NONE', #7642, #4008, #8719, .T. ) ;
#8230 = ORIENTED_EDGE ( 'NONE', *, *, #3425, .T. ) ;
#8231 = VECTOR ( 'NONE', #5434, 1000.000000000000000 ) ;
#8232 = CARTESIAN_POINT ( 'NONE',  ( 1.230000000000011973, 0.000000000000000000, -1.099999999999989875 ) ) ;
#8233 = ORIENTED_EDGE ( 'NONE', *, *, #5091, .T. ) ;
#8234 = ORIENTED_EDGE ( 'NONE', *, *, #3867, .T. ) ;
#8235 = CARTESIAN_POINT ( 'NONE',  ( 1.500000000000004663, 0.07999999999999998779, 0.7000000000000100586 ) ) ;
#8236 = ADVANCED_FACE ( 'NONE', ( #260 ), #1615, .F. ) ;
#8237 = DIRECTION ( 'NONE',  ( 0.000000000000000000, 0.000000000000000000, 1.000000000000000000 ) ) ;
#8238 = DIRECTION ( 'NONE',  ( 0.000000000000000000, 0.000000000000000000, -1.000000000000000000 ) ) ;
#8239 = DIRECTION ( 'NONE',  ( -0.000000000000000000, 1.000000000000000000, -0.000000000000000000 ) ) ;
#8240 = CLOSED_SHELL ( 'NONE', ( #9211, #6510, #8529, #1997, #32, #6500 ) ) ;
#8241 = AXIS2_PLACEMENT_3D ( 'NONE', #7746, #5050, #3479 ) ;
#8242 = CARTESIAN_POINT ( 'NONE',  ( 1.100000000000004974, 0.07999999999999998779, -1.229999999999999760 ) ) ;
#8243 = CARTESIAN_POINT ( 'NONE',  ( -1.430000000000000160, 0.000000000000000000, -1.099999999999989875 ) ) ;
#8244 = DIRECTION ( 'NONE',  ( 0.7071067811865521247, 0.000000000000000000, -0.7071067811865430208 ) ) ;
#8245 = ORIENTED_EDGE ( 'NONE', *, *, #2375, .F. ) ;
#8246 = CLOSED_SHELL ( 'NONE', ( #4785, #7372, #1271, #4211, #6156, #2721 ) ) ;
#8247 = CARTESIAN_POINT ( 'NONE',  ( 0.5000000000000048850, 0.5005948168962619516, 1.130000000000018767 ) ) ;
#8248 = VECTOR ( 'NONE', #5777, 1000.000000000000000 ) ;
#8249 = VECTOR ( 'NONE', #4240, 1000.000000000000000 ) ;
#8250 = EDGE_CURVE ( 'NONE', #1082, #1977, #4452, .T. ) ;
#8251 = ADVANCED_FACE ( 'NONE', ( #1753 ), #7336, .T. ) ;
#8252 = LINE ( 'NONE', #6794, #557 ) ;
#8253 =( NAMED_UNIT ( * ) SI_UNIT ( $, .STERADIAN. ) SOLID_ANGLE_UNIT ( ) );
#8254 = EDGE_CURVE ( 'NONE', #5342, #316, #1666, .T. ) ;
#8255 = PRESENTATION_STYLE_ASSIGNMENT (( #1176 ) ) ;
#8256 = ORIENTED_EDGE ( 'NONE', *, *, #4793, .T. ) ;
#8257 = VECTOR ( 'NONE', #6966, 1000.000000000000000 ) ;
#8258 = VERTEX_POINT ( 'NONE', #6726 ) ;
#8259 = EDGE_CURVE ( 'NONE', #140, #8429, #2290, .T. ) ;
#8260 = VECTOR ( 'NONE', #2726, 1000.000000000000000 ) ;
#8261 = EDGE_CURVE ( 'NONE', #1436, #77, #5956, .T. ) ;
#8262 = CARTESIAN_POINT ( 'NONE',  ( 1.130000000000006111, 0.07999999999999998779, 0.3000000000000100919 ) ) ;
#8263 = LINE ( 'NONE', #1838, #1236 ) ;
#8264 = COLOUR_RGB ( '',1.000000000000000000, 0.8117647058823529438, 0.5019607843137254832 ) ;
#8265 = VERTEX_POINT ( 'NONE', #866 ) ;
#8266 = DIRECTION ( 'NONE',  ( 0.000000000000000000, 0.000000000000000000, 1.000000000000000000 ) ) ;
#8267 = ORIENTED_EDGE ( 'NONE', *, *, #6284, .T. ) ;
#8268 = VERTEX_POINT ( 'NONE', #1710 ) ;
#8269 = CARTESIAN_POINT ( 'NONE',  ( -1.130000000000010330, -0.3605551275463988459, -0.8999999999999896971 ) ) ;
#8270 = LINE ( 'NONE', #643, #2760 ) ;
#8271 = ORIENTED_EDGE ( 'NONE', *, *, #2248, .F. ) ;
#8272 = LINE ( 'NONE', #5953, #8543 ) ;
#8273 = CARTESIAN_POINT ( 'NONE',  ( -0.7000000000000052847, -0.3605551275463988459, -1.130000000000003668 ) ) ;
#8274 = ORIENTED_EDGE ( 'NONE', *, *, #7563, .T. ) ;
#8275 = LINE ( 'NONE', #4742, #5149 ) ;
#8276 = ORIENTED_EDGE ( 'NONE', *, *, #6974, .F. ) ;
#8277 = FACE_OUTER_BOUND ( 'NONE', #5128, .T. ) ;
#8278 = VERTEX_POINT ( 'NONE', #2335 ) ;
#8279 = CARTESIAN_POINT ( 'NONE',  ( 1.100000000000004752, 0.5005948168962619516, 1.500000000000021094 ) ) ;
#8280 = DIRECTION ( 'NONE',  ( -1.000000000000000000, 0.000000000000000000, -8.673617379884028570E-16 ) ) ;
#8281 = DIRECTION ( 'NONE',  ( 0.7071067811865521247, 0.000000000000000000, 0.7071067811865430208 ) ) ;
#8282 = CARTESIAN_POINT ( 'NONE',  ( 0.1000000000000051958, -0.3605551275463988459, 1.130000000000003668 ) ) ;
#8283 = DIRECTION ( 'NONE',  ( 1.000000000000000000, 0.000000000000000000, 0.000000000000000000 ) ) ;
#8284 = PLANE ( 'NONE',  #8369 ) ;
#8285 = ORIENTED_EDGE ( 'NONE', *, *, #2541, .F. ) ;
#8286 = DIRECTION ( 'NONE',  ( -0.000000000000000000, -1.000000000000000000, -0.000000000000000000 ) ) ;
#8287 = ORIENTED_EDGE ( 'NONE', *, *, #353, .F. ) ;
#8288 = EDGE_CURVE ( 'NONE', #5916, #7111, #923, .T. ) ;
#8289 = DIRECTION ( 'NONE',  ( 0.000000000000000000, 0.000000000000000000, 1.000000000000000000 ) ) ;
#8290 =( NAMED_UNIT ( * ) PLANE_ANGLE_UNIT ( ) SI_UNIT ( $, .RADIAN. ) );
#8291 = ORIENTED_EDGE ( 'NONE', *, *, #405, .F. ) ;
#8292 = CARTESIAN_POINT ( 'NONE',  ( -1.500000000000000888, 0.07999999999999998779, -0.4999999999999898415 ) ) ;
#8293 = ORIENTED_EDGE ( 'NONE', *, *, #1480, .T. ) ;
#8294 = EDGE_CURVE ( 'NONE', #1496, #661, #2393, .T. ) ;
#8295 = SURFACE_STYLE_USAGE ( .BOTH. , #4631 ) ;
#8296 = FACE_OUTER_BOUND ( 'NONE', #6107, .T. ) ;
#8297 = VERTEX_POINT ( 'NONE', #1008 ) ;
#8298 = CARTESIAN_POINT ( 'NONE',  ( -1.500000000000002442, 0.000000000000000000, -0.09999999999998984701 ) ) ;
#8299 = ORIENTED_EDGE ( 'NONE', *, *, #805, .T. ) ;
#8300 = CARTESIAN_POINT ( 'NONE',  ( 1.100000000000004974, 0.08000000000000000167, -1.430000000000000382 ) ) ;
#8301 = CARTESIAN_POINT ( 'NONE',  ( 1.130000000000005000, 0.07999999999999998779, 0.7000000000000100586 ) ) ;
#8302 = ORIENTED_EDGE ( 'NONE', *, *, #4619, .T. ) ;
#8303 = EDGE_CURVE ( 'NONE', #1865, #2621, #7382, .T. ) ;
#8304 = ORIENTED_EDGE ( 'NONE', *, *, #1848, .T. ) ;
#8305 = LINE ( 'NONE', #4021, #6812 ) ;
#8306 = EDGE_LOOP ( 'NONE', ( #4629, #2237, #8611, #8789 ) ) ;
#8307 = EDGE_LOOP ( 'NONE', ( #1845, #1029, #1852, #7688 ) ) ;
#8308 = DIRECTION ( 'NONE',  ( 0.000000000000000000, -1.000000000000000000, 0.000000000000000000 ) ) ;
#8309 = CARTESIAN_POINT ( 'NONE',  ( 1.100000000000004752, 0.000000000000000000, 1.230000000000022631 ) ) ;
#8310 = ORIENTED_EDGE ( 'NONE', *, *, #3644, .F. ) ;
#8311 = DIRECTION ( 'NONE',  ( 1.000000000000000000, 0.000000000000000000, -0.000000000000000000 ) ) ;
#8312 = PRESENTATION_LAYER_ASSIGNMENT (  '', '', ( #3510 ) ) ;
#8313 = MECHANICAL_DESIGN_GEOMETRIC_PRESENTATION_REPRESENTATION (  '', ( #382 ), #2750 ) ;
#8314 = CARTESIAN_POINT ( 'NONE',  ( 1.130000000000008997, -0.3605551275463988459, 0.4999999999999898415 ) ) ;
#8315 = EDGE_LOOP ( 'NONE', ( #6152, #7676, #6702, #6136 ) ) ;
#8316 = DIRECTION ( 'NONE',  ( -0.7071067811865414665, 0.000000000000000000, 0.7071067811865536790 ) ) ;
#8317 = ORIENTED_EDGE ( 'NONE', *, *, #8288, .F. ) ;
#8318 = CARTESIAN_POINT ( 'NONE',  ( 1.000000000000004441, 0.08000000000000000167, 1.130000000000000338 ) ) ;
#8319 = VERTEX_POINT ( 'NONE', #1059 ) ;
#8320 =( NAMED_UNIT ( * ) SI_UNIT ( $, .STERADIAN. ) SOLID_ANGLE_UNIT ( ) );
#8321 = LINE ( 'NONE', #3949, #1019 ) ;
#8322 = LINE ( 'NONE', #2597, #484 ) ;
#8323 = VECTOR ( 'NONE', #8860, 1000.000000000000000 ) ;
#8324 = SURFACE_STYLE_FILL_AREA ( #1951 ) ;
#8325 = VECTOR ( 'NONE', #786, 1000.000000000000000 ) ;
#8326 = PLANE ( 'NONE',  #234 ) ;
#8327 = CARTESIAN_POINT ( 'NONE',  ( -1.430000000000000160, -0.3605551275463988459, -0.6999999999999899636 ) ) ;
#8328 = CARTESIAN_POINT ( 'NONE',  ( -0.9750000000000000888, 0.4535533905932740972, -0.8250000000000119460 ) ) ;
#8329 = ORIENTED_EDGE ( 'NONE', *, *, #3431, .F. ) ;
#8330 = VERTEX_POINT ( 'NONE', #208 ) ;
#8331 = EDGE_LOOP ( 'NONE', ( #7411, #8848, #8564, #599 ) ) ;
#8332 = CARTESIAN_POINT ( 'NONE',  ( -1.130000000000008997, -0.3605551275463988459, -0.09999999999998980538 ) ) ;
#8333 = EDGE_LOOP ( 'NONE', ( #770, #4817, #6772, #1690, #3653 ) ) ;
#8334 = CARTESIAN_POINT ( 'NONE',  ( -1.130000000000006777, 0.5005948168962619516, 1.100000000000010303 ) ) ;
#8335 = LINE ( 'NONE', #577, #3512 ) ;
#8336 = EDGE_CURVE ( 'NONE', #5568, #2773, #356, .T. ) ;
#8337 = EDGE_CURVE ( 'NONE', #5977, #7266, #8864, .T. ) ;
#8338 = MECHANICAL_DESIGN_GEOMETRIC_PRESENTATION_REPRESENTATION (  '', ( #2638 ), #3542 ) ;
#8339 = DIRECTION ( 'NONE',  ( 1.000000000000000000, 0.000000000000000000, 0.000000000000000000 ) ) ;
#8340 = DIRECTION ( 'NONE',  ( -0.000000000000000000, -1.000000000000000000, -0.000000000000000000 ) ) ;
#8341 = SURFACE_STYLE_FILL_AREA ( #6219 ) ;
#8342 = VECTOR ( 'NONE', #1860, 1000.000000000000000 ) ;
#8343 = ORIENTED_EDGE ( 'NONE', *, *, #7055, .T. ) ;
#8344 = EDGE_CURVE ( 'NONE', #4231, #1041, #3093, .T. ) ;
#8345 = DIRECTION ( 'NONE',  ( -0.000000000000000000, 0.000000000000000000, 1.000000000000000000 ) ) ;
#8346 = LINE ( 'NONE', #433, #5063 ) ;
#8347 = ORIENTED_EDGE ( 'NONE', *, *, #1014, .F. ) ;
#8348 = DIRECTION ( 'NONE',  ( 0.000000000000000000, 1.000000000000000000, 0.000000000000000000 ) ) ;
#8349 = VERTEX_POINT ( 'NONE', #3006 ) ;
#8350 = VERTEX_POINT ( 'NONE', #5863 ) ;
#8351 = CARTESIAN_POINT ( 'NONE',  ( 1.430000000000000160, 0.000000000000000000, 0.8999999999999896971 ) ) ;
#8352 = VECTOR ( 'NONE', #7580, 1000.000000000000000 ) ;
#8353 = ADVANCED_FACE ( 'NONE', ( #1980 ), #1107, .F. ) ;
#8354 = ORIENTED_EDGE ( 'NONE', *, *, #6831, .T. ) ;
#8355 = LINE ( 'NONE', #4780, #4946 ) ;
#8356 = AXIS2_PLACEMENT_3D ( 'NONE', #2712, #6909, #1328 ) ;
#8357 = EDGE_CURVE ( 'NONE', #2761, #2984, #6954, .T. ) ;
#8358 = EDGE_CURVE ( 'NONE', #2715, #765, #3390, .T. ) ;
#8359 = CARTESIAN_POINT ( 'NONE',  ( 0.7000000000000052847, 0.08000000000000000167, 1.430000000000000382 ) ) ;
#8360 = LINE ( 'NONE', #3339, #1429 ) ;
#8361 = EDGE_CURVE ( 'NONE', #672, #6016, #6233, .T. ) ;
#8362 = CARTESIAN_POINT ( 'NONE',  ( -1.430000000000000160, 0.08000000000000000167, 0.4999999999999898415 ) ) ;
#8363 = CARTESIAN_POINT ( 'NONE',  ( 1.500000000000007327, 0.5005948168962619516, -0.2999999999999899414 ) ) ;
#8364 = COLOUR_RGB ( '',1.000000000000000000, 0.8117647058823529438, 0.5019607843137254832 ) ;
#8365 = VERTEX_POINT ( 'NONE', #6099 ) ;
#8366 = AXIS2_PLACEMENT_3D ( 'NONE', #1126, #3262, #1830 ) ;
#8367 = CARTESIAN_POINT ( 'NONE',  ( 1.100000000000004974, -0.3605551275463988459, -1.430000000000000382 ) ) ;
#8368 = CARTESIAN_POINT ( 'NONE',  ( 1.500000000000004885, 0.5005948168962619516, 0.5000000000000099920 ) ) ;
#8369 = AXIS2_PLACEMENT_3D ( 'NONE', #3956, #5320, #8375 ) ;
#8370 =( NAMED_UNIT ( * ) SI_UNIT ( $, .STERADIAN. ) SOLID_ANGLE_UNIT ( ) );
#8371 = PLANE ( 'NONE',  #9086 ) ;
#8372 = CARTESIAN_POINT ( 'NONE',  ( -1.130000000000004112, 0.000000000000000000, 0.1000000000000100253 ) ) ;
#8373 = FACE_OUTER_BOUND ( 'NONE', #7504, .T. ) ;
#8374 = DIRECTION ( 'NONE',  ( 1.000000000000000000, 0.000000000000000000, -0.000000000000000000 ) ) ;
#8375 = DIRECTION ( 'NONE',  ( 0.000000000000000000, 0.000000000000000000, -1.000000000000000000 ) ) ;
#8376 = VERTEX_POINT ( 'NONE', #5446 ) ;
#8377 = EDGE_LOOP ( 'NONE', ( #6907, #8215 ) ) ;
#8378 = LINE ( 'NONE', #8247, #3448 ) ;
#8379 = EDGE_LOOP ( 'NONE', ( #2136, #874, #4040, #4615 ) ) ;
#8380 = AXIS2_PLACEMENT_3D ( 'NONE', #8574, #4874, #7794 ) ;
#8381 = DIRECTION ( 'NONE',  ( 0.000000000000000000, 1.000000000000000000, 0.000000000000000000 ) ) ;
#8382 = PLANE ( 'NONE',  #8366 ) ;
#8383 = LINE ( 'NONE', #1309, #4409 ) ;
#8384 = FILL_AREA_STYLE ('',( #9132 ) ) ;
#8385 = ORIENTED_EDGE ( 'NONE', *, *, #7938, .T. ) ;
#8386 = VECTOR ( 'NONE', #3013, 1000.000000000000000 ) ;
#8387 = COLOUR_RGB ( '',1.000000000000000000, 0.8117647058823529438, 0.5019607843137254832 ) ;
#8388 = LINE ( 'NONE', #7636, #8984 ) ;
#8389 = DIRECTION ( 'NONE',  ( -0.000000000000000000, 1.000000000000000000, -0.000000000000000000 ) ) ;
#8390 = DIRECTION ( 'NONE',  ( 0.000000000000000000, -1.000000000000000000, 0.000000000000000000 ) ) ;
#8391 = EDGE_LOOP ( 'NONE', ( #3890, #3335, #3805, #8749 ) ) ;
#8392 = LINE ( 'NONE', #9001, #5198 ) ;
#8393 = DIRECTION ( 'NONE',  ( -0.000000000000000000, -1.000000000000000000, -0.000000000000000000 ) ) ;
#8394 = VECTOR ( 'NONE', #2594, 1000.000000000000000 ) ;
#8395 = SURFACE_STYLE_FILL_AREA ( #6183 ) ;
#8396 = VERTEX_POINT ( 'NONE', #7699 ) ;
#8397 = FACE_OUTER_BOUND ( 'NONE', #3589, .T. ) ;
#8398 = LINE ( 'NONE', #9008, #8906 ) ;
#8399 = AXIS2_PLACEMENT_3D ( 'NONE', #449, #5445, #8311 ) ;
#8400 = VERTEX_POINT ( 'NONE', #3337 ) ;
#8401 = CARTESIAN_POINT ( 'NONE',  ( 0.9000000000000051292, 0.08000000000000000167, 1.430000000000000382 ) ) ;
#8402 = CARTESIAN_POINT ( 'NONE',  ( 0.000000000000000000, 0.08000000000000000167, 0.000000000000000000 ) ) ;
#8403 = EDGE_LOOP ( 'NONE', ( #4116, #5536, #3194, #2483 ) ) ;
#8404 = DIRECTION ( 'NONE',  ( 0.7071067811865536790, 0.000000000000000000, -0.7071067811865414665 ) ) ;
#8405 = EDGE_CURVE ( 'NONE', #857, #6948, #1288, .T. ) ;
#8406 = LINE ( 'NONE', #5624, #1031 ) ;
#8407 = SURFACE_STYLE_USAGE ( .BOTH. , #3941 ) ;
#8408 = EDGE_CURVE ( 'NONE', #6426, #8887, #7001, .T. ) ;
#8409 = ORIENTED_EDGE ( 'NONE', *, *, #1535, .T. ) ;
#8410 = EDGE_CURVE ( 'NONE', #8845, #6000, #4073, .T. ) ;
#8411 = EDGE_CURVE ( 'NONE', #1944, #7971, #3937, .T. ) ;
#8412 = DIRECTION ( 'NONE',  ( 2.930276141852713954E-16, 0.000000000000000000, -1.000000000000000000 ) ) ;
#8413 = EDGE_CURVE ( 'NONE', #4159, #8606, #9011, .T. ) ;
#8414 = SURFACE_SIDE_STYLE ('',( #2683 ) ) ;
#8415 = DIRECTION ( 'NONE',  ( 5.860552283705431852E-16, 0.000000000000000000, -1.000000000000000000 ) ) ;
#8416 = DIRECTION ( 'NONE',  ( -0.000000000000000000, 1.000000000000000000, -0.000000000000000000 ) ) ;
#8417 = DIRECTION ( 'NONE',  ( 1.000000000000000000, -0.000000000000000000, 0.000000000000000000 ) ) ;
#8418 = EDGE_CURVE ( 'NONE', #5650, #6898, #9106, .T. ) ;
#8419 = CARTESIAN_POINT ( 'NONE',  ( -0.7000000000000052847, 0.08000000000000000167, -1.130000000000003668 ) ) ;
#8420 = CARTESIAN_POINT ( 'NONE',  ( 1.130000000000008997, 0.000000000000000000, 0.4999999999999898415 ) ) ;
#8421 = ORIENTED_EDGE ( 'NONE', *, *, #9036, .F. ) ;
#8422 = VERTEX_POINT ( 'NONE', #6820 ) ;
#8423 = ORIENTED_EDGE ( 'NONE', *, *, #283, .F. ) ;
#8424 = ORIENTED_EDGE ( 'NONE', *, *, #5599, .F. ) ;
#8425 = DIRECTION ( 'NONE',  ( 0.000000000000000000, 0.000000000000000000, 1.000000000000000000 ) ) ;
#8426 = DIRECTION ( 'NONE',  ( -0.7071067811865521247, 0.000000000000000000, 0.7071067811865430208 ) ) ;
#8427 = DIRECTION ( 'NONE',  ( 0.000000000000000000, 0.000000000000000000, 1.000000000000000000 ) ) ;
#8428 = SURFACE_SIDE_STYLE ('',( #1869 ) ) ;
#8429 = VERTEX_POINT ( 'NONE', #3438 ) ;
#8430 = EDGE_CURVE ( 'NONE', #8058, #3220, #5534, .T. ) ;
#8431 = PRESENTATION_STYLE_ASSIGNMENT (( #9136 ) ) ;
#8432 = DIRECTION ( 'NONE',  ( 0.000000000000000000, -1.000000000000000000, -0.000000000000000000 ) ) ;
#8433 = CARTESIAN_POINT ( 'NONE',  ( 0.000000000000000000, 0.08000000000000000167, 0.000000000000000000 ) ) ;
#8434 = CARTESIAN_POINT ( 'NONE',  ( -1.499999999999999778, 0.1049999999999999545, 1.499999999999999778 ) ) ;
#8435 = DIRECTION ( 'NONE',  ( -0.000000000000000000, 0.000000000000000000, -1.000000000000000000 ) ) ;
#8436 = ORIENTED_EDGE ( 'NONE', *, *, #4213, .F. ) ;
#8437 = ORIENTED_EDGE ( 'NONE', *, *, #4786, .T. ) ;
#8438 = CARTESIAN_POINT ( 'NONE',  ( -1.499999999999999778, 0.9699999999999999734, 1.499999999999999778 ) ) ;
#8439 = ORIENTED_EDGE ( 'NONE', *, *, #1935, .F. ) ;
#8440 = ORIENTED_EDGE ( 'NONE', *, *, #7510, .F. ) ;
#8441 = LINE ( 'NONE', #6186, #6393 ) ;
#8442 = DIRECTION ( 'NONE',  ( 0.000000000000000000, -1.000000000000000000, -0.000000000000000000 ) ) ;
#8443 = EDGE_LOOP ( 'NONE', ( #3270, #5462, #7457, #4436 ) ) ;
#8444 = DIRECTION ( 'NONE',  ( -8.673617379884028570E-16, 0.000000000000000000, 1.000000000000000000 ) ) ;
#8445 = CARTESIAN_POINT ( 'NONE',  ( 1.130000000000007443, 0.000000000000000000, -0.2999999999999899414 ) ) ;
#8446 = VERTEX_POINT ( 'NONE', #6285 ) ;
#8447 = LINE ( 'NONE', #7702, #6502 ) ;
#8448 = LINE ( 'NONE', #6324, #4594 ) ;
#8449 = FACE_OUTER_BOUND ( 'NONE', #6228, .T. ) ;
#8450 = ADVANCED_FACE ( 'NONE', ( #9058 ), #2482, .T. ) ;
#8451 = ORIENTED_EDGE ( 'NONE', *, *, #7150, .F. ) ;
#8452 = EDGE_CURVE ( 'NONE', #5440, #4057, #5486, .T. ) ;
#8453 = VECTOR ( 'NONE', #8765, 1000.000000000000000 ) ;
#8455 = AXIS2_PLACEMENT_3D ( 'NONE', #2350, #5123, #6024 ) ;
#8454 = CARTESIAN_POINT ( 'NONE',  ( 1.130000000000008997, 0.000000000000000000, -0.2999999999999898859 ) ) ;
#8456 = CARTESIAN_POINT ( 'NONE',  ( -0.09999999999999506506, 0.5005948168962619516, 1.500000000000013101 ) ) ;
#8457 = LINE ( 'NONE', #4703, #1816 ) ;
#8458 = EDGE_CURVE ( 'NONE', #7130, #4025, #4648, .T. ) ;
#8459 = DIRECTION ( 'NONE',  ( 1.084202172485504040E-15, 0.000000000000000000, -1.000000000000000000 ) ) ;
#8460 = VECTOR ( 'NONE', #4174, 1000.000000000000000 ) ;
#8461 = PLANE ( 'NONE',  #3801 ) ;
#8462 = SURFACE_STYLE_USAGE ( .BOTH. , #6300 ) ;
#8463 = EDGE_CURVE ( 'NONE', #2488, #8187, #401, .T. ) ;
#8464 = CARTESIAN_POINT ( 'NONE',  ( -0.9750000000000000888, 0.1000000000000000056, -0.8250000000000119460 ) ) ;
#8465 = ORIENTED_EDGE ( 'NONE', *, *, #3239, .T. ) ;
#8466 = COLOUR_RGB ( '',1.000000000000000000, 0.8117647058823529438, 0.5019607843137254832 ) ;
#8467 = ORIENTED_EDGE ( 'NONE', *, *, #5743, .F. ) ;
#8468 = ORIENTED_EDGE ( 'NONE', *, *, #8670, .T. ) ;
#8469 = EDGE_CURVE ( 'NONE', #9041, #6511, #1938, .T. ) ;
#8470 = DIRECTION ( 'NONE',  ( 0.000000000000000000, -1.000000000000000000, 0.000000000000000000 ) ) ;
#8471 = CARTESIAN_POINT ( 'NONE',  ( 1.130000000000003446, 0.000000000000000000, 0.9000000000000101252 ) ) ;
#8472 = CARTESIAN_POINT ( 'NONE',  ( 0.000000000000000000, 0.08000000000000000167, 0.000000000000000000 ) ) ;
#8473 = DIRECTION ( 'NONE',  ( 0.000000000000000000, -1.000000000000000000, 0.000000000000000000 ) ) ;
#8474 = FILL_AREA_STYLE_COLOUR ( '', #2525 ) ;
#8475 = DIRECTION ( 'NONE',  ( 0.000000000000000000, 0.000000000000000000, -1.000000000000000000 ) ) ;
#8476 = CARTESIAN_POINT ( 'NONE',  ( 1.000000000000004441, -0.3605551275463988459, -1.130000000000000338 ) ) ;
#8477 = CARTESIAN_POINT ( 'NONE',  ( -0.6999999999999949596, 0.07999999999999998779, 1.500000000000009992 ) ) ;
#8478 = ORIENTED_EDGE ( 'NONE', *, *, #223, .T. ) ;
#8479 = DIRECTION ( 'NONE',  ( -0.000000000000000000, -1.000000000000000000, -0.000000000000000000 ) ) ;
#8480 = EDGE_CURVE ( 'NONE', #1406, #4745, #4691, .T. ) ;
#8481 = DIRECTION ( 'NONE',  ( 0.000000000000000000, 1.000000000000000000, 0.000000000000000000 ) ) ;
#8482 = VERTEX_POINT ( 'NONE', #4738 ) ;
#8483 = ORIENTED_EDGE ( 'NONE', *, *, #1491, .F. ) ;
#8484 = CARTESIAN_POINT ( 'NONE',  ( 1.500000000000000222, 0.000000000000000000, 0.3000000000000100919 ) ) ;
#8485 = DIRECTION ( 'NONE',  ( 0.000000000000000000, 1.000000000000000000, 0.000000000000000000 ) ) ;
#8486 = EDGE_LOOP ( 'NONE', ( #8024, #3828, #3944, #6783 ) ) ;
#8487 = CARTESIAN_POINT ( 'NONE',  ( 1.430000000000000160, -1.084202172485504434E-16, 0.3000000000000102029 ) ) ;
#8488 = DIRECTION ( 'NONE',  ( 0.000000000000000000, 1.000000000000000000, 0.000000000000000000 ) ) ;
#8489 = ORIENTED_EDGE ( 'NONE', *, *, #4499, .F. ) ;
#8490 = FACE_OUTER_BOUND ( 'NONE', #570, .T. ) ;
#8491 = STYLED_ITEM ( 'NONE', ( #4191 ), #6635 ) ;
#8492 = FACE_OUTER_BOUND ( 'NONE', #8728, .T. ) ;
#8493 = VECTOR ( 'NONE', #1866, 1000.000000000000000 ) ;
#8494 = VECTOR ( 'NONE', #7561, 1000.000000000000000 ) ;
#8495 = DIRECTION ( 'NONE',  ( 0.000000000000000000, 0.000000000000000000, -1.000000000000000000 ) ) ;
#8496 = VECTOR ( 'NONE', #7278, 1000.000000000000000 ) ;
#8497 = DIRECTION ( 'NONE',  ( 1.000000000000000000, -0.000000000000000000, 0.000000000000000000 ) ) ;
#8498 = CARTESIAN_POINT ( 'NONE',  ( -0.09999999999999462097, 0.07999999999999998779, -1.500000000000009104 ) ) ;
#8499 = CARTESIAN_POINT ( 'NONE',  ( 1.000000000000004441, 0.07999999999999998779, -1.130000000000000338 ) ) ;
#8500 = PRESENTATION_LAYER_ASSIGNMENT (  '', '', ( #6254 ) ) ;
#8501 =( NAMED_UNIT ( * ) SI_UNIT ( $, .STERADIAN. ) SOLID_ANGLE_UNIT ( ) );
#8502 = CARTESIAN_POINT ( 'NONE',  ( 0.9000000000000050182, 0.07999999999999998779, 1.500000000000021316 ) ) ;
#8503 = LINE ( 'NONE', #6484, #2210 ) ;
#8504 = CARTESIAN_POINT ( 'NONE',  ( -0.09999999999999473199, -0.3605551275463988459, 1.430000000000000382 ) ) ;
#8505 = ORIENTED_EDGE ( 'NONE', *, *, #7783, .T. ) ;
#8506 = EDGE_CURVE ( 'NONE', #850, #1855, #2627, .T. ) ;
#8507 = DIRECTION ( 'NONE',  ( 0.000000000000000000, 0.000000000000000000, -1.000000000000000000 ) ) ;
#8508 = UNCERTAINTY_MEASURE_WITH_UNIT (LENGTH_MEASURE( 1.000000000000000082E-05 ), #3082, 'distance_accuracy_value', 'NONE');
#8509 = ADVANCED_FACE ( 'NONE', ( #1334, #3517 ), #1380, .F. ) ;
#8510 = VECTOR ( 'NONE', #2907, 1000.000000000000000 ) ;
#8511 = VECTOR ( 'NONE', #212, 1000.000000000000000 ) ;
#8512 = ORIENTED_EDGE ( 'NONE', *, *, #4044, .T. ) ;
#8513 = VERTEX_POINT ( 'NONE', #7094 ) ;
#8514 = EDGE_CURVE ( 'NONE', #193, #5182, #9156, .T. ) ;
#8515 = EDGE_CURVE ( 'NONE', #5117, #6132, #6438, .T. ) ;
#8516 = AXIS2_PLACEMENT_3D ( 'NONE', #4858, #8432, #3323 ) ;
#8517 = ADVANCED_FACE ( 'NONE', ( #7057 ), #1462, .F. ) ;
#8518 = FACE_OUTER_BOUND ( 'NONE', #9144, .T. ) ;
#8519 = EDGE_CURVE ( 'NONE', #1248, #5616, #5664, .T. ) ;
#8520 = DIRECTION ( 'NONE',  ( -0.000000000000000000, 1.000000000000000000, -0.000000000000000000 ) ) ;
#8521 = DIRECTION ( 'NONE',  ( 0.000000000000000000, -1.000000000000000000, 0.000000000000000000 ) ) ;
#8522 = EDGE_LOOP ( 'NONE', ( #5517, #1186, #8557, #2886 ) ) ;
#8523 = CARTESIAN_POINT ( 'NONE',  ( 1.130000000000007443, 0.000000000000000000, -0.2999999999999899414 ) ) ;
#8524 = PRESENTATION_STYLE_ASSIGNMENT (( #7084 ) ) ;
#8525 = ORIENTED_EDGE ( 'NONE', *, *, #805, .F. ) ;
#8526 = EDGE_CURVE ( 'NONE', #5006, #192, #2717, .T. ) ;
#8527 = CLOSED_SHELL ( 'NONE', ( #6198, #9093, #2677, #4840, #2133, #332, #221 ) ) ;
#8528 = VECTOR ( 'NONE', #1841, 1000.000000000000000 ) ;
#8530 = ORIENTED_EDGE ( 'NONE', *, *, #3487, .T. ) ;
#8529 = ADVANCED_FACE ( 'NONE', ( #774 ), #2057, .F. ) ;
#8531 = ORIENTED_EDGE ( 'NONE', *, *, #1587, .F. ) ;
#8532 = LINE ( 'NONE', #7133, #1933 ) ;
#8533 = PLANE ( 'NONE',  #5760 ) ;
#8534 = AXIS2_PLACEMENT_3D ( 'NONE', #1528, #7345, #5023 ) ;
#8535 = ORIENTED_EDGE ( 'NONE', *, *, #4220, .T. ) ;
#8536 = DIRECTION ( 'NONE',  ( 1.000000000000000000, 0.000000000000000000, -0.000000000000000000 ) ) ;
#8537 = STYLED_ITEM ( 'NONE', ( #5188 ), #5186 ) ;
#8538 = CARTESIAN_POINT ( 'NONE',  ( -0.7249999999999998668, 0.09999999999999999167, -0.8250000000000117240 ) ) ;
#8539 = ORIENTED_EDGE ( 'NONE', *, *, #2651, .F. ) ;
#8540 = FILL_AREA_STYLE ('',( #5667 ) ) ;
#8541 = FACE_OUTER_BOUND ( 'NONE', #7031, .T. ) ;
#8542 = AXIS2_PLACEMENT_3D ( 'NONE', #6331, #6378, #7241 ) ;
#8543 = VECTOR ( 'NONE', #2333, 1000.000000000000000 ) ;
#8544 = CARTESIAN_POINT ( 'NONE',  ( -0.9000000000000051292, -0.3605551275463988459, -1.130000000000000338 ) ) ;
#8545 = SURFACE_STYLE_USAGE ( .BOTH. , #2246 ) ;
#8546 = DIRECTION ( 'NONE',  ( -0.7071067811865521247, 0.000000000000000000, -0.7071067811865430208 ) ) ;
#8547 = AXIS2_PLACEMENT_3D ( 'NONE', #6990, #8390, #1966 ) ;
#8548 = CARTESIAN_POINT ( 'NONE',  ( -1.149999999999999689, 0.8699999999999998845, -1.024999999999999911 ) ) ;
#8549 = CARTESIAN_POINT ( 'NONE',  ( 1.130000000000008997, -0.3605551275463988459, 0.1000000000000101225 ) ) ;
#8550 = ORIENTED_EDGE ( 'NONE', *, *, #6452, .F. ) ;
#8551 = EDGE_CURVE ( 'NONE', #4001, #7898, #2855, .T. ) ;
#8552 = ORIENTED_EDGE ( 'NONE', *, *, #4369, .T. ) ;
#8553 =( NAMED_UNIT ( * ) PLANE_ANGLE_UNIT ( ) SI_UNIT ( $, .RADIAN. ) );
#8554 = DIRECTION ( 'NONE',  ( -0.000000000000000000, 0.000000000000000000, -1.000000000000000000 ) ) ;
#8555 = DIRECTION ( 'NONE',  ( -1.000000000000000000, 0.000000000000000000, 0.000000000000000000 ) ) ;
#8556 = DIRECTION ( 'NONE',  ( 1.000000000000000000, 0.000000000000000000, 0.000000000000000000 ) ) ;
#8557 = ORIENTED_EDGE ( 'NONE', *, *, #1770, .F. ) ;
#8558 = EDGE_CURVE ( 'NONE', #123, #8205, #2890, .T. ) ;
#8559 = CARTESIAN_POINT ( 'NONE',  ( -0.9000000000000051292, 0.08000000000000000167, 1.130000000000000338 ) ) ;
#8560 = DIRECTION ( 'NONE',  ( -5.860552283705430865E-16, 0.000000000000000000, 1.000000000000000000 ) ) ;
#8561 = SURFACE_STYLE_USAGE ( .BOTH. , #1447 ) ;
#8562 = ORIENTED_EDGE ( 'NONE', *, *, #7270, .T. ) ;
#8563 = FACE_OUTER_BOUND ( 'NONE', #5940, .T. ) ;
#8564 = ORIENTED_EDGE ( 'NONE', *, *, #6048, .T. ) ;
#8565 = ADVANCED_FACE ( 'NONE', ( #7925 ), #2103, .F. ) ;
#8566 = ORIENTED_EDGE ( 'NONE', *, *, #4095, .F. ) ;
#8567 = ORIENTED_EDGE ( 'NONE', *, *, #7721, .F. ) ;
#8568 = CARTESIAN_POINT ( 'NONE',  ( -1.099999999999994760, 0.07999999999999998779, -1.130000000000014326 ) ) ;
#8569 = ADVANCED_FACE ( 'NONE', ( #5753 ), #2186, .F. ) ;
#8570 = PLANE ( 'NONE',  #7866 ) ;
#8571 = EDGE_LOOP ( 'NONE', ( #4522, #4346, #3600, #1621 ) ) ;
#8572 = DIRECTION ( 'NONE',  ( -0.000000000000000000, -1.000000000000000000, -0.000000000000000000 ) ) ;
#8573 = FACE_OUTER_BOUND ( 'NONE', #617, .T. ) ;
#8574 = CARTESIAN_POINT ( 'NONE',  ( 1.100000000000004974, 0.5005948168962619516, -1.130000000000000338 ) ) ;
#8575 = SURFACE_SIDE_STYLE ('',( #2857 ) ) ;
#8576 = DIRECTION ( 'NONE',  ( -0.7071067811865521247, 0.000000000000000000, -0.7071067811865430208 ) ) ;
#8577 = EDGE_LOOP ( 'NONE', ( #3728, #1775, #4199, #8439 ) ) ;
#8578 = DIRECTION ( 'NONE',  ( 1.000000000000000000, 0.000000000000000000, 0.000000000000000000 ) ) ;
#8579 = UNCERTAINTY_MEASURE_WITH_UNIT (LENGTH_MEASURE( 1.000000000000000082E-05 ), #7768, 'distance_accuracy_value', 'NONE');
#8580 =( NAMED_UNIT ( * ) PLANE_ANGLE_UNIT ( ) SI_UNIT ( $, .RADIAN. ) );
#8581 = FACE_OUTER_BOUND ( 'NONE', #4309, .T. ) ;
#8582 = LINE ( 'NONE', #5630, #1341 ) ;
#8583 = CARTESIAN_POINT ( 'NONE',  ( -0.6999999999999949596, 0.000000000000000000, 1.130000000000010330 ) ) ;
#8584 = AXIS2_PLACEMENT_3D ( 'NONE', #835, #1580, #3724 ) ;
#8585 = VERTEX_POINT ( 'NONE', #1415 ) ;
#8586 = DIRECTION ( 'NONE',  ( -0.000000000000000000, -1.000000000000000000, -0.000000000000000000 ) ) ;
#8587 = VERTEX_POINT ( 'NONE', #6370 ) ;
#8588 = DIRECTION ( 'NONE',  ( 0.000000000000000000, 1.000000000000000000, 0.000000000000000000 ) ) ;
#8589 = VECTOR ( 'NONE', #2499, 1000.000000000000000 ) ;
#8590 = DIRECTION ( 'NONE',  ( 1.000000000000000000, 0.000000000000000000, 0.000000000000000000 ) ) ;
#8591 =( LENGTH_UNIT ( ) NAMED_UNIT ( * ) SI_UNIT ( .MILLI., .METRE. ) );
#8592 = ORIENTED_EDGE ( 'NONE', *, *, #4672, .T. ) ;
#8593 = UNCERTAINTY_MEASURE_WITH_UNIT (LENGTH_MEASURE( 1.000000000000000082E-05 ), #7389, 'distance_accuracy_value', 'NONE');
#8594 = ORIENTED_EDGE ( 'NONE', *, *, #2649, .F. ) ;
#8595 =( GEOMETRIC_REPRESENTATION_CONTEXT ( 3 ) GLOBAL_UNCERTAINTY_ASSIGNED_CONTEXT ( ( #9270 ) ) GLOBAL_UNIT_ASSIGNED_CONTEXT ( ( #2013, #6912, #7650 ) ) REPRESENTATION_CONTEXT ( 'NONE', 'WORKASPACE' ) );
#8596 = DIRECTION ( 'NONE',  ( 0.000000000000000000, -1.000000000000000000, 0.000000000000000000 ) ) ;
#8597 = VECTOR ( 'NONE', #320, 1000.000000000000000 ) ;
#8598 = COLOUR_RGB ( '',1.000000000000000000, 0.8117647058823529438, 0.5019607843137254832 ) ;
#8599 = CARTESIAN_POINT ( 'NONE',  ( 0.9000000000000051292, -0.3605551275463988459, -1.130000000000000338 ) ) ;
#8600 =( NAMED_UNIT ( * ) PLANE_ANGLE_UNIT ( ) SI_UNIT ( $, .RADIAN. ) );
#8601 = ORIENTED_EDGE ( 'NONE', *, *, #5009, .F. ) ;
#8602 = CARTESIAN_POINT ( 'NONE',  ( 1.430000000000000160, -0.3605551275463988459, 1.099999999999989875 ) ) ;
#8603 = ADVANCED_FACE ( 'NONE', ( #4214 ), #1514, .T. ) ;
#8604 = DIRECTION ( 'NONE',  ( -0.000000000000000000, -1.000000000000000000, -0.000000000000000000 ) ) ;
#8605 = VERTEX_POINT ( 'NONE', #6321 ) ;
#8606 = VERTEX_POINT ( 'NONE', #4258 ) ;
#8607 = VECTOR ( 'NONE', #7606, 1000.000000000000000 ) ;
#8608 = DIRECTION ( 'NONE',  ( -0.000000000000000000, -1.000000000000000000, -0.000000000000000000 ) ) ;
#8609 = ADVANCED_FACE ( 'NONE', ( #9246 ), #2801, .F. ) ;
#8610 = ORIENTED_EDGE ( 'NONE', *, *, #4572, .F. ) ;
#8611 = ORIENTED_EDGE ( 'NONE', *, *, #8259, .T. ) ;
#8612 = FACE_OUTER_BOUND ( 'NONE', #6722, .T. ) ;
#8613 = DIRECTION ( 'NONE',  ( 0.000000000000000000, 0.000000000000000000, 1.000000000000000000 ) ) ;
#8614 = EDGE_CURVE ( 'NONE', #661, #496, #723, .T. ) ;
#8615 = DIRECTION ( 'NONE',  ( 0.000000000000000000, 0.000000000000000000, -1.000000000000000000 ) ) ;
#8616 = DIRECTION ( 'NONE',  ( 0.000000000000000000, 0.000000000000000000, 1.000000000000000000 ) ) ;
#8617 = CARTESIAN_POINT ( 'NONE',  ( 1.430000000000000160, -0.3605551275463988459, -0.2999999999999898859 ) ) ;
#8618 = ORIENTED_EDGE ( 'NONE', *, *, #7153, .T. ) ;
#8619 = CARTESIAN_POINT ( 'NONE',  ( 1.130000000000010330, 0.08000000000000000167, -0.8999999999999896971 ) ) ;
#8620 = DIRECTION ( 'NONE',  ( -0.000000000000000000, -0.000000000000000000, -1.000000000000000000 ) ) ;
#8621 = EDGE_CURVE ( 'NONE', #8319, #5066, #1746, .T. ) ;
#8622 = ORIENTED_EDGE ( 'NONE', *, *, #4693, .T. ) ;
#8623 = DIRECTION ( 'NONE',  ( 0.000000000000000000, -0.000000000000000000, 1.000000000000000000 ) ) ;
#8624 = EDGE_CURVE ( 'NONE', #2381, #9180, #8803, .T. ) ;
#8625 = EDGE_CURVE ( 'NONE', #8482, #5936, #3038, .T. ) ;
#8626 = DIRECTION ( 'NONE',  ( 1.000000000000000000, 0.000000000000000000, 0.000000000000000000 ) ) ;
#8627 =( LENGTH_UNIT ( ) NAMED_UNIT ( * ) SI_UNIT ( .MILLI., .METRE. ) );
#8628 = EDGE_CURVE ( 'NONE', #9228, #5396, #3084, .T. ) ;
#8629 = DIRECTION ( 'NONE',  ( -0.000000000000000000, 0.000000000000000000, -1.000000000000000000 ) ) ;
#8630 = VECTOR ( 'NONE', #4047, 1000.000000000000000 ) ;
#8631 = LINE ( 'NONE', #8034, #8453 ) ;
#8632 = LINE ( 'NONE', #7942, #6734 ) ;
#8633 = STYLED_ITEM ( 'NONE', ( #1700 ), #573 ) ;
#8634 = CARTESIAN_POINT ( 'NONE',  ( 1.130000000000007443, 0.5005948168962619516, -0.2999999999999899414 ) ) ;
#8635 = ORIENTED_EDGE ( 'NONE', *, *, #4682, .F. ) ;
#8636 = CARTESIAN_POINT ( 'NONE',  ( -1.430000000000000160, 0.08000000000000000167, 0.1000000000000101225 ) ) ;
#8637 = ORIENTED_EDGE ( 'NONE', *, *, #4027, .F. ) ;
#8638 = ORIENTED_EDGE ( 'NONE', *, *, #6452, .T. ) ;
#8639 = CARTESIAN_POINT ( 'NONE',  ( 1.500000000000000222, 0.9699999999999999734, -1.500000000000000222 ) ) ;
#8640 =( NAMED_UNIT ( * ) PLANE_ANGLE_UNIT ( ) SI_UNIT ( $, .RADIAN. ) );
#8641 = FACE_OUTER_BOUND ( 'NONE', #2718, .T. ) ;
#8642 = VECTOR ( 'NONE', #5809, 1000.000000000000000 ) ;
#8643 = AXIS2_PLACEMENT_3D ( 'NONE', #194, #8790, #5985 ) ;
#8644 = LINE ( 'NONE', #7300, #8660 ) ;
#8645 = UNCERTAINTY_MEASURE_WITH_UNIT (LENGTH_MEASURE( 1.000000000000000082E-05 ), #8891, 'distance_accuracy_value', 'NONE');
#8646 = ORIENTED_EDGE ( 'NONE', *, *, #1425, .F. ) ;
#8647 = DIRECTION ( 'NONE',  ( -1.000000000000000000, 0.000000000000000000, 0.000000000000000000 ) ) ;
#8648 = CARTESIAN_POINT ( 'NONE',  ( 1.130000000000007443, 0.000000000000000000, -0.09999999999998984701 ) ) ;
#8649 = SURFACE_STYLE_FILL_AREA ( #5787 ) ;
#8650 = ORIENTED_EDGE ( 'NONE', *, *, #9154, .T. ) ;
#8651 = VECTOR ( 'NONE', #5924, 1000.000000000000000 ) ;
#8652 = AXIS2_PLACEMENT_3D ( 'NONE', #6743, #4754, #1080 ) ;
#8653 = CARTESIAN_POINT ( 'NONE',  ( -0.2999999999999948264, -0.3605551275463988459, -1.430000000000000382 ) ) ;
#8654 = LINE ( 'NONE', #5089, #6685 ) ;
#8655 = ORIENTED_EDGE ( 'NONE', *, *, #1773, .F. ) ;
#8656 = DIRECTION ( 'NONE',  ( 0.000000000000000000, 0.000000000000000000, 1.000000000000000000 ) ) ;
#8657 = ORIENTED_EDGE ( 'NONE', *, *, #2030, .T. ) ;
#8658 = ORIENTED_EDGE ( 'NONE', *, *, #2429, .T. ) ;
#8659 = DIRECTION ( 'NONE',  ( -5.860552283705430865E-16, 0.000000000000000000, 1.000000000000000000 ) ) ;
#8660 = VECTOR ( 'NONE', #6602, 1000.000000000000000 ) ;
#8661 = VECTOR ( 'NONE', #836, 1000.000000000000000 ) ;
#8662 = CARTESIAN_POINT ( 'NONE',  ( 1.000000000000005107, 0.07999999999999998779, 1.130000000000021210 ) ) ;
#8663 = ORIENTED_EDGE ( 'NONE', *, *, #3894, .F. ) ;
#8664 = DIRECTION ( 'NONE',  ( -1.000000000000000000, 0.000000000000000000, 0.000000000000000000 ) ) ;
#8665 = COLOUR_RGB ( '',1.000000000000000000, 0.8117647058823529438, 0.5019607843137254832 ) ;
#8666 = CARTESIAN_POINT ( 'NONE',  ( 1.500000000000004885, 0.000000000000000000, 0.5000000000000099920 ) ) ;
#8667 = DIRECTION ( 'NONE',  ( 2.930276141852713954E-16, 0.000000000000000000, 1.000000000000000000 ) ) ;
#8668 = ORIENTED_EDGE ( 'NONE', *, *, #6049, .T. ) ;
#8669 = CARTESIAN_POINT ( 'NONE',  ( -0.5000000000000052180, 0.08000000000000000167, -1.130000000000003668 ) ) ;
#8670 = EDGE_CURVE ( 'NONE', #7645, #9228, #3000, .T. ) ;
#8671 = FACE_OUTER_BOUND ( 'NONE', #8841, .T. ) ;
#8672 = VECTOR ( 'NONE', #2552, 1000.000000000000000 ) ;
#8673 = VERTEX_POINT ( 'NONE', #3837 ) ;
#8674 = AXIS2_PLACEMENT_3D ( 'NONE', #1490, #5075, #7950 ) ;
#8675 = DIRECTION ( 'NONE',  ( 0.000000000000000000, -1.000000000000000000, 0.000000000000000000 ) ) ;
#8676 = STYLED_ITEM ( 'NONE', ( #8431 ), #5359 ) ;
#8677 = DIRECTION ( 'NONE',  ( 0.000000000000000000, 0.000000000000000000, 1.000000000000000000 ) ) ;
#8678 = FILL_AREA_STYLE_COLOUR ( '', #3745 ) ;
#8679 = AXIS2_PLACEMENT_3D ( 'NONE', #1157, #4828, #450 ) ;
#8680 = EDGE_CURVE ( 'NONE', #8067, #6824, #7469, .T. ) ;
#8681 = DIRECTION ( 'NONE',  ( 0.000000000000000000, 0.000000000000000000, 1.000000000000000000 ) ) ;
#8682 = VECTOR ( 'NONE', #1541, 1000.000000000000000 ) ;
#8683 = EDGE_CURVE ( 'NONE', #8787, #6972, #4442, .T. ) ;
#8684 = PLANE ( 'NONE',  #1047 ) ;
#8685 = ORIENTED_EDGE ( 'NONE', *, *, #4027, .T. ) ;
#8686 = EDGE_CURVE ( 'NONE', #8047, #4976, #6626, .T. ) ;
#8687 = CARTESIAN_POINT ( 'NONE',  ( 1.100000000000004974, -1.084202172485504434E-16, -1.229999999999999760 ) ) ;
#8688 = VECTOR ( 'NONE', #7467, 1000.000000000000000 ) ;
#8689 = CARTESIAN_POINT ( 'NONE',  ( -1.130000000000010330, -1.084202172485504434E-16, 0.8999999999999896971 ) ) ;
#8690 = DIRECTION ( 'NONE',  ( 0.000000000000000000, 0.000000000000000000, -1.000000000000000000 ) ) ;
#8691 = DIRECTION ( 'NONE',  ( -0.000000000000000000, -1.000000000000000000, -0.000000000000000000 ) ) ;
#8692 = EDGE_CURVE ( 'NONE', #6569, #6253, #8756, .T. ) ;
#8693 = LINE ( 'NONE', #8775, #8892 ) ;
#8694 = DIRECTION ( 'NONE',  ( 0.000000000000000000, 0.000000000000000000, 1.000000000000000000 ) ) ;
#8695 = CARTESIAN_POINT ( 'NONE',  ( -1.430000000000000160, -0.3605551275463988459, 0.1000000000000101225 ) ) ;
#8696 = SURFACE_SIDE_STYLE ('',( #7955 ) ) ;
#8697 = ORIENTED_EDGE ( 'NONE', *, *, #4835, .T. ) ;
#8698 = ORIENTED_EDGE ( 'NONE', *, *, #8978, .T. ) ;
#8699 = DIRECTION ( 'NONE',  ( 1.000000000000000000, 0.000000000000000000, -0.000000000000000000 ) ) ;
#8700 = CARTESIAN_POINT ( 'NONE',  ( -1.129999999999999893, 0.5005948168962619516, -0.8999999999999896971 ) ) ;
#8701 = LINE ( 'NONE', #5228, #6560 ) ;
#8702 = EDGE_LOOP ( 'NONE', ( #4734, #2578, #1515, #7435 ) ) ;
#8703 = FACE_OUTER_BOUND ( 'NONE', #1675, .T. ) ;
#8704 = FACE_OUTER_BOUND ( 'NONE', #376, .T. ) ;
#8705 = ORIENTED_EDGE ( 'NONE', *, *, #5119, .F. ) ;
#8706 = EDGE_CURVE ( 'NONE', #2551, #7021, #911, .T. ) ;
#8707 = EDGE_LOOP ( 'NONE', ( #8483, #7356, #1241, #3274 ) ) ;
#8708 = SURFACE_SIDE_STYLE ('',( #7369 ) ) ;
#8709 = CARTESIAN_POINT ( 'NONE',  ( 1.500000000000000222, 0.000000000000000000, 1.499999999999999778 ) ) ;
#8710 = FILL_AREA_STYLE ('',( #154 ) ) ;
#8711 = DIRECTION ( 'NONE',  ( 0.000000000000000000, 1.000000000000000000, 0.000000000000000000 ) ) ;
#8712 = CARTESIAN_POINT ( 'NONE',  ( -1.100000000000004974, 0.000000000000000000, -1.229999999999999760 ) ) ;
#8713 = ORIENTED_EDGE ( 'NONE', *, *, #524, .F. ) ;
#8714 = CARTESIAN_POINT ( 'NONE',  ( -0.5000000000000052180, -0.3605551275463988459, 1.130000000000003668 ) ) ;
#8715 = CARTESIAN_POINT ( 'NONE',  ( -1.130000000000010330, 0.08000000000000000167, 0.9999999999999900080 ) ) ;
#8716 = CARTESIAN_POINT ( 'NONE',  ( 0.5000000000000052180, -0.3605551275463988459, 1.430000000000000382 ) ) ;
#8717 = DIRECTION ( 'NONE',  ( -0.000000000000000000, 1.000000000000000000, -0.000000000000000000 ) ) ;
#8718 = CARTESIAN_POINT ( 'NONE',  ( -1.499999999999999778, 0.07999999999999998779, -1.099999999999989875 ) ) ;
#8719 = LINE ( 'NONE', #5300, #5540 ) ;
#8720 = EDGE_CURVE ( 'NONE', #519, #9184, #103, .T. ) ;
#8721 = CYLINDRICAL_SURFACE ( 'NONE', #5071, 0.1250000000000003331 ) ;
#8722 = DIRECTION ( 'NONE',  ( 1.000000000000000000, 0.000000000000000000, 0.000000000000000000 ) ) ;
#8723 = DIRECTION ( 'NONE',  ( 1.000000000000000000, 0.000000000000000000, 0.000000000000000000 ) ) ;
#8724 = EDGE_CURVE ( 'NONE', #8088, #4582, #5193, .T. ) ;
#8725 = DIRECTION ( 'NONE',  ( -0.000000000000000000, -1.000000000000000000, -0.000000000000000000 ) ) ;
#8726 = ORIENTED_EDGE ( 'NONE', *, *, #2759, .T. ) ;
#8727 =( NAMED_UNIT ( * ) PLANE_ANGLE_UNIT ( ) SI_UNIT ( $, .RADIAN. ) );
#8728 = EDGE_LOOP ( 'NONE', ( #4820, #186, #8299, #6336 ) ) ;
#8729 = EDGE_CURVE ( 'NONE', #1276, #6764, #5247, .T. ) ;
#8730 = DIRECTION ( 'NONE',  ( 0.000000000000000000, 0.000000000000000000, -1.000000000000000000 ) ) ;
#8731 = CARTESIAN_POINT ( 'NONE',  ( 0.7000000000000052847, -0.3605551275463988459, 1.430000000000000382 ) ) ;
#8732 = CARTESIAN_POINT ( 'NONE',  ( -1.430000000000000160, -1.084202172485504434E-16, -0.09999999999998980538 ) ) ;
#8733 = SURFACE_SIDE_STYLE ('',( #6601 ) ) ;
#8734 =( GEOMETRIC_REPRESENTATION_CONTEXT ( 3 ) GLOBAL_UNCERTAINTY_ASSIGNED_CONTEXT ( ( #8736 ) ) GLOBAL_UNIT_ASSIGNED_CONTEXT ( ( #7867, #4248, #2846 ) ) REPRESENTATION_CONTEXT ( 'NONE', 'WORKASPACE' ) );
#8735 = PLANE ( 'NONE',  #3715 ) ;
#8736 = UNCERTAINTY_MEASURE_WITH_UNIT (LENGTH_MEASURE( 1.000000000000000082E-05 ), #7867, 'distance_accuracy_value', 'NONE');
#8737 = ORIENTED_EDGE ( 'NONE', *, *, #858, .T. ) ;
#8738 = EDGE_CURVE ( 'NONE', #1318, #3871, #3792, .T. ) ;
#8739 = VECTOR ( 'NONE', #1260, 1000.000000000000000 ) ;
#8740 = VECTOR ( 'NONE', #5378, 1000.000000000000000 ) ;
#8741 = EDGE_CURVE ( 'NONE', #6850, #8429, #2284, .T. ) ;
#8742 = DIRECTION ( 'NONE',  ( -1.000000000000000000, 0.000000000000000000, 0.000000000000000000 ) ) ;
#8743 = PLANE ( 'NONE',  #6379 ) ;
#8744 = DIRECTION ( 'NONE',  ( 1.000000000000000000, -0.000000000000000000, -0.000000000000000000 ) ) ;
#8745 = CARTESIAN_POINT ( 'NONE',  ( -1.100000000000004974, -0.3605551275463988459, 1.430000000000000382 ) ) ;
#8746 = ORIENTED_EDGE ( 'NONE', *, *, #1100, .T. ) ;
#8747 = ORIENTED_EDGE ( 'NONE', *, *, #5370, .F. ) ;
#8748 = SURFACE_SIDE_STYLE ('',( #8324 ) ) ;
#8749 = ORIENTED_EDGE ( 'NONE', *, *, #158, .F. ) ;
#8750 = VECTOR ( 'NONE', #2490, 1000.000000000000000 ) ;
#8751 =( LENGTH_UNIT ( ) NAMED_UNIT ( * ) SI_UNIT ( .MILLI., .METRE. ) );
#8752 = DIRECTION ( 'NONE',  ( -1.000000000000000000, 0.000000000000000000, 0.000000000000000000 ) ) ;
#8753 = EDGE_LOOP ( 'NONE', ( #2124, #4321, #4730, #6825 ) ) ;
#8754 = DIRECTION ( 'NONE',  ( 1.000000000000000000, 0.000000000000000000, 0.000000000000000000 ) ) ;
#8755 = PRESENTATION_LAYER_ASSIGNMENT (  '', '', ( #3521 ) ) ;
#8756 = LINE ( 'NONE', #8712, #6885 ) ;
#8757 = ORIENTED_EDGE ( 'NONE', *, *, #7929, .T. ) ;
#8758 = VECTOR ( 'NONE', #8827, 1000.000000000000000 ) ;
#8759 = VECTOR ( 'NONE', #1320, 1000.000000000000000 ) ;
#8760 = CARTESIAN_POINT ( 'NONE',  ( -1.500000000000006439, 0.5005948168962619516, 1.100000000000010303 ) ) ;
#8761 = SURFACE_SIDE_STYLE ('',( #8030 ) ) ;
#8762 = PLANE ( 'NONE',  #8096 ) ;
#8763 = LINE ( 'NONE', #8718, #6515 ) ;
#8764 = DIRECTION ( 'NONE',  ( 1.000000000000000000, 0.000000000000000000, 1.084202172485504631E-15 ) ) ;
#8765 = DIRECTION ( 'NONE',  ( -0.000000000000000000, -1.000000000000000000, -0.000000000000000000 ) ) ;
#8766 = FACE_OUTER_BOUND ( 'NONE', #3897, .T. ) ;
#8767 = CARTESIAN_POINT ( 'NONE',  ( 1.130000000000008997, 0.08000000000000000167, 0.4999999999999898415 ) ) ;
#8768 = EDGE_LOOP ( 'NONE', ( #3920, #1498, #7037, #6105, #8858 ) ) ;
#8769 = CARTESIAN_POINT ( 'NONE',  ( 1.430000000000000160, -1.084202172485504434E-16, 0.4999999999999898415 ) ) ;
#8770 = ORIENTED_EDGE ( 'NONE', *, *, #8126, .F. ) ;
#8771 = ORIENTED_EDGE ( 'NONE', *, *, #2375, .T. ) ;
#8772 = VECTOR ( 'NONE', #4289, 1000.000000000000000 ) ;
#8773 = LINE ( 'NONE', #6736, #8597 ) ;
#8774 = DIRECTION ( 'NONE',  ( 0.000000000000000000, 0.000000000000000000, -1.000000000000000000 ) ) ;
#8775 = CARTESIAN_POINT ( 'NONE',  ( 0.5000000000000048850, 0.07999999999999998779, 1.130000000000018767 ) ) ;
#8776 = DIRECTION ( 'NONE',  ( -1.000000000000000000, -0.000000000000000000, -0.000000000000000000 ) ) ;
#8777 =( LENGTH_UNIT ( ) NAMED_UNIT ( * ) SI_UNIT ( .MILLI., .METRE. ) );
#8778 = PRESENTATION_LAYER_ASSIGNMENT (  '', '', ( #8491 ) ) ;
#8779 = LINE ( 'NONE', #2354, #7028 ) ;
#8780 = ADVANCED_FACE ( 'NONE', ( #1050 ), #5146, .F. ) ;
#8781 = AXIS2_PLACEMENT_3D ( 'NONE', #890, #7361, #4620 ) ;
#8782 = AXIS2_PLACEMENT_3D ( 'NONE', #5151, #2189, #3611 ) ;
#8783 = EDGE_CURVE ( 'NONE', #5425, #968, #6667, .T. ) ;
#8784 = FACE_OUTER_BOUND ( 'NONE', #5937, .T. ) ;
#8785 =( LENGTH_UNIT ( ) NAMED_UNIT ( * ) SI_UNIT ( .MILLI., .METRE. ) );
#8786 = VECTOR ( 'NONE', #8345, 1000.000000000000000 ) ;
#8787 = VERTEX_POINT ( 'NONE', #860 ) ;
#8788 = DIRECTION ( 'NONE',  ( 1.000000000000000000, 0.000000000000000000, 0.000000000000000000 ) ) ;
#8789 = ORIENTED_EDGE ( 'NONE', *, *, #8741, .F. ) ;
#8790 = DIRECTION ( 'NONE',  ( 0.000000000000000000, -1.000000000000000000, 0.000000000000000000 ) ) ;
#8792 = VERTEX_POINT ( 'NONE', #159 ) ;
#8791 = EDGE_CURVE ( 'NONE', #2049, #1749, #3753, .T. ) ;
#8793 = MECHANICAL_DESIGN_GEOMETRIC_PRESENTATION_REPRESENTATION (  '', ( #6254 ), #8062 ) ;
#8794 = ADVANCED_FACE ( 'NONE', ( #1606 ), #1657, .F. ) ;
#8795 = CARTESIAN_POINT ( 'NONE',  ( -0.9000000000000051292, -1.084202172485504434E-16, 1.130000000000000338 ) ) ;
#8796 = EDGE_CURVE ( 'NONE', #6362, #3, #8346, .T. ) ;
#8797 = EDGE_CURVE ( 'NONE', #2662, #6727, #4773, .T. ) ;
#8798 = CARTESIAN_POINT ( 'NONE',  ( -0.9999999999999950040, 0.07999999999999998779, -1.130000000000014326 ) ) ;
#8799 = VECTOR ( 'NONE', #9293, 1000.000000000000000 ) ;
#8800 = ORIENTED_EDGE ( 'NONE', *, *, #9212, .F. ) ;
#8801 = FACE_OUTER_BOUND ( 'NONE', #7023, .T. ) ;
#8802 = FILL_AREA_STYLE_COLOUR ( '', #4597 ) ;
#8803 = LINE ( 'NONE', #5102, #909 ) ;
#8804 = EDGE_LOOP ( 'NONE', ( #30, #5654, #9003, #8900 ) ) ;
#8805 = VERTEX_POINT ( 'NONE', #9088 ) ;
#8806 = FACE_OUTER_BOUND ( 'NONE', #8486, .T. ) ;
#8807 = AXIS2_PLACEMENT_3D ( 'NONE', #1669, #1713, #8723 ) ;
#8808 = STYLED_ITEM ( 'NONE', ( #1015 ), #3017 ) ;
#8809 = PLANE ( 'NONE',  #731 ) ;
#8810 = CARTESIAN_POINT ( 'NONE',  ( 1.130000000000003446, 0.07999999999999998779, 0.9000000000000101252 ) ) ;
#8811 = VECTOR ( 'NONE', #2380, 1000.000000000000000 ) ;
#8812 = DIRECTION ( 'NONE',  ( 0.000000000000000000, -0.000000000000000000, 1.000000000000000000 ) ) ;
#8813 = LINE ( 'NONE', #1965, #5663 ) ;
#8814 = CARTESIAN_POINT ( 'NONE',  ( 0.7000000000000052847, -1.084202172485504434E-16, 1.430000000000000382 ) ) ;
#8815 = DIRECTION ( 'NONE',  ( -1.000000000000000000, 0.000000000000000000, 0.000000000000000000 ) ) ;
#8816 =( GEOMETRIC_REPRESENTATION_CONTEXT ( 3 ) GLOBAL_UNCERTAINTY_ASSIGNED_CONTEXT ( ( #1537 ) ) GLOBAL_UNIT_ASSIGNED_CONTEXT ( ( #9038, #381, #426 ) ) REPRESENTATION_CONTEXT ( 'NONE', 'WORKASPACE' ) );
#8817 = CARTESIAN_POINT ( 'NONE',  ( 0.9000000000000051292, 0.000000000000000000, 1.130000000000000338 ) ) ;
#8818 = SURFACE_STYLE_FILL_AREA ( #3712 ) ;
#8819 = AXIS2_PLACEMENT_3D ( 'NONE', #3535, #3578, #829 ) ;
#8820 = LINE ( 'NONE', #2908, #6405 ) ;
#8821 = ORIENTED_EDGE ( 'NONE', *, *, #5059, .F. ) ;
#8822 = VECTOR ( 'NONE', #6309, 1000.000000000000000 ) ;
#8823 = PRESENTATION_STYLE_ASSIGNMENT (( #215 ) ) ;
#8824 = VERTEX_POINT ( 'NONE', #6135 ) ;
#8825 = VERTEX_POINT ( 'NONE', #9002 ) ;
#8826 = AXIS2_PLACEMENT_3D ( 'NONE', #8032, #3798, #8911 ) ;
#8827 = DIRECTION ( 'NONE',  ( 0.7071067811865536790, 0.000000000000000000, 0.7071067811865414665 ) ) ;
#8828 = LINE ( 'NONE', #1577, #7157 ) ;
#8829 = VECTOR ( 'NONE', #5532, 1000.000000000000000 ) ;
#8830 = DIRECTION ( 'NONE',  ( -1.000000000000000000, -0.000000000000000000, -0.000000000000000000 ) ) ;
#8831 = DIRECTION ( 'NONE',  ( 0.000000000000000000, 0.000000000000000000, 1.000000000000000000 ) ) ;
#8832 = DIRECTION ( 'NONE',  ( 1.000000000000000000, 0.000000000000000000, 0.000000000000000000 ) ) ;
#8833 = CARTESIAN_POINT ( 'NONE',  ( 0.3000000000000051514, 0.07999999999999998779, 1.130000000000015881 ) ) ;
#8834 = ORIENTED_EDGE ( 'NONE', *, *, #4501, .F. ) ;
#8835 = VERTEX_POINT ( 'NONE', #1188 ) ;
#8836 = VECTOR ( 'NONE', #1247, 1000.000000000000000 ) ;
#8837 = STYLED_ITEM ( 'NONE', ( #2036 ), #521 ) ;
#8838 = VECTOR ( 'NONE', #4816, 1000.000000000000000 ) ;
#8839 = CARTESIAN_POINT ( 'NONE',  ( -0.2999999999999950484, 0.07999999999999998779, 1.130000000000013216 ) ) ;
#8840 =( NAMED_UNIT ( * ) SI_UNIT ( $, .STERADIAN. ) SOLID_ANGLE_UNIT ( ) );
#8841 = EDGE_LOOP ( 'NONE', ( #6711, #3769, #6207, #1093 ) ) ;
#8842 = LINE ( 'NONE', #1688, #2653 ) ;
#8843 = FILL_AREA_STYLE ('',( #6614 ) ) ;
#8844 = ORIENTED_EDGE ( 'NONE', *, *, #2838, .T. ) ;
#8845 = VERTEX_POINT ( 'NONE', #6222 ) ;
#8846 =( NAMED_UNIT ( * ) PLANE_ANGLE_UNIT ( ) SI_UNIT ( $, .RADIAN. ) );
#8847 = EDGE_CURVE ( 'NONE', #1548, #1381, #2661, .T. ) ;
#8848 = ORIENTED_EDGE ( 'NONE', *, *, #7673, .F. ) ;
#8849 = EDGE_CURVE ( 'NONE', #8047, #8605, #2576, .T. ) ;
#8850 = ORIENTED_EDGE ( 'NONE', *, *, #816, .T. ) ;
#8851 = DIRECTION ( 'NONE',  ( 0.000000000000000000, 0.000000000000000000, 1.000000000000000000 ) ) ;
#8852 = ADVANCED_FACE ( 'NONE', ( #3327 ), #5438, .F. ) ;
#8853 = PRESENTATION_STYLE_ASSIGNMENT (( #3183 ) ) ;
#8854 = CARTESIAN_POINT ( 'NONE',  ( -1.430000000000000160, -0.3605551275463988459, -0.8999999999999896971 ) ) ;
#8855 = VERTEX_POINT ( 'NONE', #8213 ) ;
#8856 = DIRECTION ( 'NONE',  ( -1.000000000000000000, 0.000000000000000000, 0.000000000000000000 ) ) ;
#8857 = ADVANCED_FACE ( 'NONE', ( #539 ), #7552, .F. ) ;
#8858 = ORIENTED_EDGE ( 'NONE', *, *, #3371, .F. ) ;
#8859 = CARTESIAN_POINT ( 'NONE',  ( 1.230000000000011973, 0.000000000000000000, -1.099999999999989875 ) ) ;
#8860 = DIRECTION ( 'NONE',  ( 1.000000000000000000, -0.000000000000000000, -0.000000000000000000 ) ) ;
#8861 = EDGE_CURVE ( 'NONE', #8967, #6972, #7640, .T. ) ;
#8862 = LINE ( 'NONE', #258, #3458 ) ;
#8863 = SURFACE_STYLE_USAGE ( .BOTH. , #2334 ) ;
#8864 = LINE ( 'NONE', #4596, #5241 ) ;
#8865 = ORIENTED_EDGE ( 'NONE', *, *, #3700, .F. ) ;
#8866 = EDGE_CURVE ( 'NONE', #1936, #7085, #6088, .T. ) ;
#8867 = CARTESIAN_POINT ( 'NONE',  ( -1.229999999999999316, 0.000000000000000000, -1.099999999999989875 ) ) ;
#8868 =( NAMED_UNIT ( * ) SI_UNIT ( $, .STERADIAN. ) SOLID_ANGLE_UNIT ( ) );
#8869 = CARTESIAN_POINT ( 'NONE',  ( -1.130000000000008997, 0.000000000000000000, -0.4999999999999898415 ) ) ;
#8870 = DIRECTION ( 'NONE',  ( 1.000000000000000000, -0.000000000000000000, -0.000000000000000000 ) ) ;
#8871 = VERTEX_POINT ( 'NONE', #1793 ) ;
#8872 = VERTEX_POINT ( 'NONE', #8946 ) ;
#8873 = LINE ( 'NONE', #3159, #7960 ) ;
#8874 = CARTESIAN_POINT ( 'NONE',  ( 1.100000000000004974, 0.08000000000000000167, -1.229999999999999760 ) ) ;
#8875 = FACE_OUTER_BOUND ( 'NONE', #7577, .T. ) ;
#8876 = DIRECTION ( 'NONE',  ( 0.000000000000000000, 0.000000000000000000, 1.000000000000000000 ) ) ;
#8877 = PLANE ( 'NONE',  #549 ) ;
#8878 = CARTESIAN_POINT ( 'NONE',  ( -0.09999999999999506506, 0.07999999999999998779, 1.500000000000013101 ) ) ;
#8879 = DIRECTION ( 'NONE',  ( 1.000000000000000000, 0.000000000000000000, -0.000000000000000000 ) ) ;
#8880 = VERTEX_POINT ( 'NONE', #3184 ) ;
#8881 = PLANE ( 'NONE',  #6594 ) ;
#8882 = PLANE ( 'NONE',  #6390 ) ;
#8883 = LINE ( 'NONE', #6748, #7170 ) ;
#8884 = VERTEX_POINT ( 'NONE', #9046 ) ;
#8885 = CIRCLE ( 'NONE', #1127, 0.1250000000000003331 ) ;
#8886 =( NAMED_UNIT ( * ) PLANE_ANGLE_UNIT ( ) SI_UNIT ( $, .RADIAN. ) );
#8887 = VERTEX_POINT ( 'NONE', #4019 ) ;
#8888 = FILL_AREA_STYLE_COLOUR ( '', #7110 ) ;
#8889 = VERTEX_POINT ( 'NONE', #1238 ) ;
#8890 = ORIENTED_EDGE ( 'NONE', *, *, #7730, .T. ) ;
#8891 =( LENGTH_UNIT ( ) NAMED_UNIT ( * ) SI_UNIT ( .MILLI., .METRE. ) );
#8892 = VECTOR ( 'NONE', #8876, 1000.000000000000000 ) ;
#8893 = MECHANICAL_DESIGN_GEOMETRIC_PRESENTATION_REPRESENTATION (  '', ( #4392 ), #6819 ) ;
#8894 = VERTEX_POINT ( 'NONE', #8301 ) ;
#8895 = EDGE_CURVE ( 'NONE', #6171, #9236, #1881, .T. ) ;
#8896 = CARTESIAN_POINT ( 'NONE',  ( -1.430000000000000160, -0.3605551275463988459, 0.4999999999999898415 ) ) ;
#8897 = PLANE ( 'NONE',  #1622 ) ;
#8898 = ADVANCED_FACE ( 'NONE', ( #1142 ), #2472, .T. ) ;
#8899 = CARTESIAN_POINT ( 'NONE',  ( 0.000000000000000000, 0.08000000000000000167, 0.000000000000000000 ) ) ;
#8900 = ORIENTED_EDGE ( 'NONE', *, *, #1831, .T. ) ;
#8901 = ORIENTED_EDGE ( 'NONE', *, *, #3055, .F. ) ;
#8902 = VECTOR ( 'NONE', #4352, 1000.000000000000000 ) ;
#8903 = SURFACE_STYLE_FILL_AREA ( #3976 ) ;
#8904 = VERTEX_POINT ( 'NONE', #9143 ) ;
#8905 = ADVANCED_FACE ( 'NONE', ( #9185 ), #4953, .F. ) ;
#8907 = PLANE ( 'NONE',  #2162 ) ;
#8906 = VECTOR ( 'NONE', #7052, 1000.000000000000000 ) ;
#8908 = LINE ( 'NONE', #3843, #6610 ) ;
#8909 = VECTOR ( 'NONE', #7501, 1000.000000000000000 ) ;
#8910 =( GEOMETRIC_REPRESENTATION_CONTEXT ( 3 ) GLOBAL_UNCERTAINTY_ASSIGNED_CONTEXT ( ( #4740 ) ) GLOBAL_UNIT_ASSIGNED_CONTEXT ( ( #3782, #849, #4341 ) ) REPRESENTATION_CONTEXT ( 'NONE', 'WORKASPACE' ) );
#8911 = DIRECTION ( 'NONE',  ( 0.000000000000000000, 0.000000000000000000, -1.000000000000000000 ) ) ;
#8912 = ORIENTED_EDGE ( 'NONE', *, *, #3764, .T. ) ;
#8913 = VERTEX_POINT ( 'NONE', #3505 ) ;
#8914 = EDGE_CURVE ( 'NONE', #8673, #1849, #4907, .T. ) ;
#8915 = EDGE_CURVE ( 'NONE', #5737, #123, #7126, .T. ) ;
#8916 = DIRECTION ( 'NONE',  ( 0.000000000000000000, 0.000000000000000000, 1.000000000000000000 ) ) ;
#8917 = ORIENTED_EDGE ( 'NONE', *, *, #8358, .F. ) ;
#8918 = VERTEX_POINT ( 'NONE', #2045 ) ;
#8919 = EDGE_CURVE ( 'NONE', #1834, #4429, #4022, .T. ) ;
#8920 = DIRECTION ( 'NONE',  ( 0.000000000000000000, 0.000000000000000000, 1.000000000000000000 ) ) ;
#8921 = UNCERTAINTY_MEASURE_WITH_UNIT (LENGTH_MEASURE( 1.000000000000000082E-05 ), #3351, 'distance_accuracy_value', 'NONE');
#8922 = DIRECTION ( 'NONE',  ( -0.000000000000000000, 1.000000000000000000, -0.000000000000000000 ) ) ;
#8923 = DIRECTION ( 'NONE',  ( -1.000000000000000000, 0.000000000000000000, 0.000000000000000000 ) ) ;
#8924 = LINE ( 'NONE', #274, #7347 ) ;
#8925 = EDGE_CURVE ( 'NONE', #4958, #3278, #7865, .T. ) ;
#8926 = EDGE_CURVE ( 'NONE', #2870, #7093, #5653, .T. ) ;
#8927 = DIRECTION ( 'NONE',  ( 0.000000000000000000, -1.000000000000000000, 0.000000000000000000 ) ) ;
#8928 = LINE ( 'NONE', #4661, #4166 ) ;
#8929 = DIRECTION ( 'NONE',  ( 1.000000000000000000, 0.000000000000000000, 0.000000000000000000 ) ) ;
#8930 = EDGE_LOOP ( 'NONE', ( #53, #5783, #7908, #122, #3288 ) ) ;
#8931 = EDGE_LOOP ( 'NONE', ( #6905, #4864, #7680, #5888 ) ) ;
#8932 = PLANE ( 'NONE',  #1589 ) ;
#8933 = PRESENTATION_STYLE_ASSIGNMENT (( #480 ) ) ;
#8934 = ORIENTED_EDGE ( 'NONE', *, *, #2961, .F. ) ;
#8935 = SURFACE_SIDE_STYLE ('',( #3265 ) ) ;
#8936 = VECTOR ( 'NONE', #6540, 1000.000000000000000 ) ;
#8937 = ORIENTED_EDGE ( 'NONE', *, *, #1325, .F. ) ;
#8938 = SURFACE_STYLE_USAGE ( .BOTH. , #6082 ) ;
#8939 = EDGE_LOOP ( 'NONE', ( #1967, #5139, #3990, #2605 ) ) ;
#8940 = AXIS2_PLACEMENT_3D ( 'NONE', #6503, #4242, #9182 ) ;
#8941 = VECTOR ( 'NONE', #6221, 1000.000000000000000 ) ;
#8942 = PLANE ( 'NONE',  #918 ) ;
#8943 = ORIENTED_EDGE ( 'NONE', *, *, #5474, .F. ) ;
#8944 = DIRECTION ( 'NONE',  ( -1.000000000000000000, 0.000000000000000000, 0.000000000000000000 ) ) ;
#8945 = PRESENTATION_STYLE_ASSIGNMENT (( #6087 ) ) ;
#8946 = CARTESIAN_POINT ( 'NONE',  ( 1.130000000000008997, 0.08000000000000000167, -0.4999999999999898415 ) ) ;
#8947 = ORIENTED_EDGE ( 'NONE', *, *, #6704, .T. ) ;
#8948 = ORIENTED_EDGE ( 'NONE', *, *, #4331, .T. ) ;
#8949 = VECTOR ( 'NONE', #915, 1000.000000000000000 ) ;
#8950 = SURFACE_STYLE_USAGE ( .BOTH. , #3230 ) ;
#8951 = ORIENTED_EDGE ( 'NONE', *, *, #913, .T. ) ;
#8952 = STYLED_ITEM ( 'NONE', ( #8933 ), #6623 ) ;
#8953 = ORIENTED_EDGE ( 'NONE', *, *, #7715, .F. ) ;
#8954 = PLANE ( 'NONE',  #6558 ) ;
#8955 = STYLED_ITEM ( 'NONE', ( #4052 ), #2677 ) ;
#8956 = LINE ( 'NONE', #1244, #7277 ) ;
#8957 = LINE ( 'NONE', #1006, #1226 ) ;
#8958 = CARTESIAN_POINT ( 'NONE',  ( 1.430000000000000160, 0.000000000000000000, -0.2999999999999898859 ) ) ;
#8959 = ORIENTED_EDGE ( 'NONE', *, *, #1302, .T. ) ;
#8960 = VECTOR ( 'NONE', #3618, 1000.000000000000000 ) ;
#8961 = DIRECTION ( 'NONE',  ( 0.000000000000000000, 0.000000000000000000, -1.000000000000000000 ) ) ;
#8962 = CARTESIAN_POINT ( 'NONE',  ( -1.130000000000005445, 0.07999999999999998779, 0.5000000000000099920 ) ) ;
#8963 = ORIENTED_EDGE ( 'NONE', *, *, #1033, .F. ) ;
#8964 = COLOUR_RGB ( '',1.000000000000000000, 0.8117647058823529438, 0.5019607843137254832 ) ;
#8966 = STYLED_ITEM ( 'NONE', ( #2078 ), #3485 ) ;
#8965 = DIRECTION ( 'NONE',  ( -0.7071067811865536790, -0.000000000000000000, 0.7071067811865414665 ) ) ;
#8967 = VERTEX_POINT ( 'NONE', #5039 ) ;
#8968 = DIRECTION ( 'NONE',  ( -0.000000000000000000, -0.000000000000000000, -1.000000000000000000 ) ) ;
#8969 = SURFACE_SIDE_STYLE ('',( #4657 ) ) ;
#8970 = DIRECTION ( 'NONE',  ( -1.000000000000000000, 0.000000000000000000, 1.084202172485504040E-15 ) ) ;
#8971 = VECTOR ( 'NONE', #4531, 1000.000000000000000 ) ;
#8972 = LINE ( 'NONE', #4839, #2694 ) ;
#8973 = ADVANCED_FACE ( 'NONE', ( #6992 ), #6407, .T. ) ;
#8974 = CLOSED_SHELL ( 'NONE', ( #3049, #3719, #6988, #1530, #4933, #3532 ) ) ;
#8975 = EDGE_CURVE ( 'NONE', #4231, #4639, #9286, .T. ) ;
#8976 =( GEOMETRIC_REPRESENTATION_CONTEXT ( 3 ) GLOBAL_UNCERTAINTY_ASSIGNED_CONTEXT ( ( #1203 ) ) GLOBAL_UNIT_ASSIGNED_CONTEXT ( ( #5391, #1098, #4638 ) ) REPRESENTATION_CONTEXT ( 'NONE', 'WORKASPACE' ) );
#8977 = CARTESIAN_POINT ( 'NONE',  ( -0.09999999999999462097, 0.000000000000000000, -1.130000000000009219 ) ) ;
#8978 = EDGE_CURVE ( 'NONE', #3737, #8446, #7177, .T. ) ;
#8979 = ORIENTED_EDGE ( 'NONE', *, *, #1195, .F. ) ;
#8980 = VECTOR ( 'NONE', #5369, 1000.000000000000000 ) ;
#8981 = AXIS2_PLACEMENT_3D ( 'NONE', #2867, #3582, #127 ) ;
#8982 = ORIENTED_EDGE ( 'NONE', *, *, #2827, .T. ) ;
#8983 = EDGE_CURVE ( 'NONE', #3938, #351, #2842, .T. ) ;
#8984 = VECTOR ( 'NONE', #1876, 1000.000000000000000 ) ;
#8985 = LINE ( 'NONE', #479, #5160 ) ;
#8986 = SURFACE_STYLE_FILL_AREA ( #1916 ) ;
#8987 = ORIENTED_EDGE ( 'NONE', *, *, #7614, .T. ) ;
#8988 = LINE ( 'NONE', #2562, #5162 ) ;
#8989 = VERTEX_POINT ( 'NONE', #5611 ) ;
#8990 = DIRECTION ( 'NONE',  ( -1.000000000000000000, 0.000000000000000000, 0.000000000000000000 ) ) ;
#8991 = PRESENTATION_LAYER_ASSIGNMENT (  '', '', ( #4188 ) ) ;
#8992 = VECTOR ( 'NONE', #1536, 1000.000000000000000 ) ;
#8993 = EDGE_LOOP ( 'NONE', ( #8465, #1413, #2753, #3338 ) ) ;
#8994 = VERTEX_POINT ( 'NONE', #7781 ) ;
#8995 =( NAMED_UNIT ( * ) SI_UNIT ( $, .STERADIAN. ) SOLID_ANGLE_UNIT ( ) );
#8996 = EDGE_LOOP ( 'NONE', ( #5894, #4230, #4203, #6301, #8947 ) ) ;
#8997 = DIRECTION ( 'NONE',  ( 0.000000000000000000, -0.000000000000000000, -1.000000000000000000 ) ) ;
#8998 = LINE ( 'NONE', #2041, #8772 ) ;
#8999 = VERTEX_POINT ( 'NONE', #5699 ) ;
#9000 = COLOUR_RGB ( '',1.000000000000000000, 0.8117647058823529438, 0.5019607843137254832 ) ;
#9001 = CARTESIAN_POINT ( 'NONE',  ( -1.499999999999999556, 0.5005948168962619516, -0.8999999999999896971 ) ) ;
#9002 = CARTESIAN_POINT ( 'NONE',  ( -1.230000000000011973, -1.084202172485504434E-16, -1.099999999999989875 ) ) ;
#9003 = ORIENTED_EDGE ( 'NONE', *, *, #2456, .T. ) ;
#9004 = CARTESIAN_POINT ( 'NONE',  ( 0.1000000000000052514, 0.000000000000000000, -1.500000000000005995 ) ) ;
#9005 = EDGE_LOOP ( 'NONE', ( #7002, #5029, #4013, #6192 ) ) ;
#9006 = ORIENTED_EDGE ( 'NONE', *, *, #1020, .T. ) ;
#9007 = CARTESIAN_POINT ( 'NONE',  ( -1.499999999999999556, 0.000000000000000000, -0.8999999999999896971 ) ) ;
#9008 = CARTESIAN_POINT ( 'NONE',  ( 0.5000000000000052180, 0.5005948168962619516, -1.500000000000003331 ) ) ;
#9009 = ORIENTED_EDGE ( 'NONE', *, *, #3936, .T. ) ;
#9010 = DIRECTION ( 'NONE',  ( 1.084202172485503448E-15, 0.000000000000000000, -1.000000000000000000 ) ) ;
#9011 = LINE ( 'NONE', #2674, #1957 ) ;
#9012 = EDGE_LOOP ( 'NONE', ( #7750, #8057, #481, #1152 ) ) ;
#9013 = CARTESIAN_POINT ( 'NONE',  ( -1.129999999999999893, 0.07999999999999998779, -0.8999999999999896971 ) ) ;
#9014 = ORIENTED_EDGE ( 'NONE', *, *, #1010, .F. ) ;
#9015 = LINE ( 'NONE', #2021, #7267 ) ;
#9016 = ORIENTED_EDGE ( 'NONE', *, *, #8515, .T. ) ;
#9017 = CARTESIAN_POINT ( 'NONE',  ( -1.430000000000000160, 0.000000000000000000, 1.099999999999989875 ) ) ;
#9018 = ADVANCED_FACE ( 'NONE', ( #8563 ), #2130, .F. ) ;
#9019 = LINE ( 'NONE', #8874, #1650 ) ;
#9020 = DIRECTION ( 'NONE',  ( 1.084202172485504040E-15, 0.000000000000000000, 1.000000000000000000 ) ) ;
#9021 = DIRECTION ( 'NONE',  ( 0.000000000000000000, 0.000000000000000000, -1.000000000000000000 ) ) ;
#9022 = EDGE_CURVE ( 'NONE', #56, #9041, #1504, .T. ) ;
#9023 = PLANE ( 'NONE',  #2654 ) ;
#9024 = FILL_AREA_STYLE ('',( #6161 ) ) ;
#9025 = CARTESIAN_POINT ( 'NONE',  ( 0.3000000000000051514, 0.5005948168962619516, 1.130000000000015881 ) ) ;
#9026 =( LENGTH_UNIT ( ) NAMED_UNIT ( * ) SI_UNIT ( .MILLI., .METRE. ) );
#9027 = ORIENTED_EDGE ( 'NONE', *, *, #6630, .T. ) ;
#9028 = ORIENTED_EDGE ( 'NONE', *, *, #5183, .F. ) ;
#9029 = DIRECTION ( 'NONE',  ( 0.000000000000000000, -1.000000000000000000, 0.000000000000000000 ) ) ;
#9030 = EDGE_CURVE ( 'NONE', #3903, #8265, #3826, .T. ) ;
#9031 = ORIENTED_EDGE ( 'NONE', *, *, #6394, .T. ) ;
#9032 = CARTESIAN_POINT ( 'NONE',  ( -0.09999999999999473199, 0.000000000000000000, -1.430000000000000382 ) ) ;
#9033 =( LENGTH_UNIT ( ) NAMED_UNIT ( * ) SI_UNIT ( .MILLI., .METRE. ) );
#9034 = ORIENTED_EDGE ( 'NONE', *, *, #529, .T. ) ;
#9035 = CARTESIAN_POINT ( 'NONE',  ( 0.000000000000000000, 0.000000000000000000, 0.000000000000000000 ) ) ;
#9036 = EDGE_CURVE ( 'NONE', #3102, #3356, #2319, .T. ) ;
#9037 = SURFACE_STYLE_USAGE ( .BOTH. , #8428 ) ;
#9038 =( LENGTH_UNIT ( ) NAMED_UNIT ( * ) SI_UNIT ( .MILLI., .METRE. ) );
#9039 = EDGE_CURVE ( 'NONE', #764, #5087, #4524, .T. ) ;
#9040 = DIRECTION ( 'NONE',  ( 0.000000000000000000, 1.000000000000000000, 0.000000000000000000 ) ) ;
#9041 = VERTEX_POINT ( 'NONE', #6705 ) ;
#9042 = LINE ( 'NONE', #6944, #2093 ) ;
#9043 = CARTESIAN_POINT ( 'NONE',  ( -0.4999999999999946154, 0.000000000000000000, -1.130000000000012106 ) ) ;
#9044 = ORIENTED_EDGE ( 'NONE', *, *, #7838, .T. ) ;
#9045 = CARTESIAN_POINT ( 'NONE',  ( -0.6999999999999949596, 0.000000000000000000, 1.499999999999999778 ) ) ;
#9046 = CARTESIAN_POINT ( 'NONE',  ( -1.130000000000006777, 0.07999999999999998779, 1.000000000000010436 ) ) ;
#9047 = ORIENTED_EDGE ( 'NONE', *, *, #2774, .F. ) ;
#9048 = ORIENTED_EDGE ( 'NONE', *, *, #8129, .T. ) ;
#9049 = DIRECTION ( 'NONE',  ( 0.000000000000000000, 0.000000000000000000, 1.000000000000000000 ) ) ;
#9050 = ORIENTED_EDGE ( 'NONE', *, *, #3530, .F. ) ;
#9051 = AXIS2_PLACEMENT_3D ( 'NONE', #4496, #7377, #958 ) ;
#9052 = CARTESIAN_POINT ( 'NONE',  ( -1.130000000000010330, -0.3605551275463988459, -0.8999999999999896971 ) ) ;
#9053 = CARTESIAN_POINT ( 'NONE',  ( -1.130000000000008997, -0.3605551275463988459, 0.6999999999999899636 ) ) ;
#9054 = ORIENTED_EDGE ( 'NONE', *, *, #5520, .F. ) ;
#9055 = CARTESIAN_POINT ( 'NONE',  ( 1.130000000000010330, 0.000000000000000000, -0.9999999999999900080 ) ) ;
#9056 = VECTOR ( 'NONE', #9073, 1000.000000000000000 ) ;
#9057 = COLOUR_RGB ( '',1.000000000000000000, 0.8117647058823529438, 0.5019607843137254832 ) ;
#9058 = FACE_OUTER_BOUND ( 'NONE', #7481, .T. ) ;
#9059 = ORIENTED_EDGE ( 'NONE', *, *, #7442, .F. ) ;
#9060 = DIRECTION ( 'NONE',  ( 0.000000000000000000, 1.000000000000000000, 0.000000000000000000 ) ) ;
#9061 = UNCERTAINTY_MEASURE_WITH_UNIT (LENGTH_MEASURE( 1.000000000000000082E-05 ), #225, 'distance_accuracy_value', 'NONE');
#9062 = PLANE ( 'NONE',  #7162 ) ;
#9063 = CARTESIAN_POINT ( 'NONE',  ( 1.130000000000008997, 0.08000000000000000167, 0.3000000000000102029 ) ) ;
#9064 = AXIS2_PLACEMENT_3D ( 'NONE', #2442, #5914, #8916 ) ;
#9065 = DIRECTION ( 'NONE',  ( -1.000000000000000000, 0.000000000000000000, 0.000000000000000000 ) ) ;
#9066 = VECTOR ( 'NONE', #7914, 1000.000000000000000 ) ;
#9067 = ORIENTED_EDGE ( 'NONE', *, *, #5535, .T. ) ;
#9068 = LINE ( 'NONE', #560, #7204 ) ;
#9069 = DIRECTION ( 'NONE',  ( -0.000000000000000000, -1.000000000000000000, -0.000000000000000000 ) ) ;
#9070 = DIRECTION ( 'NONE',  ( -0.000000000000000000, -1.000000000000000000, -0.000000000000000000 ) ) ;
#9071 = CARTESIAN_POINT ( 'NONE',  ( 0.000000000000000000, 0.08000000000000000167, 0.000000000000000000 ) ) ;
#9072 = VECTOR ( 'NONE', #354, 1000.000000000000000 ) ;
#9073 = DIRECTION ( 'NONE',  ( 1.000000000000000000, 0.000000000000000000, 0.000000000000000000 ) ) ;
#9074 = FACE_OUTER_BOUND ( 'NONE', #5103, .T. ) ;
#9075 = LINE ( 'NONE', #5460, #7022 ) ;
#9076 = VERTEX_POINT ( 'NONE', #3077 ) ;
#9077 = EDGE_LOOP ( 'NONE', ( #8011, #8409, #3640, #1223 ) ) ;
#9078 = EDGE_LOOP ( 'NONE', ( #5140, #4105, #4860, #7677 ) ) ;
#9079 = DIRECTION ( 'NONE',  ( 0.000000000000000000, -1.000000000000000000, 0.000000000000000000 ) ) ;
#9080 = CARTESIAN_POINT ( 'NONE',  ( -1.430000000000000160, -0.3605551275463988459, 1.099999999999989875 ) ) ;
#9081 =( NAMED_UNIT ( * ) SI_UNIT ( $, .STERADIAN. ) SOLID_ANGLE_UNIT ( ) );
#9082 = ORIENTED_EDGE ( 'NONE', *, *, #4395, .T. ) ;
#9083 = ADVANCED_FACE ( 'NONE', ( #8704 ), #5179, .F. ) ;
#9084 = CARTESIAN_POINT ( 'NONE',  ( -1.430000000000000160, 0.08000000000000000167, -0.4999999999999898415 ) ) ;
#9085 = SURFACE_STYLE_USAGE ( .BOTH. , #3373 ) ;
#9086 = AXIS2_PLACEMENT_3D ( 'NONE', #2495, #5413, #6875 ) ;
#9087 = EDGE_CURVE ( 'NONE', #4845, #7618, #8056, .T. ) ;
#9088 = CARTESIAN_POINT ( 'NONE',  ( 1.500000000000004885, 0.07999999999999998779, 0.5000000000000099920 ) ) ;
#9089 = ORIENTED_EDGE ( 'NONE', *, *, #4222, .F. ) ;
#9090 = EDGE_LOOP ( 'NONE', ( #942, #1087, #5115, #3079 ) ) ;
#9091 = EDGE_CURVE ( 'NONE', #2277, #857, #3735, .T. ) ;
#9092 = DIRECTION ( 'NONE',  ( -0.000000000000000000, 1.000000000000000000, -0.000000000000000000 ) ) ;
#9093 = ADVANCED_FACE ( 'NONE', ( #2224 ), #87, .F. ) ;
#9094 = VECTOR ( 'NONE', #5842, 1000.000000000000000 ) ;
#9095 = EDGE_CURVE ( 'NONE', #3065, #160, #8654, .T. ) ;
#9096 = EDGE_LOOP ( 'NONE', ( #8135, #1060, #1879, #1810 ) ) ;
#9097 = ORIENTED_EDGE ( 'NONE', *, *, #6639, .T. ) ;
#9098 = CARTESIAN_POINT ( 'NONE',  ( 1.130000000000008997, 0.000000000000000000, -0.6999999999999899636 ) ) ;
#9099 = EDGE_CURVE ( 'NONE', #2009, #3493, #1545, .T. ) ;
#9100 = AXIS2_PLACEMENT_3D ( 'NONE', #8602, #8009, #6462 ) ;
#9101 = DIRECTION ( 'NONE',  ( -1.000000000000000000, 0.000000000000000000, 1.084202172485504040E-15 ) ) ;
#9102 = ORIENTED_EDGE ( 'NONE', *, *, #5064, .F. ) ;
#9103 = LINE ( 'NONE', #2626, #4194 ) ;
#9104 = EDGE_CURVE ( 'NONE', #8120, #5796, #6552, .T. ) ;
#9105 = VECTOR ( 'NONE', #5759, 1000.000000000000000 ) ;
#9106 = LINE ( 'NONE', #5404, #3596 ) ;
#9107 = AXIS2_PLACEMENT_3D ( 'NONE', #5277, #2365, #289 ) ;
#9108 = ORIENTED_EDGE ( 'NONE', *, *, #6332, .T. ) ;
#9109 = PRESENTATION_LAYER_ASSIGNMENT (  '', '', ( #4635 ) ) ;
#9110 = LINE ( 'NONE', #8669, #6351 ) ;
#9111 = CARTESIAN_POINT ( 'NONE',  ( 1.430000000000000160, -0.3605551275463988459, -0.09999999999998980538 ) ) ;
#9112 =( NAMED_UNIT ( * ) PLANE_ANGLE_UNIT ( ) SI_UNIT ( $, .RADIAN. ) );
#9113 = AXIS2_PLACEMENT_3D ( 'NONE', #7941, #1566, #3048 ) ;
#9114 = ORIENTED_EDGE ( 'NONE', *, *, #8624, .F. ) ;
#9115 = CARTESIAN_POINT ( 'NONE',  ( -1.130000000000006777, 0.000000000000000000, 0.9000000000000101252 ) ) ;
#9116 = CARTESIAN_POINT ( 'NONE',  ( 1.430000000000000160, 0.000000000000000000, 0.1000000000000101225 ) ) ;
#9117 = CARTESIAN_POINT ( 'NONE',  ( -0.4999999999999947820, 0.5005948168962619516, 1.130000000000010330 ) ) ;
#9118 = DIRECTION ( 'NONE',  ( 0.000000000000000000, 0.000000000000000000, -1.000000000000000000 ) ) ;
#9119 = DIRECTION ( 'NONE',  ( 0.000000000000000000, -1.000000000000000000, 0.000000000000000000 ) ) ;
#9120 = CARTESIAN_POINT ( 'NONE',  ( 1.230000000000011973, -0.3605551275463988459, -1.099999999999989875 ) ) ;
#9121 = DIRECTION ( 'NONE',  ( 5.860552283705431852E-16, 0.000000000000000000, -1.000000000000000000 ) ) ;
#9122 = CARTESIAN_POINT ( 'NONE',  ( 1.130000000000007443, 0.07999999999999998779, -0.2999999999999899414 ) ) ;
#9123 = EDGE_LOOP ( 'NONE', ( #3033, #5209, #3355, #8190 ) ) ;
#9124 = COLOUR_RGB ( '',1.000000000000000000, 0.8117647058823529438, 0.5019607843137254832 ) ;
#9125 = ORIENTED_EDGE ( 'NONE', *, *, #4217, .T. ) ;
#9126 = VERTEX_POINT ( 'NONE', #5846 ) ;
#9127 = VECTOR ( 'NONE', #3697, 1000.000000000000000 ) ;
#9128 = LINE ( 'NONE', #2697, #2020 ) ;
#9129 = CARTESIAN_POINT ( 'NONE',  ( -1.130000000000002780, 0.000000000000000000, -0.09999999999998984701 ) ) ;
#9130 = CARTESIAN_POINT ( 'NONE',  ( -0.8999999999999952482, 0.000000000000000000, 1.500000000000007105 ) ) ;
#9131 = SURFACE_SIDE_STYLE ('',( #5728 ) ) ;
#9132 = FILL_AREA_STYLE_COLOUR ( '', #5601 ) ;
#9133 = ORIENTED_EDGE ( 'NONE', *, *, #2838, .F. ) ;
#9134 = AXIS2_PLACEMENT_3D ( 'NONE', #7901, #3163, #3908 ) ;
#9135 = VECTOR ( 'NONE', #7033, 1000.000000000000000 ) ;
#9136 = SURFACE_STYLE_USAGE ( .BOTH. , #1921 ) ;
#9137 = CARTESIAN_POINT ( 'NONE',  ( -1.130000000000008997, -0.3605551275463988459, -0.2999999999999898859 ) ) ;
#9138 = FILL_AREA_STYLE_COLOUR ( '', #9000 ) ;
#9139 = EDGE_LOOP ( 'NONE', ( #6185, #6686 ) ) ;
#9140 = VECTOR ( 'NONE', #169, 1000.000000000000000 ) ;
#9141 = DIRECTION ( 'NONE',  ( -0.7071067811865414665, -0.000000000000000000, -0.7071067811865536790 ) ) ;
#9142 = EDGE_CURVE ( 'NONE', #8265, #3595, #2275, .T. ) ;
#9143 = CARTESIAN_POINT ( 'NONE',  ( 0.7000000000000052847, 0.000000000000000000, 1.130000000000003668 ) ) ;
#9144 = EDGE_LOOP ( 'NONE', ( #2711, #7550, #3383, #3269 ) ) ;
#9145 = EDGE_LOOP ( 'NONE', ( #5161, #5040, #4603, #1266 ) ) ;
#9146 = AXIS2_PLACEMENT_3D ( 'NONE', #7619, #606, #3445 ) ;
#9147 = CARTESIAN_POINT ( 'NONE',  ( -1.130000000000008997, -0.3605551275463988459, 0.3000000000000102029 ) ) ;
#9148 = ADVANCED_FACE ( 'NONE', ( #5376 ), #7505, .T. ) ;
#9149 = ORIENTED_EDGE ( 'NONE', *, *, #3306, .T. ) ;
#9150 = ORIENTED_EDGE ( 'NONE', *, *, #7281, .T. ) ;
#9151 = DIRECTION ( 'NONE',  ( -0.000000000000000000, -0.000000000000000000, 1.000000000000000000 ) ) ;
#9152 = MECHANICAL_DESIGN_GEOMETRIC_PRESENTATION_REPRESENTATION (  '', ( #1517 ), #2701 ) ;
#9153 = STYLED_ITEM ( 'NONE', ( #3748 ), #6326 ) ;
#9154 = EDGE_CURVE ( 'NONE', #4745, #3595, #377, .T. ) ;
#9155 = CARTESIAN_POINT ( 'NONE',  ( -1.149999999999999689, 0.9699999999999999734, -1.024999999999999911 ) ) ;
#9156 = LINE ( 'NONE', #2755, #1231 ) ;
#9157 = EDGE_CURVE ( 'NONE', #7470, #7618, #336, .T. ) ;
#9158 = ORIENTED_EDGE ( 'NONE', *, *, #1647, .T. ) ;
#9159 = DIRECTION ( 'NONE',  ( 1.000000000000000000, 0.000000000000000000, -0.000000000000000000 ) ) ;
#9160 = CARTESIAN_POINT ( 'NONE',  ( -1.099999999999994982, 0.5005948168962619516, 1.130000000000007221 ) ) ;
#9161 = VECTOR ( 'NONE', #843, 1000.000000000000000 ) ;
#9162 = EDGE_LOOP ( 'NONE', ( #1877, #981, #1321, #3579 ) ) ;
#9163 = ADVANCED_FACE ( 'NONE', ( #530 ), #6173, .F. ) ;
#9164 = DIRECTION ( 'NONE',  ( 0.000000000000000000, 0.000000000000000000, 1.000000000000000000 ) ) ;
#9165 = CARTESIAN_POINT ( 'NONE',  ( -1.230000000000011973, -0.3605551275463988459, 1.099999999999989875 ) ) ;
#9166 = CARTESIAN_POINT ( 'NONE',  ( 1.230000000000011973, 0.08000000000000000167, 1.099999999999989875 ) ) ;
#9167 = LINE ( 'NONE', #5587, #3590 ) ;
#9168 = DIRECTION ( 'NONE',  ( -0.000000000000000000, -1.000000000000000000, -0.000000000000000000 ) ) ;
#9169 = PLANE ( 'NONE',  #4460 ) ;
#9170 = PLANE ( 'NONE',  #4011 ) ;
#9171 = ORIENTED_EDGE ( 'NONE', *, *, #4963, .T. ) ;
#9172 = EDGE_LOOP ( 'NONE', ( #4043, #2092, #4888, #1092 ) ) ;
#9173 = ADVANCED_FACE ( 'NONE', ( #3217 ), #7592, .F. ) ;
#9174 = CARTESIAN_POINT ( 'NONE',  ( -0.4999999999999946154, 0.000000000000000000, -1.500000000000000222 ) ) ;
#9175 = SURFACE_SIDE_STYLE ('',( #702 ) ) ;
#9176 = DIRECTION ( 'NONE',  ( 1.000000000000000000, 0.000000000000000000, 0.000000000000000000 ) ) ;
#9177 = CARTESIAN_POINT ( 'NONE',  ( 1.230000000000003313, 0.000000000000000000, 1.100000000000010303 ) ) ;
#9178 = SURFACE_STYLE_FILL_AREA ( #3461 ) ;
#9179 =( LENGTH_UNIT ( ) NAMED_UNIT ( * ) SI_UNIT ( .MILLI., .METRE. ) );
#9180 = VERTEX_POINT ( 'NONE', #8155 ) ;
#9181 = CARTESIAN_POINT ( 'NONE',  ( -0.2999999999999948264, -0.3605551275463988459, -1.130000000000003668 ) ) ;
#9182 = DIRECTION ( 'NONE',  ( -1.000000000000000000, 0.000000000000000000, 0.000000000000000000 ) ) ;
#9183 =( LENGTH_UNIT ( ) NAMED_UNIT ( * ) SI_UNIT ( .MILLI., .METRE. ) );
#9184 = VERTEX_POINT ( 'NONE', #3919 ) ;
#9185 = FACE_OUTER_BOUND ( 'NONE', #7893, .T. ) ;
#9186 = EDGE_LOOP ( 'NONE', ( #641, #9097, #357, #8287 ) ) ;
#9187 = DIRECTION ( 'NONE',  ( 1.000000000000000000, 0.000000000000000000, 0.000000000000000000 ) ) ;
#9188 = ORIENTED_EDGE ( 'NONE', *, *, #7599, .T. ) ;
#9189 = LINE ( 'NONE', #2751, #608 ) ;
#9190 = CARTESIAN_POINT ( 'NONE',  ( -0.2999999999999948264, -0.3605551275463988459, 1.430000000000000382 ) ) ;
#9191 = ORIENTED_EDGE ( 'NONE', *, *, #8861, .T. ) ;
#9192 = EDGE_CURVE ( 'NONE', #1674, #5263, #8988, .T. ) ;
#9193 = LINE ( 'NONE', #1198, #8829 ) ;
#9194 = DIRECTION ( 'NONE',  ( 0.000000000000000000, 0.000000000000000000, -1.000000000000000000 ) ) ;
#9195 = ORIENTED_EDGE ( 'NONE', *, *, #1699, .F. ) ;
#9196 = AXIS2_PLACEMENT_3D ( 'NONE', #5901, #8856, #1748 ) ;
#9197 = PLANE ( 'NONE',  #2305 ) ;
#9198 = LINE ( 'NONE', #8362, #1333 ) ;
#9199 = EDGE_CURVE ( 'NONE', #214, #6317, #3363, .T. ) ;
#9200 = EDGE_LOOP ( 'NONE', ( #6917, #8562, #542, #6846, #7693, #2470, #9218, #7155, #3344, #4969, #7945, #4113, #4681, #1043, #5703, #6565, #2666, #5397, #1996, #7896, #1695, #2926, #4067, #387, #8530, #5613, #2732, #1940 ) ) ;
#9201 = AXIS2_PLACEMENT_3D ( 'NONE', #1910, #4706, #5458 ) ;
#9202 = EDGE_CURVE ( 'NONE', #1849, #1137, #1229, .T. ) ;
#9204 = PRESENTATION_LAYER_ASSIGNMENT (  '', '', ( #6053 ) ) ;
#9203 = DIRECTION ( 'NONE',  ( 0.000000000000000000, 0.000000000000000000, 1.000000000000000000 ) ) ;
#9205 = COLOUR_RGB ( '',1.000000000000000000, 0.8117647058823529438, 0.5019607843137254832 ) ;
#9206 = SURFACE_STYLE_FILL_AREA ( #1472 ) ;
#9207 = FILL_AREA_STYLE ('',( #4226 ) ) ;
#9208 = VECTOR ( 'NONE', #6106, 1000.000000000000000 ) ;
#9209 = DIRECTION ( 'NONE',  ( 0.000000000000000000, 0.000000000000000000, 1.000000000000000000 ) ) ;
#9210 = FACE_OUTER_BOUND ( 'NONE', #2474, .T. ) ;
#9211 = ADVANCED_FACE ( 'NONE', ( #1040 ), #1917, .F. ) ;
#9212 = EDGE_CURVE ( 'NONE', #7916, #8088, #7455, .T. ) ;
#9213 = EDGE_CURVE ( 'NONE', #8894, #3325, #6080, .T. ) ;
#9214 = CARTESIAN_POINT ( 'NONE',  ( -0.7000000000000052847, 0.08000000000000000167, -1.430000000000000382 ) ) ;
#9215 = ORIENTED_EDGE ( 'NONE', *, *, #1600, .F. ) ;
#9216 = ADVANCED_FACE ( 'NONE', ( #6214 ), #6891, .F. ) ;
#9217 = STYLED_ITEM ( 'NONE', ( #6969 ), #255 ) ;
#9218 = ORIENTED_EDGE ( 'NONE', *, *, #2075, .T. ) ;
#9219 = EDGE_CURVE ( 'NONE', #4301, #2177, #2736, .T. ) ;
#9220 = VECTOR ( 'NONE', #8485, 1000.000000000000000 ) ;
#9221 = LINE ( 'NONE', #2076, #7282 ) ;
#9222 = DIRECTION ( 'NONE',  ( 1.000000000000000000, 0.000000000000000000, 0.000000000000000000 ) ) ;
#9223 = ADVANCED_FACE ( 'NONE', ( #4280 ), #1269, .F. ) ;
#9224 = VECTOR ( 'NONE', #3670, 1000.000000000000000 ) ;
#9225 = FILL_AREA_STYLE ('',( #2121 ) ) ;
#9226 = DIRECTION ( 'NONE',  ( 0.000000000000000000, 0.000000000000000000, 1.000000000000000000 ) ) ;
#9227 = SURFACE_SIDE_STYLE ('',( #2123 ) ) ;
#9228 = VERTEX_POINT ( 'NONE', #622 ) ;
#9229 = ORIENTED_EDGE ( 'NONE', *, *, #102, .T. ) ;
#9230 = PRESENTATION_LAYER_ASSIGNMENT (  '', '', ( #3977 ) ) ;
#9231 = CARTESIAN_POINT ( 'NONE',  ( -0.8999999999999950262, 0.07999999999999998779, -1.130000000000014326 ) ) ;
#9232 = CARTESIAN_POINT ( 'NONE',  ( 0.000000000000000000, 0.08000000000000000167, 0.000000000000000000 ) ) ;
#9233 = ORIENTED_EDGE ( 'NONE', *, *, #350, .T. ) ;
#9234 = DIRECTION ( 'NONE',  ( 0.000000000000000000, 0.000000000000000000, 1.000000000000000000 ) ) ;
#9235 = ORIENTED_EDGE ( 'NONE', *, *, #4038, .T. ) ;
#9236 = VERTEX_POINT ( 'NONE', #3459 ) ;
#9237 = PRESENTATION_STYLE_ASSIGNMENT (( #6555 ) ) ;
#9238 = VERTEX_POINT ( 'NONE', #2002 ) ;
#9239 =( GEOMETRIC_REPRESENTATION_CONTEXT ( 3 ) GLOBAL_UNCERTAINTY_ASSIGNED_CONTEXT ( ( #134 ) ) GLOBAL_UNIT_ASSIGNED_CONTEXT ( ( #8627, #3657, #5628 ) ) REPRESENTATION_CONTEXT ( 'NONE', 'WORKASPACE' ) );
#9240 = ORIENTED_EDGE ( 'NONE', *, *, #6457, .F. ) ;
#9241 = LINE ( 'NONE', #2132, #1788 ) ;
#9242 = COLOUR_RGB ( '',1.000000000000000000, 0.8117647058823529438, 0.5019607843137254832 ) ;
#9243 = FACE_OUTER_BOUND ( 'NONE', #776, .T. ) ;
#9244 = ORIENTED_EDGE ( 'NONE', *, *, #858, .F. ) ;
#9245 = DIRECTION ( 'NONE',  ( 0.000000000000000000, 0.000000000000000000, 1.000000000000000000 ) ) ;
#9246 = FACE_OUTER_BOUND ( 'NONE', #1914, .T. ) ;
#9247 = ORIENTED_EDGE ( 'NONE', *, *, #6514, .T. ) ;
#9248 = CARTESIAN_POINT ( 'NONE',  ( -1.499999999999999778, 0.9699999999999999734, 1.499999999999999778 ) ) ;
#9249 = AXIS2_PLACEMENT_3D ( 'NONE', #3721, #5829, #181 ) ;
#9250 = ADVANCED_FACE ( 'NONE', ( #7727 ), #7814, .F. ) ;
#9251 = DIRECTION ( 'NONE',  ( 0.000000000000000000, 0.000000000000000000, 1.000000000000000000 ) ) ;
#9252 = VECTOR ( 'NONE', #664, 1000.000000000000000 ) ;
#9253 = AXIS2_PLACEMENT_3D ( 'NONE', #1104, #3931, #6813 ) ;
#9254 = PRESENTATION_STYLE_ASSIGNMENT (( #6376 ) ) ;
#9255 = STYLED_ITEM ( 'NONE', ( #8853 ), #7222 ) ;
#9256 =( NAMED_UNIT ( * ) SI_UNIT ( $, .STERADIAN. ) SOLID_ANGLE_UNIT ( ) );
#9257 = DIRECTION ( 'NONE',  ( 0.000000000000000000, -1.000000000000000000, 0.000000000000000000 ) ) ;
#9258 = DIRECTION ( 'NONE',  ( 1.000000000000000000, 0.000000000000000000, 0.000000000000000000 ) ) ;
#9259 = EDGE_CURVE ( 'NONE', #8365, #7478, #4894, .T. ) ;
#9260 = DIRECTION ( 'NONE',  ( 1.000000000000000000, 0.000000000000000000, 0.000000000000000000 ) ) ;
#9261 = CARTESIAN_POINT ( 'NONE',  ( 0.9000000000000051292, -0.3605551275463988459, -1.430000000000000382 ) ) ;
#9262 = VECTOR ( 'NONE', #6256, 1000.000000000000000 ) ;
#9263 = VERTEX_POINT ( 'NONE', #6445 ) ;
#9264 = LINE ( 'NONE', #7895, #1661 ) ;
#9265 = VERTEX_POINT ( 'NONE', #9130 ) ;
#9266 = EDGE_CURVE ( 'NONE', #1826, #3379, #2647, .T. ) ;
#9267 =( NAMED_UNIT ( * ) SI_UNIT ( $, .STERADIAN. ) SOLID_ANGLE_UNIT ( ) );
#9268 = DIRECTION ( 'NONE',  ( 0.000000000000000000, 1.000000000000000000, 0.000000000000000000 ) ) ;
#9269 = DIRECTION ( 'NONE',  ( 0.000000000000000000, -1.000000000000000000, 0.000000000000000000 ) ) ;
#9270 = UNCERTAINTY_MEASURE_WITH_UNIT (LENGTH_MEASURE( 1.000000000000000082E-05 ), #2013, 'distance_accuracy_value', 'NONE');
#9271 = DIRECTION ( 'NONE',  ( 1.000000000000000000, 0.000000000000000000, 0.000000000000000000 ) ) ;
#9272 = AXIS2_PLACEMENT_3D ( 'NONE', #2353, #370, #4469 ) ;
#9273 = DIRECTION ( 'NONE',  ( -1.000000000000000000, 0.000000000000000000, 0.000000000000000000 ) ) ;
#9274 =( NAMED_UNIT ( * ) SI_UNIT ( $, .STERADIAN. ) SOLID_ANGLE_UNIT ( ) );
#9275 = ORIENTED_EDGE ( 'NONE', *, *, #3520, .F. ) ;
#9276 = ORIENTED_EDGE ( 'NONE', *, *, #8861, .F. ) ;
#9277 = EDGE_CURVE ( 'NONE', #8871, #4954, #8383, .T. ) ;
#9278 = STYLED_ITEM ( 'NONE', ( #8524 ), #8973 ) ;
#9279 = VECTOR ( 'NONE', #2307, 1000.000000000000000 ) ;
#9280 = LINE ( 'NONE', #1313, #5678 ) ;
#9281 = PRESENTATION_LAYER_ASSIGNMENT (  '', '', ( #3283 ) ) ;
#9282 = LINE ( 'NONE', #2839, #4441 ) ;
#9283 = FILL_AREA_STYLE_COLOUR ( '', #2402 ) ;
#9284 = VERTEX_POINT ( 'NONE', #4102 ) ;
#9285 =( NAMED_UNIT ( * ) PLANE_ANGLE_UNIT ( ) SI_UNIT ( $, .RADIAN. ) );
#9286 = LINE ( 'NONE', #635, #7725 ) ;
#9287 = COLOUR_RGB ( '',1.000000000000000000, 0.8117647058823529438, 0.5019607843137254832 ) ;
#9288 = ORIENTED_EDGE ( 'NONE', *, *, #1259, .F. ) ;
#9289 = VERTEX_POINT ( 'NONE', #5562 ) ;
#9290 = VECTOR ( 'NONE', #8691, 1000.000000000000000 ) ;
#9291 = EDGE_LOOP ( 'NONE', ( #7119, #8116, #7294, #2091 ) ) ;
#9292 = EDGE_LOOP ( 'NONE', ( #7967, #3178, #2176, #4775, #1645 ) ) ;
#9293 = DIRECTION ( 'NONE',  ( -1.000000000000000000, 0.000000000000000000, 0.000000000000000000 ) ) ;
ENDSEC;
END-ISO-10303-21;
